1.38498554534,0.891051541399,3.23209593206,3.46459369515,27.1255618785,5.03465822063
1.17712455269,0.912271911438,3.45359936658,3.35222445988,31.2667197108,4.36287977106
1.19174524118,0.771269029506,3.41499180521,4.00536260743,31.9476805483,5.15079707416
1.17139843563,0.948381523639,3.37924135993,4.48281585389,33.5827697196,6.01303449139
1.17481360072,1.15177923348,3.39917751175,5.79254908759,33.7231119293,6.69638104754
1.31675637482,1.15256809766,3.34357050489,5.81272467682,31.7845656686,6.78857376822
1.26987292226,1.20553290168,2.94517546705,5.79726967084,28.3024840141,6.51899996772
1.28958061894,1.36463020256,2.8015763763,5.57481861513,26.9909596141,6.29679410604
1.16248206645,1.36760663065,2.1282225407,5.349325211,21.3812368444,6.52246615364
1.15937453139,1.31269454091,1.72172812486,5.52712546759,14.9752862458,6.83983947001
1.12015745305,1.24193775067,1.73780944338,5.58664529637,13.4808393081,6.23935678802
1.13632083948,1.0531479295,1.72980518888,5.26347999849,9.42599832735,5.19794174803
1.15141112943,0.819387202721,1.71211935157,4.20892814141,9.55799034362,4.42521121581
0.942364923888,0.829367641535,1.5402250013,4.36820617306,11.1431079504,4.42068647885
0.920337237292,0.773918540144,1.53299089038,4.49549212874,13.2141545912,4.23237166107
0.750881107586,0.477076674039,1.60019886104,5.02161652288,15.1398884714,4.00964110244
0.732828093086,0.469401148081,1.59782968926,5.7850649098,17.1944886616,3.48435280947
0.723423834755,0.440618709316,1.68102976242,6.03113455516,18.4162527146,2.98574535106
0.694861753702,0.426782656353,1.64434838901,6.00490288156,18.5719488989,2.9477214094
0.667434746919,0.427418239451,1.67959095358,6.03713760587,19.8757370882,2.92089315466
0.652040687805,0.428758331848,1.80180765861,5.92713935682,21.8649369962,2.67129152236
0.772955802827,0.409187873328,1.87358761083,6.26600443931,22.1568667182,2.63188972
0.805019979769,0.375816899987,2.1972238764,6.42694233026,23.2771158087,2.79582697319
0.832835418066,0.406869190058,2.18152566573,6.2268025417,22.6307607855,2.81245565926
1.01017889086,0.580438815486,2.29456994363,5.58216057234,22.8589298125,4.16029344848
1.04677662726,0.624992095149,2.37770962182,5.62713993764,22.9119191069,4.18933125196
1.06686358341,0.628570980763,2.37352135129,5.48869606041,23.186180343,4.38654965449
1.04575136262,0.622954970835,2.37816816185,5.57162796627,22.5208385898,4.36748712015
1.03753373303,0.652674219742,2.34337782018,5.38256664044,21.2582502694,4.388268962
0.986722419717,0.668016051219,2.43553752817,4.82931299604,21.8362916563,4.4681148294
1.01510698114,0.69172200652,2.38450336387,4.62770430545,21.8706306644,4.35308415364
0.974806454488,0.661751605038,2.63696989371,4.39580960978,22.9665620023,5.59729560898
0.821381890116,0.537247092415,2.55630875079,4.34074429536,21.4413186902,5.39145446706
0.803873835763,0.483966608111,2.48071389966,3.74674319689,21.08557038,5.59260583867
0.829936857014,0.609411604596,2.84548163763,6.00588925122,22.569018529,5.74791441559
1.08549291402,0.666291283273,3.43266687529,7.77324188763,23.1113496771,6.49122973979
1.47493092593,0.669117108549,3.8265254677,8.93444251326,23.045764988,7.01439949499
1.65845524845,0.740826579445,3.97188397127,9.07879119465,21.8604196214,7.10570348102
1.64106761669,0.695622934269,3.85827910142,9.10414741408,20.1329041293,7.14904148147
1.65215784151,0.707423250968,3.76900074226,9.03146115052,21.2852488954,6.47472369239
1.67095458268,0.711983443015,3.75455551129,9.05667089784,22.3294279282,6.08891861892
1.67093769398,0.738053472475,3.71004355991,9.00217837668,21.8405796409,5.86545605962
1.6480581448,0.633069187169,3.42464014091,7.63423596194,20.0923589099,5.74312648543
1.48422468321,0.578647780632,2.77662088853,5.86584647437,19.0170202746,5.10657066327
1.10487819333,0.533006040544,2.15003948136,3.95259741268,18.642631422,4.33097455177
0.736164142085,0.414837332509,1.61728397423,3.50979365819,18.7903596447,4.00459907218
0.708691727802,0.420573208784,1.51791600451,3.39201898845,18.7116538904,3.98508074936
0.672412915995,0.37223689634,1.08166141778,3.37897157933,15.5361019322,3.67381545856
0.575381799703,0.320575434998,0.972229459574,3.29131195447,14.4141890651,3.43235436862
0.596836147694,0.42547184528,1.38668654353,3.89702910809,18.169121837,3.59591999904
0.772082874245,0.487082470248,1.69221813987,3.67729048227,20.4434923535,3.29456448793
0.791918484214,0.50237084488,1.73909237968,3.37121253657,21.078060165,2.94857109815
0.771754657468,0.50902594808,1.85574163202,3.27462364594,21.895422818,2.81155998636
0.803870682571,0.512536462798,2.06708017193,3.28964706331,23.6392835447,3.71232583926
0.780091790832,0.513960030672,2.09763342593,3.64149273869,24.1144443118,4.05523596825
0.797581590651,0.581286943019,2.08735782929,3.84330392858,24.0480280084,4.31147418624
0.843377530589,0.592233079102,2.11067772442,3.803641657,23.6479759939,4.69435552147
0.822607809144,0.607918991148,1.85225855686,3.08688866157,20.6057268737,4.77942645338
0.799252504022,0.607919397951,1.64795667771,3.09022171425,18.1372604073,5.68942496917
0.811196287196,0.650294819344,1.70516395597,3.10096872017,17.4134260896,6.21948822636
0.90000856205,0.684636156893,1.97263987184,3.28484774326,18.3243033827,7.01813098622
0.896208793807,0.676305142062,1.87361496341,3.43126682497,16.6001147672,6.77768720693
0.967904974746,0.669675030442,2.09921582805,3.5847243037,17.6512878043,6.79184741436
1.05242234478,0.612222294431,2.3249393314,3.83455529379,19.0654502543,6.78668014069
1.09382482686,0.627172206908,2.31838272279,3.93390400665,19.4067535222,6.55707596447
1.08207126725,0.541215247406,2.34686434462,4.07580883653,19.9951442411,6.47687153939
1.05905960189,0.524228909964,2.3266145632,3.9566406146,19.9321593171,5.81341115513
1.12436708947,0.472210474022,2.3312047959,3.99657342042,20.0123683927,5.29987936952
1.06303048805,0.444883649452,2.00072870782,3.88359281115,18.4572727884,4.20427070446
1.03359743658,0.44173769154,1.91512300606,3.73152401274,18.335491558,3.99924617245
0.959152901366,0.517236090903,1.66082092906,3.0808008812,16.7117207437,3.8201554662
0.86854745724,0.587708542871,1.48945832144,2.47969632578,15.3416071676,3.42116852911
0.792080550905,0.586934788922,1.7677658625,3.68483182086,16.3397793459,3.29774100639
0.898593576259,0.595248940497,2.20258076062,4.64271193008,18.1550887431,3.05094376945
0.950484243238,0.651137674702,2.37678670688,5.55093857173,20.2067077792,3.61403077536
0.842758772325,0.737293910261,2.31225924734,5.69328640709,19.9625687864,4.2594896679
0.870609098747,0.72946300156,2.31418173949,5.70021055864,19.3910345959,4.74745234919
0.915335107239,0.734897573357,2.30760293138,5.70676943138,18.4147358819,4.64312085679
0.925506700137,0.687931141488,2.26955911128,5.74569575706,18.0545528868,4.43321053611
0.934683581667,0.629046783723,2.24494542048,5.75033901206,18.2654519588,4.54755751256
0.918142363992,0.602473784444,2.02669725085,4.93079983243,16.9688924175,4.66771895932
0.805211439304,0.564585324283,1.49456639497,4.07496485677,15.0988667342,4.73285851281
0.617686899062,0.480044116794,1.18203670419,2.66571759077,13.9371391239,4.08094988379
0.652905362415,0.32090932069,1.24775180907,2.3358007021,16.5585050284,3.45984516835
0.612251394013,0.286912269136,1.20949943492,2.30479714387,17.6954700447,3.08875902313
0.546667078211,0.296609827442,1.1297042608,2.26957050354,17.763302767,3.24549597515
0.534939178022,0.310506203303,1.12923561825,2.46166526422,18.5706945843,3.40720040199
0.536808533478,0.314509949087,0.969607608263,2.49403776313,18.8572593272,3.1017041466
0.542551376255,0.419722737657,0.896876279803,2.83432395596,20.2319889591,3.00502031363
0.702006182211,0.962073338941,1.09116889494,2.92610470119,20.9685322564,3.2480857683
0.686974215105,0.979914691274,1.2356327313,3.05872526737,20.37296693,3.29038097825
0.656466057541,1.00328734711,1.15249731064,2.97365669095,18.0115555271,3.14964904671
0.64820256657,1.08490019727,1.3552641345,3.06642926271,16.4350319608,2.75238982128
0.972012245086,1.19089879871,1.56768668027,3.37886370216,16.3385558183,4.00976839392
1.28589210039,1.19555174152,1.89480336303,4.06304475208,14.879466958,4.99091175476
1.38066815054,1.31958297621,2.10219657467,4.56475392824,14.2788706639,5.06409725905
1.36917164128,1.28929643946,2.09972414475,4.98586726396,12.9108023552,5.32090446599
1.28547356152,1.01337019436,1.98645532352,5.25933481984,11.749504828,5.54061794988
1.32611291613,1.18879058371,1.97247771842,5.20699907833,11.336059962,5.63347958725
1.37630685796,1.16758453304,2.03534058388,5.2823506334,12.1130040982,5.68186340925
1.41709089228,1.1040899479,1.99004710412,5.24430310569,12.6839071923,5.84377907929
1.23574982534,1.00933825225,1.9063216737,5.7289190126,14.9026144087,5.12816995143
1.00348568326,1.08868394772,1.89653905273,7.09659757529,17.9775831811,4.18442397075
1.04129090697,0.949145268005,1.74672180333,7.07766249807,18.2485923111,4.27809556205
1.05832172544,0.973516949848,1.9879268951,7.45295515709,17.5790866807,4.2927612519
1.3057369098,0.916192091076,2.33922226437,7.41014272634,16.8060570043,3.76522360335
1.28798409689,0.696028353787,2.59231280629,7.56119678839,16.5167054103,4.18666129066
1.80316363353,0.755406982587,3.09128176615,8.32343506846,16.0236275506,5.29788633803
2.12917898856,0.880777876494,3.44617857462,9.22418465201,16.3771355936,5.70179832343
2.12917021172,0.974764690782,3.4529241543,8.88885536377,16.568316698,5.94298930875
2.09373556358,0.88250216598,3.35592491014,7.42274081317,14.9917298181,5.82797262429
2.02613494135,0.876379674812,3.3921078168,7.17130179246,15.2251785026,5.70985840762
2.01704473824,0.849951399866,3.30379109086,6.41487404947,18.2084451206,6.17312637619
1.9064799326,0.960960302121,3.21845344671,6.27827811314,21.0373329441,6.41311578616
1.9402671922,0.990916901399,2.94898687584,6.16846613907,20.9598212733,6.38240471032
1.42570720087,1.02269893276,2.36193630947,5.02764990512,21.1111881791,5.4816086941
0.79563079812,0.902145818263,1.72735162183,3.04799501518,21.0814935537,5.07492375939
0.785702665244,0.772995577955,1.71300475406,2.89032528956,19.8296280713,4.65153005682
0.771109942884,0.767846480949,1.75208724328,3.17004912386,19.3802500983,4.65256125095
0.706850743947,0.792536574149,1.75199491194,3.3167567593,19.9523415678,4.76272489717
0.696621554065,0.797109809339,1.72626062225,3.68822169108,19.0490405859,3.85430050173
0.589157981773,0.691182667711,1.4966401225,3.43300840808,17.5358246842,3.32939384948
0.432756267272,0.74475115024,1.48705831057,3.3275410297,18.6580360465,3.232717956
0.546346558518,0.76277038886,1.63585330219,3.44456390181,18.8928570547,3.30190318267
0.738381262675,0.763337675131,1.7365024545,3.40251695606,18.6326831026,3.21660386013
0.783053281363,0.768840340375,1.75650382922,3.53867845781,19.1240846398,3.16510902494
0.778154910628,0.793310621728,1.61126863218,3.31850226096,18.8307972538,3.65987423367
0.78248465671,0.758099940879,1.49363455881,3.08272012413,17.6733184714,3.73466015018
0.786793496917,0.762957097856,1.53687325943,2.4576615118,16.608274343,4.4340382302
0.89579303105,0.741702432862,1.62833539033,2.28312639916,16.3692897894,4.67704730909
0.889745317707,0.631561888159,1.7200245655,2.56177730141,15.9165736561,4.36004056076
0.880498006116,0.46052651918,1.72810034366,2.80519219294,17.2661611899,4.72416273377
0.730085536408,0.48394243824,1.88699628956,2.97231804547,19.1911104366,5.09847807546
0.68895299133,0.561125588791,2.119329792,3.24328063602,20.6840901436,5.15138651594
0.70669046472,0.543133365303,2.22323763552,3.29797098988,21.0782344289,4.99736674856
0.720011937091,0.681674609957,2.28597602669,3.23058773684,21.5107538258,5.28976431339
0.727988503859,0.680774668003,2.27501591057,3.25177826239,21.3036129583,4.70302152609
0.585507492573,0.699128188663,2.21318669673,3.31618890627,20.4786078328,4.65994556375
0.639817297498,0.702804946398,2.27000383835,3.25364626209,21.1723780565,5.08299256637
0.713482511164,0.711248771871,2.29705216874,3.46050500368,21.3054420852,4.92866731627
0.745951900164,0.703348638559,2.08322855276,3.41958066894,20.2421749843,4.42216314274
0.825218565386,0.639321067429,1.86616369086,3.2472495747,19.510481441,4.58831434645
0.836499903827,0.624793662186,1.78134348947,3.42170815537,19.5199166844,4.47959194732
0.829056368497,0.489075240338,1.74654064824,3.98493357989,19.7216324542,4.42036483028
0.962991944366,0.471619347568,1.81573308763,5.28667154467,21.2079006951,6.02568155571
1.2497298807,0.641908392118,2.11794177206,5.46614625816,24.3577899771,6.87350102827
1.28092994373,0.89756498674,2.0291455432,5.58068153468,23.3765535707,6.97451837441
1.24966399518,0.891581715389,1.90636004877,5.2815288344,21.8799325747,7.14284082598
1.28385408164,0.884784511328,1.92417603968,5.24617206323,21.1720392087,7.45706187427
1.22844037512,0.881306904644,1.85526251268,5.11167856357,20.590679934,7.63028113803
1.22666534946,0.881890933823,1.81431756307,5.04200934921,20.5237594314,7.8220933678
1.22935802812,1.04159537336,1.7316804102,4.8075434559,20.5121929329,7.5657163492
1.18289317329,1.1049442627,1.59022846417,3.29299175116,19.3191581236,6.46291435326
0.917399315228,1.07190155654,1.04047169235,3.91822417388,18.0969105843,5.48415907061
0.83899408152,1.21061987268,0.991715660208,3.78903059923,19.0811036728,4.9916439085
0.804282396651,1.30094658993,0.929069982119,3.71720716942,19.1838560441,4.79599886081
0.737547342404,1.30362686761,0.890874217855,3.93459277364,19.2744069121,4.72361359481
0.736513666634,1.32120791603,0.81573068471,4.16678747107,18.6050726024,4.37841067273
0.701057219245,1.33327073656,0.839689544117,4.56358386073,17.9998937592,4.2712563085
0.748719886492,1.20456861317,1.06642579515,4.9953418542,18.3094178954,6.03179414877
0.633484477695,1.14937810723,1.32831103156,6.1810974872,18.9669521295,5.87576782796
0.667310842182,1.10194126735,1.66052773279,6.21368416072,18.0569942599,6.27537836647
0.683183877203,0.668191060049,1.73696635653,7.14552717998,16.5247409738,6.45258007948
0.788905743684,0.475502996617,1.85295749154,7.77027787593,16.8202413533,6.7025230456
0.817751307457,0.480535493039,1.91519014635,8.13911979254,16.6252603579,6.7845994455
0.905359607577,0.434465256072,2.00548773896,8.4122436926,17.031175056,6.79537635575
0.947133025712,0.388468783152,2.09015366362,8.38368990417,17.7105719593,6.87779652976
0.959776738238,0.412024904355,2.10601052802,8.19640805628,17.3465418448,5.55707870214
1.07213890678,0.474608746042,2.09597008746,7.39370269219,17.2087996756,5.64359471571
1.12463085658,0.464760178293,1.94785607492,6.93519223981,16.038202659,5.22737888983
1.12815022498,0.466877376198,1.9063210435,5.91573703122,16.9151996022,5.05527926179
1.03520064601,0.454512556834,1.79709412793,5.1225993909,17.3175075644,4.4865545243
0.986176048955,0.464360921515,1.73304461716,4.3663270188,18.362581844,4.1135525731
0.910454443296,0.495683199598,1.73318347005,3.51739313735,18.8112900446,4.7537050552
0.875619150635,0.51917550657,1.67623033912,2.8583359953,18.3576491243,4.50679655295
0.82476403826,0.498030191913,1.64876682844,2.7559150031,18.1804065613,4.3027493517
0.73510494358,0.431562092533,1.56877648605,2.96200298472,17.978468203,4.18121436416
0.636258511639,0.392344917373,1.72356705571,3.02752652967,19.2709402933,4.08220050044
0.618375888429,0.5777886357,1.84277327567,3.88316267606,21.4650680593,4.37498633512
0.667960864201,0.69074269558,1.89069547949,3.91664210675,21.3031199342,4.64778724494
0.703910525592,0.717634949214,1.95596228048,3.81158087927,20.4571929486,4.52518451509
0.711877845396,0.703233159207,1.88714237894,3.84595687271,19.3665959909,3.67459789074
0.714872640924,0.684068631277,1.87098933055,3.94482907158,19.6580775312,3.43603224188
0.87550690051,0.697473701255,2.19976492267,5.03170646766,21.5265640518,4.25459732562
1.08519126013,0.783266490279,2.40625016804,5.53064816557,22.5484504952,4.68898653112
1.06079694042,0.800405247135,2.26105505401,5.57574623547,20.6399992191,4.82831925152
1.06405927611,0.667422854532,2.11112080045,5.29247256243,17.442938145,5.11428507251
1.03392167673,0.61152009247,2.07595375512,5.32751456537,16.9476691339,5.25741852725
1.03384812722,0.625728106145,2.09427628796,5.36897151193,16.9545031638,5.16771681403
1.03535685109,0.610631961919,2.11573957397,5.54717985621,17.4009739132,5.2746379585
1.06229479412,0.61407425009,2.11291043276,5.47905264387,17.0817785691,5.3226066556
0.950476588992,0.599502046073,1.66750622911,4.23858387049,13.7274169694,4.99750897861
0.723139905773,0.538146112411,1.28645914072,3.32649221037,9.96080342389,4.69415397316
0.820977631992,0.526711577284,1.6306611353,4.00614436858,12.5444752498,4.58914686426
0.958739328594,0.578476457863,1.84534172097,3.95619686427,14.8834607124,4.08643020667
0.993675353494,0.53202936948,1.90165554007,3.89344241903,15.8646845043,3.53649267126
0.970394083241,0.464101149152,1.79728318449,3.90317054774,16.1811612922,3.57259281772
0.945766760486,0.488582137398,1.79266114971,3.90369265153,16.3562868311,3.32975207159
0.992764707442,0.508787838073,1.95449164145,4.74774819142,16.9822684941,3.53090930166
0.988153897783,0.541182460963,2.03878287709,4.84138388065,17.7676112833,3.33132077089
0.968424503062,0.503644120176,2.22831186968,4.98664887454,21.427042725,3.12179919333
0.986757038634,0.533346070899,2.04196173195,4.70810257474,22.4975540907,3.68472491766
0.829340335185,0.649972779889,1.8790288573,4.64586095429,21.1438148886,3.61447870554
0.883170917811,0.713864557208,2.05745277046,5.48523056381,20.8586583361,3.60263177925
0.884345555465,0.716416989833,2.05975650319,5.46925687477,20.804621944,3.95148354732
0.944233086028,0.698232206735,2.06500722704,5.31973820415,20.404307866,4.30397853258
0.868236754555,0.67742072902,1.87465510113,4.60933432842,19.4829951878,4.14980314804
0.841018114195,0.650080650329,1.8443555039,4.67398793763,19.6345766224,3.94222200999
0.82909607342,0.67213642879,1.57019796607,4.48827029897,16.4290869344,4.35060386405
0.74450904762,0.695758950848,1.49022053383,4.08576220992,12.929427768,3.95860896596
1.12035969228,1.49331475666,2.11663295077,4.19220701209,12.8402632739,3.75385948253
1.08601846222,1.78155225684,2.10418031742,3.06934412068,12.0976206471,3.67229521059
1.09442859965,1.81481267504,2.14319876169,3.1123909625,11.4620963698,3.2729258417
1.06560924561,1.82274166966,2.09482167373,2.99651172908,11.7586433331,2.85688114896
1.07822428124,1.8258978022,2.09460767695,2.97525677486,11.9831535941,2.99406581906
1.06939475509,1.83196893126,2.00974603216,2.87261177285,9.5767339659,3.15564812448
1.04772937213,1.83111831504,2.00195168232,2.85936989766,8.48852855021,2.57854398548
0.993780757986,1.80702769462,1.95276800271,2.72935729579,9.29605227065,2.3364681761
0.585488636477,1.15125835862,1.19068218381,1.86306428087,11.5616395139,2.35050484128
0.491710121118,0.524127884491,0.689645451428,1.50411177871,11.9973187963,2.41456212784
0.462324944908,0.398718352303,0.49575431173,1.37818574828,13.0005948708,2.45377038249
0.540708015901,0.391188687648,0.493372125159,1.61317687032,13.7316680736,2.99244092633
0.496803269885,0.456680689125,0.45114151216,1.61807574837,13.9215321589,2.8585993203
0.542643119312,0.515319087147,0.534311323008,2.39476476577,14.3154403729,3.40527041251
0.560298816661,0.520024225611,0.532407886645,3.44666071744,14.9627560397,3.7696841909
0.627859844072,0.645168854179,0.544337069161,3.58380639092,15.0889665612,3.97155383688
0.611307155543,0.652634419052,0.527398665214,3.60297158725,13.8197454692,4.19472374623
0.645034721794,0.673730719428,0.621117760279,3.9056550184,15.0233905251,4.16372902906
0.687433266483,0.701542772737,0.644431439378,4.0716656005,15.3917991,4.15782010209
0.601518616388,0.684309657359,0.625819174976,4.01183775825,14.6217839757,3.81062110233
0.671868556969,0.634885666687,0.610318210675,4.2542401165,14.2389337534,3.87041748965
0.641454458515,0.598036321614,0.542988089713,3.84491553844,14.5137893398,3.33481942589
0.628247027337,0.57253439987,0.475734156968,3.30163660159,14.2614020924,3.17722730054
0.604381830261,0.464077205665,0.467936219317,3.30571946578,14.9888222418,4.15933507673
0.646694376671,0.507256202648,0.515427173665,3.86758629438,17.636956853,5.62337399493
0.628945369876,0.542191724186,0.40187150659,3.92405685795,18.0098422626,5.84351120327
0.809907677938,0.550549265989,0.876447547303,5.15481862006,17.8684196333,6.86702304796
0.927724288409,0.826441075636,1.47122529246,5.62564735587,21.0974433632,6.94495554028
0.973476547597,0.887688060536,1.59749372754,5.6571937274,21.4327785108,7.06219360698
1.21988329737,0.884600921022,1.91748310516,6.72211291226,21.7285307549,9.08389672152
1.42126757272,1.18607216397,2.28782251667,7.31967360164,22.3507895799,10.6738928459
1.44558946015,1.23876434717,2.45821821911,7.77342762699,22.7486946687,11.3125994788
1.47328650654,1.36218368714,2.67330098517,7.72795768049,21.4653602432,11.1171184141
1.48004048477,1.3588341395,2.68519791827,8.3440593265,21.2757291362,11.7165377363
1.37013642512,1.33918201437,2.5739287378,7.86290507696,20.816725436,11.4521200314
1.30607991515,1.20031276277,2.28887444355,7.7314340607,18.449152482,11.4298009297
1.23380775445,1.16887205389,2.20288590012,7.62661250498,19.4977883416,11.3189329927
1.00077768363,1.1647803848,1.93113507744,6.84660851435,19.5997881847,9.94984147074
0.808355718557,0.885485193943,1.50103140048,6.10224222493,19.3055425997,8.20670844511
0.979412098782,1.1499532201,1.47489733568,6.88049511564,20.7981865103,8.02299507835
0.973375389456,1.06288243903,1.08294000503,6.78904617605,19.9238377893,7.30176541885
0.986645425871,1.07099240538,1.10395041967,5.81483642295,18.6031385799,6.12527654841
0.996248001151,1.06987548717,1.08032846181,5.45152498508,18.2867745064,5.54857053487
0.974879873829,1.05806617238,1.07438423767,5.36972161365,17.2442270013,5.55997201554
0.982665267504,1.04943240232,1.09672391483,5.37691241382,15.8458256882,5.67448617969
1.00006705206,1.05727598547,1.1174408781,5.26905432664,14.9708893661,5.28394193246
0.898719254582,1.0549140803,1.08831180429,5.23993261385,14.3501309303,5.1684377921
0.683068139244,0.641804203705,0.691712816109,3.23026146625,11.3347711979,2.79224016725
0.617713115153,0.512591758868,0.606823948078,3.28940715909,14.889310061,2.68467940702
0.581325848539,0.446889375161,0.556828313839,3.32849839514,15.482335788,2.71964213371
0.581393538238,0.471214158258,0.601842943814,3.24045377409,16.1902934586,2.63951265117
0.682534538966,0.477879338614,0.641377230875,2.91782189875,17.6452953743,2.46608305324
0.674041904024,0.531798390977,0.625433144748,2.82915755854,19.1065912839,2.59666819151
0.673308712011,0.515962511102,0.592926340565,2.66914217338,20.5274096582,2.64621772752
0.802785292814,0.46500814846,0.569657256016,4.10237140496,22.3392890177,2.69007298601
0.75040353636,0.482640418066,0.57815486369,4.56769404714,21.7930112176,2.64478921048
0.737429968216,0.485267818064,0.643797631095,4.8116289776,19.4757009116,2.65605886214
0.825402856632,0.669336930189,0.661223983725,4.78320630955,19.6392253726,2.85133257648
0.831555480561,0.676094370443,0.6863432612,4.92432592418,19.6231465452,3.38709758482
0.749209922333,0.677956945982,0.661014989957,4.99425202185,18.5698218531,3.40915384211
0.750190256386,0.647898749687,0.648693709442,4.94447274408,17.6518626019,3.46272121456
0.740319593691,0.643128777288,0.682776130475,4.8835487824,16.4963734155,3.66623509343
0.593281641112,0.642808936496,0.699175587559,3.66719101878,13.2615311416,3.57566904996
0.599411780169,0.628786626154,0.703986277242,2.94857807591,13.392127382,3.84439683688
0.556210790476,0.604878425462,0.64585083813,1.99321898047,14.3633642102,3.82593496938
0.487841711517,0.424260134275,0.588557210791,1.98573372923,15.579761012,3.56366782483
0.612902206393,0.478471211203,0.95156212536,1.64694623888,17.1562612459,3.37160253873
0.61533314422,0.471165159631,0.958717081326,1.42525859864,17.4207160188,3.33016187556
0.61594282536,0.451963415949,0.943199934835,1.76100900575,16.9258839063,3.40852987387
0.622692599693,0.43370523183,0.917073165705,2.26000488424,16.1338836051,3.40698626362
0.639030531799,0.4264334335,0.903205525713,2.28693025193,15.971804629,3.64107533455
0.654779714994,0.441538946556,0.916571934018,2.30188777763,14.9170063237,3.19380438152
0.686162482877,0.485926523444,0.962872879237,2.40169282563,14.5086474091,3.11694912112
0.618877842225,0.448306271886,0.966044318229,2.40742500141,12.6730328589,3.21595972528
0.482209666864,0.336385834256,0.538449128815,2.3302197801,12.7176441876,3.28052172997
0.562383962994,0.629767032345,0.89273201588,2.28196965284,16.2409518888,5.00754990808
0.830471790695,0.680364437114,0.976249448241,3.65068545536,18.4963311531,4.75681489051
0.798706471445,0.702650192487,0.995799948015,3.48183259882,18.7787950825,4.84647331162
0.796257464655,0.733764567278,1.00246666719,3.55645095992,18.9068693935,4.92376637046
0.792167980745,1.02862256328,1.11093269122,4.20408609778,19.2703858799,5.60945037569
0.882925248232,1.86291646875,1.75722857423,5.73215045596,18.7598000231,6.17222812164
0.949864697677,2.05952012356,2.4484423844,6.4897660023,18.4183405025,7.34853910307
0.940952513603,2.06260187838,2.72389537623,6.54072086885,18.5330067289,7.52031477995
0.907384400987,2.02945433093,2.72168293307,6.65451882984,15.5983313714,6.72950859046
0.728867830959,2.09227724703,2.7981341774,6.2294739604,13.6324327249,7.21600536447
0.904009757,2.18556621822,2.89198933437,6.31829727502,15.5557354156,8.52942615743
0.981988464982,2.17945379106,2.90828907348,6.70590839326,15.9646001508,9.17376839963
1.07403427982,2.06693269672,2.90115858687,6.78734143277,16.6444286101,9.44037794041
0.982064801781,1.41090592774,2.55112632221,5.59268752161,17.3294758479,9.16384653151
0.968976930792,1.19658602862,1.97251750369,5.71628211788,18.8089122945,8.90150025636
0.995841870005,1.32553463529,1.62286817366,6.06179886429,17.5901914777,9.04940786096
0.987112524087,1.27758536512,1.47666171585,6.01519166317,17.1976524438,8.90381634376
0.945396518692,1.16447794093,1.26520829889,5.90813481961,17.7125844944,8.53743997206
0.808626405356,1.21852671274,1.34746026155,6.30724285928,16.2210712939,7.1758787281
0.733730639434,1.42496003249,1.70202273056,6.23159643491,15.70576331,6.18052631039
0.631647439081,1.46270985564,1.6854489867,5.85321140465,14.8839485065,5.20664309032
0.637281536921,1.4531084255,1.68932857556,9.50807863913,15.0140354854,7.7055584906
0.727527833429,1.42895710489,1.8171124738,10.9173290422,13.1575086524,8.85263647441
1.23085926271,1.6451176254,2.1012847723,11.2996095289,14.3789500942,10.0147632036
1.44710129613,1.7945535148,2.40370074271,11.6906422179,15.3196287023,10.1675301785
1.4497143395,1.78822269764,2.40942930022,11.7293037182,13.4280642027,10.3254845231
1.4468633876,1.63653948383,2.24512521576,11.4477896868,12.8041714197,10.2695638164
1.45433970662,1.46153897891,2.01640872533,11.2540201353,13.0498796216,10.2737717042
1.4669649905,1.40908191758,2.01870868958,11.1739288601,13.1097093993,10.3193108241
1.48109619689,1.36604038718,2.01001470604,8.24752856595,12.4671004135,8.60776239417
1.42012286904,1.31388238796,1.86155698139,5.32980792781,13.7596952062,6.63144418188
1.0385592024,0.869551926354,1.5826578672,3.89753851542,14.1273316024,4.44364710438
0.733570911746,0.490538545637,1.05214644133,2.31664001213,13.5124327577,4.03380386574
0.727472239091,0.454711553206,1.04957830369,2.04220770226,14.0526871685,3.61568424538
0.702858550058,0.421944038024,1.04840312469,2.91019024324,14.4056621822,3.57659982876
0.647464471075,0.388681800413,0.940868650554,2.98655953602,14.818059547,3.54594478149
0.557845415047,0.385604793976,0.820310123311,3.20472760218,16.1466173767,3.2934860954
0.506151514167,0.394378216725,0.803630411029,3.19272461781,19.0786891896,3.36548609897
0.548242399559,0.706999952789,0.998404415706,3.72222656005,23.2446159975,4.86220934461
0.703796548361,0.883397267202,1.0073368584,6.8680359413,23.6406369167,4.76259127074
0.707384802241,0.871774996285,1.05143077118,6.99271708598,23.1484719143,5.04273442022
0.712271626579,0.880534171271,1.08699940886,7.12432015217,22.8745069334,5.63807885727
0.713928779399,0.884330150315,1.08440042105,6.87867340837,22.6725969659,5.67094729407
0.744702248521,0.932317494184,1.09783227443,6.86221405514,22.2436579312,5.82610147737
0.781013785651,0.936128405183,1.12591693161,6.76575532774,21.06644242,6.02005002002
0.790886085574,0.916924041879,1.11946246515,6.76055032613,18.201521429,5.86902348924
0.73361942321,0.703918927487,0.895362683531,6.47880293497,12.7143983526,4.69444282821
0.488494541444,0.47644153145,0.68853852039,3.46056572816,10.650055946,4.19395367906
0.471372717627,0.493808503408,0.595644535246,3.78600079286,12.5809554997,3.8208151409
0.702661549782,0.535434942931,0.644432312479,3.51180240278,13.3425408555,3.04972716115
0.709841598206,0.636833747644,0.777406858462,3.48987640101,14.0222215916,3.27651267805
0.687035956607,0.574517269197,0.768253121412,3.47501546136,14.3455644523,3.06636258437
0.66875091689,0.586909941719,0.749917229999,3.47257130819,14.4349729688,3.02441310976
0.675079279009,0.583313997388,0.861704148152,3.48794196187,15.1726883019,3.20822530192
0.790909888665,0.596081271206,0.870166998979,3.58945413132,15.3670093184,3.38468131757
0.807748681251,0.572826612717,0.885522463449,3.59393054615,14.2409037052,3.70565232773
0.790448873465,0.599008132302,0.915672557554,3.26318351934,13.199417994,3.83621341783
0.589844684557,0.549362991987,0.992361171304,3.84786685843,14.4002088285,4.5837194995
0.616357546542,0.453381823366,1.00836601998,3.83579307477,16.0455319712,4.55338668259
0.611109987331,0.490574753575,1.06359684345,3.97501199999,17.2995133798,4.52734775026
0.728677991871,0.556813925931,1.20059402143,5.3418730819,21.2104041413,4.82637961287
0.756776892811,0.565145776087,1.15045634333,5.70932083202,21.317334712,4.74088162736
0.66964827876,0.553904761673,1.12386129352,5.75786035312,20.695772064,4.68724285714
0.655392634152,0.53936849743,1.13497114656,5.50902434294,20.5856157597,4.47839953205
0.653250377676,0.48357775004,1.16071542138,5.34627328359,20.7263004491,4.60493147295
0.67244747553,0.480275204518,1.03759221683,4.7673145456,19.7101658824,3.63502117745
0.649469436281,0.468084629047,0.917910224478,4.66799769224,19.2796716733,3.41451276059
0.664802695029,0.477800613848,0.855684809953,4.76145121724,19.1929274067,3.65861750756
0.535064358461,0.501526473784,0.670967854697,4.51418938526,14.9006100376,4.87746519841
0.568366748818,0.637285481561,0.894390807251,4.38586064619,14.5798115932,4.99067864136
0.721552179359,1.02381702925,1.2982964065,5.59842921262,15.1081649019,5.63193198018
0.980245870708,1.07545675993,1.41526389433,6.24800149027,18.6016081122,6.04240358516
1.01562996622,1.1155524475,1.54255221458,6.41631937315,17.9427358161,6.09484175719
0.996193131699,1.17562286438,1.71499329887,6.41965042194,17.5789132231,6.13893206848
0.99073474607,1.27036003056,1.73257482968,6.9342368779,16.5922524915,7.03746411737
1.00831942297,1.2742639475,1.78596717368,7.74337183565,15.4423569872,8.10559202734
1.00800227296,1.28762109924,1.79008148576,7.90509113212,16.2917198671,7.54600199519
0.96343552005,1.22219433414,1.68587984044,7.72523290034,17.2132761119,7.54872141571
0.886606397944,0.93141510114,1.49419342725,6.81761690021,18.3783169087,7.39793876645
0.595353778675,0.884490784,1.43886914105,6.44181732044,15.9455465192,7.26601263071
0.536831045479,0.90289670798,1.30774117118,6.38809155035,17.929640214,7.33388203255
0.542688598322,0.884358268073,1.08517656636,6.40753480795,19.1805702172,7.34219320628
0.542264361753,0.769295711321,1.08180062147,6.176377629,19.3155356083,6.68078907045
0.482347736028,0.810916187243,1.01172553845,5.00265423615,19.5928230192,5.25112947154
0.458301407433,0.746014822514,0.99393147072,4.01785871333,19.3937539297,4.6091829151
0.477257421234,0.75487287663,0.981534780245,3.99009467623,18.6686506844,4.56110367355
0.386787625389,0.758588427265,0.813196337977,4.02227185312,16.8670210154,3.90454710504
0.38053325258,0.74335128121,0.712788760092,3.62471973893,16.1048258858,3.48240183714
0.427158087891,0.657417123789,0.635498279987,3.41161697774,15.0046253628,2.99606520408
0.447415867167,0.638636727133,0.732170150252,3.5973738057,14.3754632361,2.92906655967
0.481557564047,0.627413450843,0.700313766738,3.23425501281,13.5699762447,2.66245236452
0.560244460653,0.511998961467,0.800693320916,3.13971603286,13.3343342528,2.96980682553
0.555221459637,0.4905128824,0.867955061684,2.72641274579,12.4914579963,3.0779169773
0.532272471681,0.473977006232,0.848074956837,2.74802060173,11.7516143646,3.08124255201
0.508834148296,0.447791738303,0.84457499181,2.65676914221,12.1501082975,3.05266846753
0.509400574216,0.458608872941,0.807492036849,2.65063557503,12.7468172986,3.38844390073
0.464203596657,0.478504776054,0.807277871874,2.65247385172,12.3420790466,3.3528579898
0.44269835098,0.414334731755,0.693434655706,2.29123938745,11.54625615,3.34726377039
0.4136850664,0.399151993424,0.692038057892,1.97995185269,12.9458525949,3.14965927863
0.284424811378,0.453310185393,0.590374130433,1.9631998641,13.3728593591,2.59886824014
0.326493283207,0.477772739072,0.512511905178,1.93005353597,15.0096353589,2.42282255677
0.39547370423,0.654188063628,0.570175446584,2.22778249082,18.182830928,2.74620989262
1.35627185855,0.852772668462,1.55397919449,3.28532351759,17.4733569175,4.69973342871
1.70989885087,1.10555149637,2.07876026245,3.80725228904,16.4921498629,5.73877835609
1.94936098847,1.15114389681,2.3446584902,3.81858013425,16.2007882621,6.42171114012
2.07027599701,1.40057050066,2.47573865948,3.97437543826,16.7228704941,7.03321067065
2.07009758781,1.43737014924,2.52191574435,4.48610795658,17.7246540824,7.15415603884
2.07048365034,1.46029262141,2.51892431177,5.3671243942,18.9078238835,7.64125280399
2.06462295561,1.4399876548,2.51243321958,5.60240559437,19.376887126,8.12150684085
2.05758557373,1.3734641166,2.50163127689,5.71712485244,18.6386356102,8.10301545672
1.62077833048,1.87350765342,2.11773300157,5.32983979186,19.5560571468,7.18933195979
1.25418349976,2.00883183615,1.71435799957,5.11689748951,19.5034737919,6.3388365654
0.834098405522,1.98490156227,1.39431651211,5.36036217964,19.1643658323,5.73274771074
0.461917783163,1.81461454145,1.14153884748,5.40471774334,18.378670638,5.04368019514
0.466103750292,1.79060675943,1.03269377756,5.00319725892,16.3418583037,4.97039955326
0.464937784612,1.77497407067,0.998422052492,4.01804391644,14.0012691893,4.25185623939
0.455730146882,1.79335681507,1.00330733938,4.0365604198,11.2262738846,3.40927833201
0.786757357206,1.79584792367,1.01039403329,4.07749501061,6.90652391714,3.62960549633
1.9062024529,2.13537109614,1.23188120129,4.00206785866,3.94175590053,3.9348139254
2.02933978387,2.02367279334,1.72184413176,3.9068834794,4.4067301008,3.90075847318
2.05679117725,2.04588711024,1.82622063678,3.5229464668,5.05271281384,3.79107635601
2.20326172121,2.06808560219,1.93077047593,3.46964512858,6.23969722269,3.73731168801
2.22784425982,2.11139327934,1.96367343996,3.46958514807,6.27323530497,3.57436418163
2.24366536757,2.11791035326,1.98828579827,3.67323550596,7.40327941515,3.67211669101
2.30939051906,2.23215291386,2.02364795627,3.27283750911,12.9810887298,4.27695867694
2.23237145897,2.23158745354,2.02761945918,3.08867460737,14.0387627876,3.8404205114
1.38757931624,1.36558970125,1.8414420604,3.44476713159,14.5742096928,3.56999813855
1.23811381877,1.19132242827,1.27067693019,3.48834220255,14.6295974913,3.4604001127
1.19397380602,1.14456556108,1.01875303813,3.76729323624,14.5307188169,3.82039125461
0.891133127766,1.10214841351,0.796841484065,3.61121059688,14.7436329879,3.69110088937
0.830213553157,0.987539675755,0.732655370669,3.61970968725,16.2893883742,3.89169623183
0.801922386587,1.05276519073,0.86820020513,5.80489577133,17.9963892362,3.94763808085
0.610656794107,0.745655064353,0.756920464859,5.99688113044,14.631511168,3.12447540661
0.543352622314,0.75060351018,0.752149426917,5.85516444178,13.5786342877,3.42759851344
0.530957665453,0.657617240593,0.707989857809,5.58133789665,12.9794405065,3.78342337136
0.423817189105,0.556221083462,0.702727039456,5.46984337772,12.6546000207,3.75365014836
0.424907729639,0.557542493266,0.696928215813,5.27363648131,12.4842674812,3.56471699033
0.428725255878,0.590131861509,0.693632245759,5.26334791551,11.7377278084,3.60250158219
0.42921639777,0.593285899013,0.673854550686,5.33360780194,10.4576217613,3.39021929075
0.475283754772,0.374166801266,0.401128887671,2.7902284087,7.85735014609,3.49277086849
0.461102327447,0.402526509859,0.432906036917,2.18985853967,10.1069947296,3.565502058
0.48884040457,0.560972043411,0.398018062538,2.61400233392,10.9967815999,3.61107801705
0.479999242203,0.572725440134,0.37246060291,3.51431464385,12.836537703,4.65463636794
0.440744132494,0.597578708627,0.415075691103,3.89651078584,14.6516710235,4.83729406424
0.510544377929,0.602758356156,0.4160516758,3.90573675822,15.8575280826,4.67994541896
0.50878031764,0.568410405202,0.408847706349,3.9284716338,17.9371652675,4.68794827373
0.490081181809,0.589081123624,0.446806209272,4.02784044047,18.6459315517,4.81150386563
0.425086439012,0.589104868379,0.426802484118,3.86804887918,18.5318157992,4.60213626364
0.417298407821,0.585421451389,0.400261649318,4.31966319366,18.4459452733,4.5916707238
0.441310513601,0.435420025049,0.465758056962,5.32209182473,19.0135689436,5.30570880687
0.485169102683,0.48908591534,0.526786702114,5.64783725856,19.9542456503,5.03369219207
0.528240188746,0.554411307945,0.494139250146,5.69768135125,19.693178077,5.14599723271
0.494654822625,0.712905450817,0.689848303067,6.87892359413,19.3136361328,5.18347254859
0.673517396321,0.797562913846,1.06052672235,8.07214256128,18.5664870695,6.139254859
0.756591555359,0.801028450633,1.13133966415,8.09313190233,18.8535628122,6.24284230995
0.822058155299,0.82597713242,1.32227729704,8.17928964212,18.7827952908,6.2144716602
0.915283090512,0.874375219703,1.90830303161,8.72277407276,17.6844833763,6.70764732863
1.06533845213,1.13572817236,2.24452150083,9.86157883762,17.5264312903,7.36857249527
1.24870227563,1.30464944437,2.64837960994,9.88799925423,16.3639889355,7.40354216298
1.25791662913,1.30429409142,2.72498106579,9.72226372877,16.5191798465,7.29776712387
1.24483631207,1.25887353632,2.75739516014,9.29665072782,17.6724635677,7.77058925969
1.18735218921,1.21239128779,2.63867612166,8.4747603498,16.6191387505,7.12853288054
1.14137374797,1.20149252457,2.60284220646,8.41293910495,16.5462785109,7.02595739075
1.10161522006,1.19092291472,2.51048982624,8.37208947442,19.4724753909,7.04674637353
1.03770155692,1.14491182776,2.09718258324,7.51365573706,20.4312798964,6.5501763865
0.974657444876,0.950442333486,1.85264030451,5.02074669166,20.8738886731,5.58630474649
0.76001289145,0.845065837288,1.39640896272,5.53672649209,21.2587633935,6.79568677949
0.74377835061,0.807821628263,1.23387629089,5.60641794106,20.180118136,6.70522275227
0.832292624035,0.75020695256,1.05452949599,5.30995157735,18.6355363806,6.24859211094
0.834179117178,0.744771439898,1.07835326348,4.98132786169,18.4397282395,6.15283380867
0.842132449138,0.748588599764,1.09613873376,4.97215518757,17.1505155545,6.07964522001
0.84151619999,0.747223070219,1.1097296802,4.90822400894,13.1158959504,6.12339578647
0.844570261859,0.748549674843,1.12640853639,5.00643708178,11.522211388,6.15543294328
0.700078875235,0.648799914575,0.885946753954,4.81858964977,8.98741950626,5.65042370516
0.650285687872,0.428343588781,0.721504039227,2.82258869889,9.41835181145,2.68524668376
0.647195464325,0.442524018581,0.956358375621,2.91442987372,14.7427962647,2.84001057767
0.531020760418,0.490369222055,0.960556254911,2.34523220051,16.6864157608,2.81279808954
0.554912823023,0.538814101302,0.937746390221,2.43643492192,17.0319373772,2.93310252528
0.583857142015,0.629274696233,0.969250832422,2.46385916961,17.3339138844,3.01150229252
0.58534049252,0.665282713625,1.09630020381,2.43575854656,18.2864983669,3.06689644533
0.580655952896,0.707011667918,1.12743594188,3.12688456406,20.1135886739,3.40519470979
0.784193026371,0.732627373516,1.28033982438,3.63736909396,21.2166825116,3.19331691165
0.848317649333,0.701048836394,1.18130976537,3.77779839188,19.6852474073,3.27753674435
0.856712021988,0.706041813378,1.00552628342,3.60449459041,16.4167344058,3.25163916469
0.854183969124,0.678995708144,1.02014886917,3.59311226906,14.7211623726,3.05054370169
0.834906362507,0.658117957828,1.05105091793,3.75722045524,14.8149511423,2.92029518345
0.861937752631,0.588270332964,1.07198571853,3.69174946002,14.7153218323,2.83658475737
0.867008135942,0.545207886851,0.999323964785,3.80185483332,15.0730125114,3.51723890059
0.872793638535,0.521147257768,1.0302542943,3.32662811626,13.5272328136,3.49717829421
0.693546868638,0.50560333342,0.847966468005,2.79275803985,12.3810566888,3.58285991893
0.591396927058,0.516260520431,0.816568028661,2.76982208522,12.7541512651,3.90782238564
0.57309628156,0.464010659294,0.80266437924,3.06561429731,12.820595925,3.74717633004
0.589225187765,0.451619252159,0.785365472734,2.99128181303,13.121481433,3.75864917698
0.546512305272,0.421710365747,0.820309509578,2.68404096942,16.0471778529,4.06109353807
0.467803632136,0.413015967479,0.728655668428,2.54822119491,16.2464621364,4.20604562153
0.508023170204,0.427850835142,0.628920932475,2.29961193537,14.7800736147,3.48381104264
0.538113501774,0.425296154901,0.743633223063,2.2972752152,14.7963324752,3.05591591487
0.546040302281,0.406514489542,0.770067780606,2.37979553069,14.735068703,2.95960876415
0.605509041579,0.387749936276,0.835869946626,2.23746099322,16.6038125193,2.41870645572
0.625837658638,0.476336987801,0.846764255641,1.88113728797,17.0634431162,2.79805655133
0.683981077024,0.490370309686,0.83998925502,1.85131967445,18.1895955213,2.96528604295
0.783481787948,0.583949715938,1.06557964331,2.97417322157,17.7524216707,6.12793377526
0.840751162027,0.576282093085,1.11441041684,4.34589729184,17.5892096412,6.24657920736
0.799024596465,0.607569812831,1.12372028293,4.42351113506,17.8987427345,6.27328040024
0.968382988302,0.971393102723,1.09104947216,4.98307680993,17.2105333448,6.48185203889
0.992247793126,1.20330133118,1.47356484124,5.39493906187,17.1922473564,6.65673742589
0.982037904627,1.24741086417,1.82260052626,5.53881966829,16.385155971,6.87403462156
0.981458130046,1.29100275811,2.26176307829,5.63434687637,16.4099028481,7.23081244572
1.07203362099,1.3524549081,2.41423791885,5.74597287302,18.0260956502,8.02700320629
1.00136084207,1.40510654923,2.3266065777,5.81561465699,16.8204666203,6.20762631284
0.985570166945,1.46557500789,2.30778850694,7.31059484247,17.2586760331,7.58395424218
1.05140271162,1.44795066251,2.36753313973,7.57304530347,17.6715326899,7.92827454456
0.903735710601,1.2205744524,2.33429344657,7.34439130794,18.6633288251,8.02235342378
0.895187234095,0.996246038949,2.11267439247,7.23582666462,19.2320588276,8.03640546123
0.92170961047,0.940392069148,1.80586141689,7.60289869356,19.7348082011,8.02810622432
0.901155263727,0.874897990255,1.21827734742,7.97578169876,21.4469008169,7.80107331069
0.750064389943,0.780971813009,0.919271243107,8.23224337191,20.0750671187,6.89825616575
0.746224333197,0.681638173753,0.85249492155,7.85691447375,19.7613725553,6.54949873413
0.695521948746,0.55462217086,0.891451176416,5.66696060825,19.1441970074,4.82207726574
0.640017891935,0.694977530138,0.770860370466,5.26355651366,18.9630294446,4.21626603531
0.569895098293,1.05468104278,0.891158400549,5.52267378689,17.8856072958,4.33655737129
0.570615321856,1.23996655718,1.09141282481,5.70928282531,16.9373881925,4.29060075765
0.6109904057,1.25887468599,1.15236252783,5.22091226335,15.4967717054,3.96935723123
0.668737214266,1.28104337325,1.22064936299,5.69979226513,12.8063062844,4.50703350388
0.812012192466,1.31126690613,1.64366527253,10.0996142756,10.6575556116,6.81591201977
1.03209824732,1.45756846273,2.13503488962,12.0252188587,11.7382667554,7.99493536925
1.06369737825,1.45765220102,2.1452936811,12.1391762281,12.439492837,8.11420714405
1.26513622332,1.41466717787,2.3982610887,12.2108536624,16.654040587,8.29926293313
1.3568109951,1.18520618808,2.49068739222,12.0117134503,19.5167030174,8.11231135699
1.38645364528,0.993356609674,2.43148283664,11.8615884816,20.4927303147,8.02508433495
1.3547066598,0.972929660932,2.40241502515,11.802472098,21.6553428588,8.00889021738
1.34335113595,0.933244135995,2.42172475032,11.3061114903,21.9951035102,7.49922612229
1.2600027775,0.925193947149,2.17094476679,7.37090181667,22.7408240504,5.73144239035
1.08410035902,0.588716812097,1.6822680607,3.47674625296,22.0544895554,3.89607397729
1.0455202343,0.591574700354,1.65556157456,3.04695146624,21.9507343012,3.3347009432
0.766365071809,0.590949946741,1.22286285977,2.8913454171,18.6091431692,2.8859130462
0.637022536686,0.57165680011,0.867778891364,2.69278730972,15.9698976614,2.53822634456
0.586101503334,0.562122168161,0.820141240051,2.48639854696,15.3302460661,2.54094979478
0.531466707417,0.612440060118,0.809309628651,2.36659337644,15.7592844952,2.557025035
0.739598923023,0.61298253609,0.611593518407,2.77488223512,16.9282228393,2.998135855
0.897668101001,0.786516988893,0.67782309511,3.75017058,18.65119995,4.68933965785
0.908582558204,0.796506958486,0.695657563676,3.9045677754,18.1368140079,4.67497898318
0.933900865504,0.774627963017,0.664050650317,4.05359578514,17.6346799772,5.16679069026
0.9452526097,0.734416913184,0.683768821544,3.9810341647,17.4558098489,5.36266414315
0.92427024071,0.734029009309,0.681401670279,3.98112473119,17.1518050551,5.6043982263
0.893971013466,0.733377400951,0.611280301728,3.919985568,16.5443664364,5.54770093855
0.904923167135,0.677079838781,0.622914992794,4.0240747645,13.9337209259,5.71147931998
0.715616877149,0.669364040797,0.631921126388,3.7270072548,10.9309607008,5.51664900535
0.500158423507,0.341567065159,0.430052720235,2.55998831418,4.4735943761,3.83410104831
0.503170880018,0.310459577088,0.39546009947,2.19361004704,4.16012924026,3.7934369115
0.529234461938,0.319523247782,0.409404801975,2.00492473349,4.81068678399,3.12334923786
0.510893325036,0.360479257913,0.427631175503,1.95821977893,6.53264367366,2.91894307203
0.509294178485,0.392693938162,0.4247095628,1.95625047283,8.18459755772,3.15156079158
0.517171690574,0.461796042668,0.454508908433,2.26311283517,10.1267611434,3.66083746687
0.497466364347,0.562322672278,0.531226781429,2.78505477875,11.824552215,3.83501402493
0.514843596238,0.53436893872,0.54435909781,2.66142858213,13.2380784881,3.94150700581
0.504485852673,0.558436297842,0.584251034419,3.10191127945,16.4178693954,4.21688506962
0.578898589962,0.638258357064,0.619145212993,3.35934516077,17.9213601371,4.3480509713
0.594165214307,0.68639221452,0.613891457917,3.3578579815,17.9851977574,4.37054628102
0.632979253962,0.666199785119,0.716722338982,3.63219629566,17.5192736361,4.37345109996
0.638452485525,0.660076410987,0.797647019871,3.66422251822,18.3450702981,3.93971491717
0.690816960997,0.69268598212,0.88257748423,3.58807049803,20.2211090154,4.22645875159
0.787971541872,0.636315786961,0.902900335239,3.75106412863,21.6511100997,6.01541511141
0.836249535805,0.634246741994,0.909013773921,4.22629604168,21.3562625225,5.99452647924
0.850711311265,0.611882018796,0.907834545099,3.92196418563,19.2299273073,5.84661750654
0.839110045442,0.532484799799,0.905041574348,3.84008989774,19.1015927089,5.83096038661
0.790474774771,0.477421543863,0.961120214814,3.87112012898,20.0856821036,5.81603087945
0.756495423868,0.470891045108,0.86296586277,3.64635348985,21.1422493624,5.71433453207
0.76487624698,0.524125427356,0.792500866775,3.68742513515,20.8919630364,5.95810525428
0.716097641204,0.5318383961,0.696404573975,3.72069820747,18.9340603569,6.98513988957
0.651637982073,0.586584059229,0.645589531012,3.30181975743,16.2518570317,5.39864468994
0.771360267774,0.874265003619,0.821985902757,3.53369051095,17.6551031879,6.17631720987
0.916110928264,1.17146676568,1.13869930329,5.1148917873,19.7865639655,7.0541454041
1.01906466904,1.40857220219,1.95174283849,5.05542176524,18.697621928,7.00130708733
1.02986689521,1.57053995677,2.00618768758,5.27924317693,17.5726614047,7.08142311948
1.06957269819,1.62985245249,2.05961437357,7.14060934725,16.4748694133,7.44776110625
1.10927333103,1.68070630428,2.06649363405,7.61771837894,15.5757908273,7.31427995962
1.10416304649,1.66706185747,2.13347675213,7.85359710152,18.322210957,6.14992307686
1.07836142623,1.65919335655,2.12312102453,7.93975188264,19.3498308808,6.36656555803
0.946814004058,1.524262842,2.05783724222,7.6935940874,19.8259962046,5.79251768753
0.806148718344,1.31598599162,1.90406896803,6.85286437019,19.4009264082,4.68805738117
0.683685147793,1.09782211805,1.21527806084,7.42243653288,21.9246641773,4.96922556056
0.695695045693,0.899353843081,1.10923451227,7.30833944616,23.7039419346,5.07272614467
0.709145861806,0.8155641847,1.07435265461,5.80494681904,25.6945846465,4.51769470117
0.66947590138,0.649056896216,1.0858820201,5.14869422167,26.1599642232,4.57836759964
0.697006195809,0.593806584201,0.968644656465,4.66615634502,23.8718787009,4.20482245319
0.730979774775,0.654531419428,0.999303854298,4.41188307881,24.4826931027,3.86613645721
0.728585141705,0.676815868348,1.00743838071,4.34901393146,24.1058944888,3.68942482557
0.742569865794,0.669857740818,1.04723316627,4.15561441242,24.2818898763,3.59036412741
0.673796614507,0.611856534283,0.881376311787,3.04791483095,22.7842687884,3.17397528143
0.634331001281,0.539954584023,0.869203818611,2.8579196063,21.0177883139,3.08883422183
0.526116428467,0.495309730287,0.845486502554,2.18026392981,19.5872359319,3.33181172109
0.456047264358,0.488336527649,0.884519948138,2.06781159575,18.930499546,3.36443229412
0.455724441652,0.487664989663,0.868538323877,2.10219015641,18.6436998741,3.45226845797
0.400551491675,0.31280563225,0.804342261017,2.02311358027,16.9543723844,3.17293537405
0.413305964605,0.269936298405,0.772489497966,1.95003184312,17.2810428072,3.13045053441
0.53719556927,0.280977739309,0.814406095027,1.93231452949,18.540601302,3.33691395112
0.679873728502,0.334585223902,0.978516676231,1.74841080005,18.1978451963,3.29546720207
0.701107888256,0.354043704639,1.28749774509,2.58762247833,18.5542364073,3.01297888102
0.762000441232,0.690498278744,1.79851817411,3.00237359698,17.4804420778,2.82488363612
0.944354266256,0.830196232194,2.03318993076,3.4941391548,17.0231928384,2.8909455273
1.55261739698,0.884947537661,2.73589659515,6.89278971794,17.0714848451,5.92245043871
1.89751851918,1.23627542718,3.0992096387,8.3424121153,17.6012855254,7.83610634675
1.89346175587,1.47158262625,3.19430124717,8.42358304052,17.8079936556,7.83385450086
1.84455445328,1.5120412723,3.18328736102,8.68793610195,16.102433197,7.97677407545
1.81668445318,1.55311730219,3.12623482692,8.98478402428,17.3777562784,8.72882359363
1.85090592,1.5570953723,3.07886161735,9.64349265197,21.0884201169,8.72761959548
1.8510439259,1.44923816875,2.81634647125,9.57292505157,22.856151664,8.90763533293
1.77197525947,1.39823654979,2.64228806957,9.68485224372,24.2817696067,8.82825052673
1.26746736178,1.38398858361,1.95141532154,7.73024161225,26.2597977403,7.26752022408
0.677756278486,1.23061212195,1.51667823806,6.24759452156,25.6501502824,5.39979801904
0.734967642593,1.10711264146,1.33697053825,6.30662904443,23.8537732664,5.28395960219
1.10485648684,1.05956470044,1.35116478065,6.21197255678,22.669197201,6.00852865367
1.08895707098,1.0264580814,1.50072779247,5.7893986156,21.5889931769,5.23152966677
1.11641474657,1.00677478839,1.36658347637,4.37683434339,17.5827630403,5.35535084903
1.08085423406,1.02753860536,1.31611446724,4.41791169471,14.9165349278,5.01729842907
1.10148693639,1.24023071585,1.61446743038,3.90164645032,12.731453927,4.93092438444
1.12045273793,1.32005304253,1.57837850021,3.81513024642,8.00954400374,4.80841504948
1.10479695282,1.23190036587,1.37017958626,3.69952243644,8.17231691523,4.53857583375
1.17344946638,1.08750633249,1.35780763607,3.71141460396,8.04494393409,4.53734222971
0.83800538126,1.0782788862,1.330463733,3.70850178024,7.21622568084,3.14065566433
0.826681410323,1.15609483199,1.22171360358,4.00974903473,5.56510243944,2.6627238064
0.807342146304,1.22164349621,1.27312760357,3.85713961042,5.51431137058,2.58951171643
0.994922109062,1.36505400607,1.34452151858,3.61811270204,5.75795431422,2.63233371944
0.996586916966,1.18155906422,1.03563501936,3.45441824741,5.18817109228,2.7132513278
1.08156555353,1.172951178,1.17879501584,3.36544524806,4.59460335468,2.44221665883
1.10085825655,1.13097669048,1.41774692554,3.81400085038,5.18604482651,2.3800768146
1.01728349325,1.13941003684,1.40854906517,3.84029299015,6.65180333622,2.78554458356
1.04335657529,1.32706602737,1.40230299598,3.97539745677,6.89471847342,3.01136092235
1.10606424061,1.28876595711,1.34881781314,4.44292253974,7.66679111412,3.21378747543
1.20199650493,1.30018620231,1.28267883831,4.78688025,7.2687814141,3.26218047733
1.07921200803,1.14580945121,1.23277458055,4.80353645194,7.16131622896,3.21019249863
1.07418344988,1.12476398958,1.14720453589,4.82367382771,7.3128966086,3.1209945067
0.968872885389,1.03409831367,1.00246698582,4.84625261315,7.32266435749,3.14398789915
0.956920182733,1.03347383314,0.653060866184,4.41812812288,7.06474874117,3.17985700001
0.924491882251,1.02110712343,0.658126284091,4.08966249185,6.20494023367,2.82670291754
0.89082415933,0.795769118648,0.6002247457,3.51678118788,6.42130990554,2.36057790341
0.79753014309,0.7470581944,0.659191238538,2.58297831321,6.4145628145,1.77939484045
0.489521116389,0.818391944902,0.737329956865,3.09279038276,7.39615817523,2.17065504382
0.425076588408,0.781192896408,0.71948807561,3.80211204954,8.15682905766,2.41256161667
0.364968713495,0.882339802758,0.768565334956,4.07436290949,8.34633851372,2.5744066142
0.340285432355,0.919540776694,0.72188588986,4.16076895092,8.35887314734,2.7045134547
0.315951574769,1.0036587971,1.01382934783,4.25860583369,8.11909735363,3.46389709825
0.701916842209,1.18271124202,1.23656040242,4.48032529607,8.0011323038,3.82353617089
0.757516326564,1.26975996357,1.32130703232,4.48928798147,8.27160379977,4.02723026889
0.814100926427,1.25836748736,1.97201132327,4.69470179432,9.24932111941,4.56343136206
0.935580786976,1.25110587538,2.53219477196,4.48690516585,8.97690325094,4.95035390432
1.16257589429,1.85396211739,3.00724092371,4.61214011464,8.30883565706,5.13916831795
1.31786429174,1.97649776709,3.07419672068,4.50894314259,7.97107428787,5.11953099603
1.33465207229,1.95795132632,3.10154794259,4.81827712332,7.97605619329,5.1511203003
1.33976997675,1.91680247144,3.01154414882,4.76468174233,7.98208783782,4.76184399578
1.19263859692,1.83121930552,2.9219875231,4.6802704209,8.08807201183,4.47209815917
1.17146707326,1.76150478882,2.91650229992,5.40989390496,7.93400057432,4.43819759087
1.18748873359,1.74144636295,2.50692291543,5.56765345228,6.02641713042,3.92941224706
1.12090235136,1.67119016094,1.91060037704,5.30157501094,5.14362715203,3.05270672565
1.24064126974,1.03309361012,1.02920171124,5.00682134008,6.08674117156,5.83673834567
1.40681121152,0.665953554416,1.00646994163,6.32034097111,8.31572661126,6.86567186375
1.47933739531,0.681154800772,0.909504405052,6.44730585314,9.53587602192,7.05110657911
1.48599858137,0.686641338284,0.915826568955,6.59707610506,10.0395590856,7.02847312329
1.47706132456,0.665268913892,0.938603593895,6.618789054,10.2620252487,7.06244865347
1.53066299182,0.64868083085,0.929155948573,6.10462616446,10.7216420943,6.98568328471
1.54492970589,0.752244868112,0.948367284377,5.74403652725,11.7613720379,6.98645660753
1.52384851634,0.743193167083,0.949676820818,5.58924781563,11.7583724452,7.08486881846
1.46020330655,0.651209587139,1.12321392246,5.44526680844,11.4247998637,4.76251178486
1.51286723809,0.961534545207,1.19380701777,4.87666261004,10.8804151223,4.54962157642
1.49639273307,0.999698852936,1.31460041819,4.88260060494,9.86224861316,4.59758702248
1.52839891639,0.993969491168,1.35662855257,4.88027699547,9.85634572024,4.55045803765
1.55597319424,0.993590055805,1.38245394451,4.87108054149,11.512416969,4.61841031112
1.64250075865,1.06834834067,1.45466722351,4.76159916569,12.9056950231,4.66341102002
1.85022178756,1.09050283586,1.92337817186,4.914631923,17.5141030123,4.72643409386
1.91751905979,1.11651653685,1.98525614288,4.94585899503,18.9711523201,4.62549663517
1.80793610827,1.29007141474,1.99049480972,4.79775347464,19.646862966,4.86270232712
1.56705232408,1.09009967518,1.87333278964,4.24332137623,19.4368859076,3.77783656174
1.69062642669,1.10638344044,1.86674261643,4.22533940842,19.7012348922,3.41492973477
1.75808601492,1.13179678825,2.1309056835,3.95324242948,20.088029484,3.41696080612
1.77932054174,1.1604505808,2.15551129511,3.7415565494,20.8203731763,3.32635657279
1.71139737572,1.11596047792,2.13892762432,3.90021945191,20.9723570949,3.4073761754
1.44613284187,1.0423105418,1.72892912778,3.72825228231,16.8778338687,3.37584482841
1.40428669663,1.00759756212,1.68246815419,3.82916714076,15.4557019778,3.40096163752
1.3605577814,0.813453214023,1.5456919235,4.20029036741,14.3711929865,3.22059615295
1.34056554593,0.784542731515,1.54121565088,4.43872952155,14.0670642765,3.03319712926
1.09031276393,0.739076426671,1.45516992301,3.80325027665,14.1169381109,2.74830031698
0.905311667559,0.704812158076,1.03975998951,4.0337130349,13.2054230005,2.826990326
0.809309725487,0.631953797932,1.0139591815,4.06945662252,10.1924082019,2.76190058419
0.66919305283,0.667908739877,0.911939040603,4.78765479547,7.58644419014,3.35913437591
0.649109208567,0.690166277253,0.93943915469,7.28767332067,8.58985084917,3.82734106932
0.580821387946,0.751486697753,0.983072420751,7.48390829645,9.62403813976,4.28626300517
0.744775745466,0.70820028065,0.992191061714,7.60672257433,12.2545821804,4.29676705665
0.683551925768,0.734963483036,0.930660282303,7.35307319305,13.1006742612,4.35178615352
0.793325227165,0.743177151116,1.13118189305,7.4669041565,13.4808465022,4.63309851619
0.78932626938,0.831409458609,1.23701212464,7.36482626502,14.1936633447,4.60491394515
0.854106486493,0.847982404629,1.25017757967,7.36577053779,14.273615229,4.62860017902
0.863527349766,0.819822918379,1.26840238512,6.85938731652,14.2909287592,4.12757193622
0.904140903942,0.800315060957,1.44786660846,4.30244960466,13.7785749396,3.81776904848
0.928053134741,0.76671333748,1.44161766231,4.28469835928,12.7020718596,3.41617423488
0.930471873293,0.776000468237,1.47794585901,5.31294312244,10.5150518335,3.45563191271
1.01218781766,0.94077415863,1.51446409721,5.1869015171,11.2550330154,6.83884189271
0.987165525378,0.890967327956,1.48717451915,5.28089427828,10.7812117617,6.87998433848
0.994013316091,0.823307961739,1.37530157681,5.23216625075,9.800652338,6.85168493196
1.15547954755,1.0070798446,1.4999667523,5.18215518522,9.41222273499,6.83397990587
1.67846513893,1.05185996409,1.79424399522,5.35281011246,8.95723318158,6.87015416359
1.83843215589,1.0927372896,2.28328749689,6.52360930674,8.38685118904,6.79872320815
1.84346815518,1.29214717396,2.90221014422,6.54152125456,8.90269280598,6.7700681481
1.82085417661,1.34638269636,3.47834829381,5.3232662745,8.4999970821,7.07281193943
1.91339210475,1.24944917265,3.83851926386,5.21362382765,6.08030292575,3.67182307446
1.9575901461,1.3669835712,3.87631303165,5.25902001735,5.32557786094,3.31256124718
1.97642746771,1.35846306009,4.00365715456,5.41894214952,6.75478430159,6.5117442301
1.90383544191,1.21835225556,3.93560891011,5.53960354761,8.02731263195,6.76165555608
1.47182595736,1.18634345585,3.84129054014,5.47939454462,8.53008282486,6.92467952066
1.25973886553,1.15683775529,3.49651653957,3.85052690387,9.63097520817,7.49453965113
1.25641249682,1.14901382253,2.97653050566,4.12998906198,9.71520569292,7.98277980902
1.27875932442,1.13510031461,2.3668089586,4.99256372178,9.70097066338,7.8030720553
1.05214144897,1.17155590578,1.74082009469,5.53624767136,9.46968968,8.14135570798
1.00324604531,1.09215361479,1.54589764179,5.29908095869,9.28009418636,8.17679193542
1.21411122406,1.27811317277,1.51954237235,5.44410050456,8.35391824227,6.06622188621
1.41068170935,1.29377156243,1.93032542678,5.64819468008,7.18042971224,5.83251746373
1.48553839857,1.37961868285,2.23214068165,5.70112508083,6.28792555983,5.5842255125
1.52863712402,1.46768171036,2.40230827443,5.97501881656,4.17715651113,5.03201440191
1.50079150676,1.33004364631,2.39714233379,5.81047942959,3.07369571785,4.92948024351
1.48893945952,1.37725512084,2.48740354951,5.79137154171,4.7709954004,5.97383202388
1.58273753374,1.47766704684,2.62572417729,5.32317455783,8.22781400377,6.23585890823
1.57341113797,1.47732346664,2.67829826231,5.55067784381,9.73421007999,6.42733425239
1.52618127825,1.36236399176,2.56029690072,5.43598288733,11.3888791525,6.45836681337
1.61859952852,1.36837608651,2.69117007781,5.46796611538,19.7723324491,6.45236851463
1.63554837796,1.27332241762,2.37060766039,5.28302695661,21.6363913388,6.47526745976
1.8323252629,1.17332089543,2.28873174074,4.97153698869,23.6845128155,6.29020401096
1.96429696965,1.11835180825,2.43998681319,4.61349879496,24.795068595,5.71008690274
2.01131379481,0.99747524446,2.23657982255,4.43074676881,24.9938495407,4.32949433262
2.01558496021,0.755452979432,2.03317651605,4.72954297729,24.2432483674,3.42739687138
2.15282700657,0.660101836073,1.99536122419,5.21157638637,23.8361307439,2.94043107435
2.12417210225,0.558160927154,1.94885359735,6.00855413649,23.0616123021,3.24509876544
1.90375359697,0.505656125165,1.35438175804,6.00129662032,16.5030955547,3.27589813719
1.84804060993,0.466096025511,1.34666420259,6.49212994585,14.1384221691,3.48265360589
1.59173069944,0.407796981141,1.16730258948,6.7050882203,10.3626284185,3.57002079903
1.48197078482,0.412162142238,0.937320466458,7.07070731007,7.5636293947,3.5406313269
1.46091747166,0.684585088248,1.17782104273,6.73235457013,8.56728124931,5.86171402347
1.5699139,0.822322018359,1.23068928607,6.70210726018,8.69033784019,6.23451536053
1.32672837307,0.831061891822,1.24368262929,6.25410024136,8.4646129271,6.34896621466
1.29517800672,0.84676797787,1.18031884355,5.31070515355,8.85291787837,6.09830138648
1.2786948918,0.845505979993,1.12182563941,5.12455998448,8.77946898411,6.12954239089
1.24704609478,0.839237155467,1.19459837892,4.6917296532,8.51389720196,6.04535136006
1.24754414956,0.865865857275,1.21245594746,4.95079500559,8.86569424443,6.18057591236
1.18028651788,0.874071368495,1.15067815389,4.63714103621,9.02175251087,6.42603389637
1.18966629675,0.730583429964,0.975006085601,4.60691627281,8.64265959105,4.38327959825
1.46066504816,0.588254082444,1.18963139121,4.95007736014,8.49154418533,4.34564663578
1.5135433759,0.664478892229,1.13504996649,4.90056432044,8.48343603703,4.26198767151
1.59122911194,0.66698091952,1.18093783258,5.437335774,9.16620244985,4.94032182234
1.7107342588,0.664107117834,1.36182285309,5.44450447238,10.861499966,5.43996714442
1.73052039604,0.680510198769,1.34844591887,5.40562782987,11.2663482649,5.4194490836
1.80093765602,0.664024674133,1.37670086535,5.90299767953,11.2010711551,5.63999912729
1.8098726531,0.705465962516,1.42773194916,6.02715890354,11.1849479202,6.23456470038
1.89559409337,0.637286421401,1.50038547889,6.73653981463,10.4093906512,6.24094810333
1.56110069543,0.597833229934,1.36569616491,6.84777301722,10.566467705,5.83676450691
1.51062067622,0.5089652202,1.39938173046,7.04482232504,10.5387824862,5.96526034149
1.40767209707,0.486636793186,1.38123760108,6.82734719463,11.3120087087,5.5524840039
1.34470736123,0.563796941402,1.22260583375,8.41289441167,11.8529701976,6.49253405729
1.4010417015,0.627659232206,1.24572913178,8.92964978079,12.9891837542,6.89899832223
1.45259430033,0.60746447438,1.29655699072,8.58887519068,13.8322281599,6.86147609453
1.52607009018,0.598102316058,1.46370446392,8.35542275785,15.2394822707,6.72311638839
1.37467292207,0.622121008602,1.46180510986,7.92596381193,15.2955569925,6.85415072003
1.32574366121,0.634801973738,1.39296636151,7.38693914347,15.2788392477,6.8704395145
1.34270694497,0.616862594528,1.34664908588,7.12993874956,15.3009268707,6.91245903779
1.33790456586,0.609742248509,1.34903093094,7.1899345122,14.1028235926,6.98848465259
1.28906014629,0.575894451038,1.36541264749,5.87289015965,12.8104863306,5.80393972703
1.24094061733,0.489818704524,1.31096600363,6.10802470841,11.8580988995,5.36559760251
1.79658595228,0.950718746216,1.34939043458,5.88350362848,12.7059500104,5.19621438386
1.84476510095,0.998445385537,1.26005320628,6.36016240065,10.9984405372,4.32925894593
2.45587517487,1.05299591739,1.89005677493,6.23821935095,11.8768711451,5.09679036773
2.71000111133,1.12327488142,2.75473887511,6.72868490005,20.1955568932,5.37195301697
2.85696205997,1.17860531412,3.20979996757,6.83629224707,20.9849481718,5.92347981541
2.84804036274,1.23057357798,3.31596097318,6.6486713073,21.317143299,5.70251168406
2.82473708919,1.25511401719,3.30164216046,6.02751364023,21.4935017195,5.66408271027
2.80316832929,1.2742126049,3.29431093894,5.06289409899,21.4979600091,6.42985718191
2.40714077761,1.00499973356,3.29150312871,5.41053513977,20.6431678998,7.53305653103
2.44274980237,0.951898426432,3.30344365145,6.07867076267,21.04173992,7.97438745786
1.89821458657,0.879525865377,3.12606407828,6.64913020522,22.5233610763,8.4051711145
1.69338706594,0.808362790941,2.49326893812,6.75665026462,16.5970642322,8.4781470229
1.49649619135,0.830738314867,2.02172804371,6.65196025438,16.8295220834,8.16740862647
1.50717421891,0.756508422467,1.85064100983,6.68648654655,17.0683723722,8.16717848174
1.6064012146,0.74578531497,1.99117295851,6.74456662239,18.1663776277,8.42929880905
1.89723576072,0.744483519752,2.26958959189,6.61300906274,19.4797374099,7.79721427232
1.92728313751,0.709627246948,2.2278925249,6.25913221301,19.4767108009,6.75153021806
1.76987612669,0.685480052088,2.22407007178,5.04162949939,19.3429219635,6.37381440385
1.72614203781,0.694531013873,2.09863164851,4.07191285333,17.3219581968,5.12904168778
1.66976011304,0.648595291957,2.20966270874,3.15487812331,16.9762788631,4.68960945837
1.59978342904,0.564360001304,2.27669950661,3.2409328668,15.9635424931,4.42849958128
1.60838929382,0.593239320334,2.27072288695,4.26469218898,16.1452825702,4.86926472276
1.54520944101,0.541409406831,2.26646445335,4.40160366531,14.7297575018,4.86990801802
1.23425907583,0.549116458728,2.04181197319,4.64850630028,14.9270658185,5.24697717528
1.20548686444,0.664092921201,2.05188010438,4.47373557433,15.2998227806,5.047581526
1.25774802882,0.674646860284,2.02439579576,4.44300714857,14.6177366445,4.82233701452
1.11999773271,0.709350839173,1.91943338645,4.64961748511,13.738794705,4.70603442655
0.98720867588,0.734421488011,1.80736504011,5.3155814678,13.3563520891,5.16508964419
0.974793647088,0.69933238712,1.61378688601,5.34410693962,13.7769287399,5.08690454047
0.927557522199,0.690453232572,1.58859229228,4.85811491767,13.3279179735,5.19829760505
0.897428035361,0.761242445778,1.42596299053,4.88302184835,15.1252581988,4.96298909568
0.816087814686,0.939576819328,1.87205760849,4.56920482624,14.4943771468,4.57799079
0.819857789025,1.15312689503,2.37799206417,5.2919311879,15.6308849543,5.23344839374
1.1900773267,1.29337335362,2.98442635855,5.44399915683,16.8889577194,5.30175424871
1.21700428143,1.44351518636,3.05061164679,5.29951399507,17.2371701454,5.49309232402
1.16591187402,1.48075673317,2.96279162591,4.48128619051,17.2802580967,5.41659932329
1.20464992984,1.53561639542,2.92963071162,4.58789316996,17.0289611472,5.37023761349
1.19786996834,1.53448793677,2.9405983893,4.22993717346,17.0570972908,4.85511603926
1.17159882676,1.4886053062,2.9827725155,4.29350446524,15.3872828838,4.42712895451
1.1598757493,1.3979967082,2.71683987206,4.31697092993,14.311308939,4.35993542924
1.16084438598,1.18911291557,2.25091256615,3.3485652751,13.385650596,3.41699349903
0.714169004482,1.02297280734,1.27957640142,3.23178700859,13.2503160271,3.37374254233
0.714223777491,0.768417865685,1.30415043511,3.24760692042,14.3295289488,3.10439723413
0.680419811243,0.728570449448,1.42910403042,3.43846845221,13.9585953243,2.3124310114
0.618568622623,0.59195815826,1.42868644355,3.20772314722,15.2286925002,3.61737987029
0.606876437308,0.65998042778,1.63403422066,3.52929050988,17.6083505927,3.69092285425
0.640990935288,0.85313520291,1.57071023243,3.04894180411,18.8277520688,4.22974593394
0.706563524194,1.06963036769,1.96965005872,3.65615506836,18.8595408432,4.7117654059
0.645401865716,1.47860974207,2.38342852032,4.5855202004,18.4172313784,4.72621552827
0.635603774026,1.50355738105,2.67082166232,4.62891114612,18.3736537338,4.84860990193
0.609054832294,1.54251033293,2.81365848131,5.03937853316,18.3727348451,4.90746910485
0.625609983547,1.62500239931,2.79318586948,6.32150259791,18.1709983293,5.57922603812
0.713433570128,1.64349670879,2.92200943321,7.8927803024,17.470061028,5.93502517133
0.841719143848,1.61208208359,2.8488470598,8.32383367293,15.2955439477,6.51547500949
0.870036698117,1.51527285087,2.85307653528,8.73557184454,13.698926358,6.44141039182
0.900713944283,1.33381674237,2.56597744975,8.56675986919,13.3617592698,6.54057536603
0.906175645954,0.829644994033,2.19370988433,8.15390417252,13.0259265486,6.68290668295
0.90487586545,0.782783304066,1.80747482914,8.27679305258,12.5078003991,6.54483413866
0.892091651625,0.713164076541,1.47796868549,9.44272820687,14.1640171507,6.54759393938
0.890200829712,0.412848659509,1.38577749038,8.71138103641,14.8223584285,6.03435581787
0.853282232042,0.3274211664,1.11257481907,7.23034170447,14.4338332748,4.90737761002
0.739131830989,0.323269804805,1.080313329,6.808969876,14.3252404619,4.04406391524
0.703029460355,0.353964400641,1.15683404342,6.61037245237,14.3262782209,3.77937927215
0.657533961448,0.38420248734,1.24276812221,6.53136120024,14.3672405958,3.17950194473
0.719496296683,0.391104185768,1.27213757417,6.63063102815,15.0748641215,2.9223392854
0.77691253248,0.402830236209,1.32725475257,6.39592474815,15.5506206889,3.06510163023
0.809327345758,0.4939511428,1.17139238373,3.99864567634,13.7641947277,3.68140149242
0.832599687246,0.645424528274,1.34418678417,3.99998711955,13.2087266002,3.56825947129
0.857685231157,0.73459944994,1.41453727534,4.20080827851,13.3995283552,3.55560571488
0.923467888184,0.744466093851,1.52959944257,3.82812980646,14.1597967282,3.56792392975
1.01142325332,0.740771384217,1.62040794043,3.32144501087,16.8183470578,3.47222361811
0.976059528241,0.738745992205,1.54909692459,3.24697827607,17.5666748158,3.7857285498
0.968155003645,0.744546315493,1.58432836979,3.42301968686,17.9742063965,3.74715935969
1.01048680422,0.73150980786,1.60164087741,4.00433031721,17.737579442,3.66654796844
1.02775250365,0.815141292109,1.62523561968,3.96705979088,16.8496563912,3.42242281632
1.0460950248,0.83266662979,1.64960044045,3.7199972042,16.772773793,3.37709372149
1.04688810499,0.763944012402,1.71525982669,3.75364239633,16.271454863,3.36320538174
1.07743141166,0.77874569607,1.66326189241,3.90341909689,16.4564067912,3.42222908417
1.00373281515,0.77614588528,1.58109822218,4.57146235389,15.7127820307,3.71223878264
1.03294433636,0.766706272854,1.59741056044,4.70250616626,15.7997882355,3.19021790546
1.00103751402,0.796510157091,1.63599405921,4.61829756734,15.1317601057,3.13063137415
0.937744358168,0.818113757396,1.95877115423,5.50372606696,15.2741224778,3.57362415717
1.10096573334,0.767031477101,2.3164804792,5.62378145919,15.1042208284,3.61493373667
1.29102087347,0.670702194418,2.6634654556,6.2045201684,15.1120994278,4.58403574396
1.79844466535,0.760032048824,3.14616953521,7.20731302366,16.700962824,5.24522387531
1.77142737446,0.805070469392,3.2006279751,7.36819861309,16.4618849569,5.19134821781
1.81529361179,0.814532236994,3.38031103139,7.03486841499,17.3459109061,5.1145047908
1.84468802702,0.814917325754,3.45695820734,6.96760614531,18.1158755456,5.27080420594
1.84437284154,0.772142307385,3.41630149832,6.78513751385,18.8400902252,5.5574723947
1.81637639351,0.759855785668,3.21432379894,5.83657852223,19.5725011873,5.5603945602
1.72047838848,0.64471405457,3.02446141536,5.70402840161,21.4810409818,5.12350548601
1.5872966694,0.607863438254,2.7428074245,5.01972465663,22.7584683652,4.34113394233
0.916717254541,0.518815297544,2.08693062017,3.24604532798,22.9009777772,3.51446916993
0.852014350609,0.383839069078,1.90403518911,2.96828993621,22.6401913973,3.48252201705
0.752066736396,0.353398856623,1.48098360709,2.74286055394,20.4832206591,3.26827031249
0.725654455886,0.486917071802,1.34636409355,4.77724730613,19.7901565271,3.37921544432
0.818559255981,0.627876779354,1.52949050667,5.51598523521,20.8222260014,3.247146225
0.864112426207,0.668080314391,1.52575281998,5.70450856206,19.7893640675,2.69094514085
0.807006564845,0.670487425384,1.36789030223,5.73342078125,18.1108024939,2.91317910074
0.736050292175,0.766395674566,1.19559835539,5.74875277128,16.3402281126,3.67674090128
0.738494247482,1.01561023894,1.30472942335,5.71501806955,14.5006831695,3.98917673348
0.871163885577,1.09289769654,1.64648858826,5.81281141246,13.8723838475,4.43539638991
0.846556851734,1.24548283164,1.64475789909,5.91008367981,13.7295997954,4.88787979764
0.753457955812,1.24944849175,1.59504504099,4.60570177679,12.1896621318,5.71233150388
0.639812554199,1.26622101648,1.4503855069,3.7790795504,8.53134264404,6.44539339899
0.578899491151,1.25389943498,1.40055891864,3.32462957318,7.59547747224,6.46083088701
0.610033541044,1.26724361833,1.47577962799,3.61117607207,6.95785078906,6.43476261521
0.607596211741,1.21732265545,1.45237062914,3.88780487915,7.52581972227,6.00945801919
0.636232828144,1.02452253427,1.60795142397,4.17899778204,13.2289012778,5.90674402688
0.475610669037,0.942668455285,1.3602002041,4.34788150441,13.3811070454,5.63854418616
0.530578968128,0.728529825109,1.48125037791,4.37266829443,14.9942152213,5.40138800105
0.659712513415,0.672865290476,1.5410407574,4.30026830167,15.6574783285,4.68427572175
0.826374995194,0.698807913704,1.55880636086,4.29838259123,15.7887997896,3.69312463411
0.864030907961,0.694481114442,1.60770461219,4.32579018081,16.002018286,3.76114993653
0.877655511485,0.682098363154,1.65008912094,4.05736371797,16.810492639,3.95828549457
0.962558989135,0.664076641577,1.66745339668,3.70896347709,17.1155270998,4.12168266607
0.970384308157,0.656658898621,1.49408960736,3.44948724312,14.0426797235,4.23387507756
0.951230442857,0.690839287681,1.41385335872,2.55477296731,14.8902221323,4.71824116927
0.928819449497,0.723766932427,1.30851064829,2.07423439234,13.6916024888,4.49305159934
0.854002186075,0.738522379281,1.45824561868,2.5984827653,13.6319461805,4.15890873306
0.737513275233,0.578317257947,1.4506222582,2.47860478512,13.419806019,4.20749720806
0.691836607615,0.580563746812,1.45507992196,2.7519586386,13.7645226806,4.24205378375
0.734877065725,0.693322964032,1.49122527244,3.71209491417,14.4543431549,4.25686304857
0.649650186915,0.862534667141,1.52220583504,4.66778033025,17.3732106992,4.46836569516
0.615095605461,0.841601880401,1.41347493749,4.67366090765,16.8163034975,4.59387128549
0.624595867448,0.816541051748,1.43641093521,4.68217296602,15.8150083404,4.25195025469
0.606628397969,0.787393840893,1.39759643839,4.69157455475,15.7567390771,4.35896209128
0.596025559679,0.743286460347,1.17517290987,4.27695381194,15.6837589421,4.29223628378
0.548266252223,0.728050348392,1.08570710134,4.32170620109,15.4518465848,3.90542053036
0.571232568173,0.706603275443,1.0121750156,4.142528584,15.0766835993,4.0459518636
0.45748291221,0.573988907068,0.770049073173,3.34357645895,13.819046339,4.12770965562
0.50255667665,0.232310455629,0.600007640519,1.76999261184,10.0779723847,3.92686068666
0.487367516432,0.212707541316,0.579899572271,1.76845422271,11.0865822819,3.50382095336
0.509113509981,0.289543826089,0.506191536832,2.65639841739,12.7296120084,3.17241636982
0.526595224005,0.393371581306,0.540726286901,2.64985840806,13.5378520327,3.22368016478
0.52603763053,0.439586750542,0.571894008013,2.67590218497,13.3379305887,3.2803776782
0.557169935472,0.540516482093,0.765788581706,2.62804711576,15.2492803383,3.60314562584
0.871057223377,0.89677786268,0.930603814654,2.92188009715,16.6461995354,5.18593136263
0.888816844303,1.01006635226,0.982964398566,3.01613715594,16.265210608,5.10574369888
0.836145477197,1.03506719165,1.22484291044,3.44160646708,15.5326663044,5.23283718899
0.89235902257,1.04540704376,1.45261181852,4.3259936094,14.6555606721,6.01766289519
1.10815853363,1.0406301691,1.69812479096,4.80121374292,13.0410145731,6.82353625574
1.17680463072,1.01789792256,1.76133440935,4.97511595159,11.8806689726,6.8442054871
1.21787594069,0.995620660242,1.8211948758,5.03922616485,12.3833010807,6.84833413787
1.2266347597,0.952453502497,1.87052363019,5.073272314,10.8250341023,6.74894615009
1.06283574024,0.642801662512,1.88319312306,4.86062011654,8.83679546668,5.43097714823
1.04136139402,0.468094512219,1.85174856272,4.79090579301,10.1644291189,5.20190331013
1.03909496001,0.417357299392,1.69949059356,4.58232292013,12.3845519393,4.88325497589
0.993050417336,0.402570385461,1.50999147417,3.85534418895,13.5883181234,3.88992136201
0.823434022797,0.591048217254,1.42912603536,2.75316207858,14.8100923,4.50932725144
0.736966594589,0.726505091179,1.40639157727,2.89745966611,15.6818176395,4.59742390322
0.680235390815,0.766693543711,1.64530537335,3.59980508014,15.2359967278,4.77611045479
0.71794403194,0.863909699467,3.02996563097,7.98481192498,15.6651048226,5.2861174956
0.966855564946,0.920342320835,3.58618618346,9.66981995088,15.4640498433,6.66028403111
1.45076320031,0.969456263829,4.29004749329,11.5875230566,15.0022449165,6.93082820633
1.50644414021,1.1960678175,4.39853815682,11.7888979205,15.6437941309,7.0181827887
1.53462123847,1.20971198105,4.44863638281,11.7634398621,16.0140569639,7.05245640108
1.48466964105,1.30321917972,4.39623483802,11.7650909142,18.4451823032,5.99686340934
1.50975446259,1.2531011252,4.39782573748,11.776712274,20.9029287604,6.04936227031
1.64503349158,1.30437809586,4.36780186629,11.59705931,22.8967704789,6.18770886248
1.61876074917,1.25615722531,3.51442476548,9.13857370024,22.4651332592,5.68219399613
1.45796547574,1.22415708053,2.8876913006,7.49434353507,22.7159541749,4.00870097831
1.01234239172,1.19784777706,1.70123928411,3.96181651462,22.930693271,3.53139024971
0.947815163477,1.02508237477,1.3910323968,3.19922853837,22.2433209165,3.70496744854
0.894919849204,1.17426289567,1.30398043687,3.80089903623,21.9315039039,3.93721458342
1.04027352629,1.03783600718,1.40068812762,3.72132598994,19.0442624671,4.33573394008
1.05856340791,1.11624479716,1.36526450316,3.33019965133,15.7270372787,4.07423730457
0.826914727856,1.0741885713,1.14220499442,3.46844600813,13.9862294103,3.64759572779
0.840244806388,1.08624938812,1.15427341453,3.45710351879,14.1468746862,3.98283459025
0.850317293006,1.07487220088,1.16083068715,3.13919717349,14.1438935637,4.03188046162
0.834546264669,1.06622844281,1.14297636836,3.09423583596,13.7610245542,4.01658473671
0.838380911915,1.01757129741,1.19589467798,3.11210560787,13.0531001945,3.82398106218
0.839977605918,0.821999253123,1.11390673196,2.44335962419,12.8901171903,3.60932902503
0.650614482158,0.716640349338,0.98311794061,3.27843316387,14.0483975415,2.97777141133
0.611157896865,0.518871246239,0.9476751519,3.47310981966,14.5314427629,2.92128515125
0.606336943777,0.417797932147,0.834528977442,3.15029518199,13.8361399014,2.82074625774
0.54967681461,0.335640348228,0.715911330894,3.32094257441,14.1365140691,2.78840875347
0.57585355207,0.385186439305,0.785311709702,3.31493210991,14.0921475486,3.03479208437
0.542541860006,0.647888462743,1.03810646772,3.57831363574,14.2685267893,3.29290666243
0.686022607747,0.804590603418,1.44116420432,3.55183486767,14.198094326,3.17199960398
0.711908744793,0.931080324906,1.49043911014,3.60759172372,13.6064274912,3.35285996612
0.728551741821,0.973905040578,1.50714872681,3.20097069487,12.7530362685,3.42668417684
0.722411708372,0.977777819548,1.53273398928,3.0658515069,12.0013572106,3.48616221036
0.722993676765,0.976766054056,1.53475412636,3.50695975811,12.1076848523,3.47258542945
0.737398569534,0.97596709744,1.57891473249,3.85941537059,11.7215710508,3.21108358196
0.70173332578,0.977501223349,1.58432272834,4.2130851578,11.522500281,2.89562013741
0.724452325982,0.857645827813,1.53300391632,4.80035774647,11.4861339578,3.59989279917
0.548495354727,0.793052504665,1.19898660261,4.99556758557,11.2513960689,4.12514616461
0.512313677246,0.898939657758,1.16827016059,5.09617270086,11.1555417707,4.14898248546
0.522971652781,0.986222445044,1.27047856872,4.93777156792,10.775648726,4.55268638965
0.445667723607,1.00474692769,1.27185955938,4.88626142396,10.4713377686,4.55066666237
0.530523929054,1.01230632654,1.28846603808,4.5961032042,9.15484399751,4.56100328158
0.518728781854,1.01115377267,1.23610390616,4.81179948535,10.0725270761,4.61265017372
0.659113575125,1.02375799176,1.25874893423,5.2843999168,11.5523105878,4.80884566923
0.778052971305,1.29991396772,1.5217235906,5.36756776849,18.0477626511,5.62341308506
0.895206325971,1.31785722568,1.46361810188,5.68313748067,18.1504503321,5.59132770957
0.937156436829,1.16066265579,1.43062727394,5.6449342696,18.0875041236,5.43473489986
0.934977566433,1.06289825857,1.28958256178,5.60421927943,18.1263871619,4.98311730523
0.936071949771,1.09982379934,1.24507830992,5.79830566687,19.0564586385,4.95267773058
0.9281765974,1.11029429789,1.26460296457,5.83988748049,20.7849469387,5.08420014747
0.954033408838,1.12054374105,1.40095648267,5.69187860495,21.610419473,5.72527777766
1.07536219613,1.12614518023,1.40849403557,5.0613115801,22.2700657932,5.85358663168
0.992880053474,0.740247137746,1.23922102704,4.17354895474,17.9973478107,4.99700130186
0.891675202109,0.69300125659,1.47867728862,3.63184371133,18.1660404598,4.65681701168
0.861167976375,0.783463842654,1.501884067,3.98232505955,18.1301883249,4.82881039508
0.836254410666,0.783297760127,1.51783256139,4.76896606594,18.0813927602,4.97535697148
0.862287847996,0.703416312447,1.52420134732,5.1070772606,17.0851764023,5.8041413011
0.817600596537,0.712231441462,1.49871650742,5.9398200774,15.2673900598,6.34908637206
0.806019167692,0.714418754841,1.3817447173,6.02626096598,13.3016809538,5.95614382598
0.558820100624,0.698664469233,1.40979381078,7.16127406247,10.2966303066,6.51059202757
0.627209878583,0.744650025469,1.24142839576,7.79221046706,8.65243862994,6.67302237748
0.681359443992,0.680304430307,1.01996756793,7.82558074942,7.81829233388,6.98358351462
0.757422409968,0.575767272296,1.05723374364,7.56810786243,8.14007759224,7.65793710133
0.837435046155,0.564653610184,1.08319896877,7.23462454451,9.04626686095,7.83595780931
0.827567274718,0.563192369766,1.25957786364,7.14938742409,10.0440539448,7.33443959103
0.873385598609,0.537107623947,1.28208171202,6.4336753285,10.1178257422,6.81755094833
0.868190481809,0.589306702917,1.3186032372,6.0609456612,10.1487182959,6.67094835795
0.863678645672,0.561044826755,1.35993728657,4.62518679243,10.5868313936,5.88750831626
0.855472731457,0.525171885323,1.31474854122,3.4557375892,11.2049091511,5.51282520591
0.818256449728,0.534613793458,1.26131749297,3.19992679285,11.6537713265,5.12357230192
0.744107145124,0.521559471737,1.24444172189,3.06564966283,12.8605400963,4.05190608068
0.662018532597,0.50655751396,1.20815947891,2.96204353808,13.0042954738,3.62298733138
0.626750497676,0.504756757016,1.06068303375,2.12783170824,13.6112004729,3.4607702891
0.579146860463,0.480454854011,1.02853358578,2.4312832088,13.908763302,4.1172519284
0.564281272844,0.414681748775,0.992787165789,2.61273167064,13.9955041515,3.97434979975
0.494526895277,0.371700460082,0.816967399762,3.03748256965,14.2709198364,3.89032140236
0.377663594993,0.364109870116,0.779079439774,3.06297915133,14.0022512193,3.55618640276
0.357535243387,0.421574799302,0.82525502092,3.39972363055,13.7480997491,3.53287318684
0.411281847576,0.425429119304,0.844524860444,5.12660473042,13.2812868273,3.62420412723
0.523778622096,0.70995568292,1.04056640094,5.97862375479,13.4443751079,4.14879059545
0.531317078635,0.772922314899,0.997040349777,6.33214652642,12.1935214912,4.88397829917
0.503569151027,0.813975695757,1.01200157559,6.40302305518,11.2873248365,4.54410167487
0.517894645048,0.852744429077,1.00556294907,6.31624516489,10.2561006395,4.57781586261
0.643798811591,0.860578288881,1.01670305356,6.15664636753,9.2213294294,4.60293434678
0.691060144599,0.871603888102,1.09077651176,6.64157661954,9.15250612412,4.66591872438
0.714554054449,0.832432859635,1.05641692997,6.55229506175,9.82419160705,4.6326981511
0.754786053741,0.867596075869,1.0949409163,5.63325561629,10.4871129372,4.78246585236
1.05070769325,2.0797361836,1.19779497932,4.61114714377,10.3564133943,6.93358273679
1.77434576497,2.62783952255,1.32828537077,4.10219458429,10.318316086,8.30368101431
1.81825664799,2.66419341505,1.31394860335,3.88441086971,10.3126475004,8.21019812367
1.96116773449,2.78018965803,1.29806285872,3.88284869784,10.5476914075,8.7899694737
1.93707209428,2.78841993896,1.30444225979,4.04151649397,10.8714569251,9.35592490794
1.9231939606,2.79402937612,1.23402410588,3.39178253749,11.3036396513,9.33999208904
1.93188004789,2.90028708991,1.22037032365,3.46651445234,10.6353852905,9.40360491606
1.97333419184,2.97040369181,1.18808757431,3.16572873749,9.28831593193,9.39481581282
2.08780622093,2.33680763863,1.93253986591,10.0769269492,8.17993145248,8.79183959579
2.29828831133,1.7240970071,2.29969369977,12.9530888696,8.08794671643,10.6976862673
2.94431706443,1.92608636082,2.82537584416,14.6217914675,8.76551901143,13.1877857845
2.98341311307,1.84470911855,2.9148245824,14.8707964233,9.52206897212,13.833110676
3.04744531322,1.91878120582,2.94835859696,14.8136953574,9.83912852219,13.6681001628
3.05233875549,1.9093922913,2.94456531323,14.7725966232,8.87708109193,13.8589084546
3.05775633176,1.75623108088,2.94571315508,14.7707259897,9.13847948661,13.8373598394
3.02352102866,1.67972463136,2.92169508696,14.7546751406,8.93278728366,14.44072005
2.83417921651,1.51839799155,2.36443255866,11.2033528735,8.96375533661,13.8635448154
2.25422163554,1.45987893676,1.92141341532,7.73111726713,9.29253649049,11.3029364578
1.25174995968,1.08926839471,0.985823365162,3.65616680267,8.9668450498,8.69328314603
0.91787995315,0.932447528726,0.727287752117,2.39494499126,8.4584026544,7.1637730691
0.63780125029,0.739211772983,0.466614034364,2.57516322231,8.624657424,6.90879326264
0.627355879475,0.744516877149,0.497286112908,3.02100047778,11.4548188877,6.61681294373
0.760020688084,1.09877354851,0.587179446539,5.64426529173,12.9873452305,6.72221209157
1.09006417098,1.05095532649,0.61730544035,6.70270198068,13.1893858431,5.80285763006
1.2728511731,1.07830309771,0.623774918655,6.94494488492,13.1109172086,5.87278713879
1.29778037327,1.15660005231,0.623027892488,7.20231056338,12.9053958418,6.20127099791
1.28782819549,1.18721998447,0.636762917577,7.53180532396,12.7901808129,6.68915412386
1.26293737056,1.28679814478,0.561369382942,8.03274647584,12.6002177837,8.43292213802
1.26184312968,1.3043869837,0.537005648903,8.04423405686,12.0657777008,8.33912221528
1.30548565398,1.29519146904,0.586862105174,7.98077339665,9.28068171413,8.28600210422
1.38191056861,1.04801929553,0.721659493554,6.46433119298,5.54789857967,9.48910780858
1.47584936844,1.06486189469,0.897414773976,5.48413151404,4.57753544779,10.3182412104
1.47154531536,1.07756770829,0.938155204502,5.19138119829,4.738382631,11.3717649808
1.54196934053,1.09434360442,0.978268254456,4.79871886528,4.80776928263,11.4962277906
1.58224521729,1.17060069568,0.989980050007,4.23396080999,4.71731043288,11.3498858125
1.5870226067,1.23626608962,1.01499032651,3.16755170227,4.13510084933,10.9439871766
1.63278127713,1.45361853564,1.02254760032,3.05465499577,3.81883316902,12.1240135452
1.63452894851,1.72690022788,0.992628645264,2.76841260944,3.80358525142,13.0688154164
1.63452673051,1.86496327471,0.825917239345,2.3500793336,4.27128166571,12.800471433
1.40498149445,1.86840108243,0.608424460923,1.84416899416,4.16172960582,11.8348143672
1.26215814932,1.8801070372,0.596591684663,1.92515527562,4.91787361003,10.6601498078
1.24014963441,1.83293799124,0.79065802693,3.84074660349,6.15353633494,10.6992023735
1.22518064171,1.77631918139,0.879545343785,4.13643158276,6.52389822846,10.3794108373
1.23545864602,1.82469556609,1.00427027257,4.14301252994,8.21612504616,9.84833624998
1.31209449926,1.65504079466,1.063473976,4.04501571509,10.3296243202,8.37925108318
1.60748154229,1.89169490385,1.09554294175,7.86890899572,11.3059342226,6.97270563085
1.49201832006,1.74370993996,1.09702728193,7.89519339893,11.1317673317,5.74979837913
1.5020725694,1.75083690693,1.09334646766,7.92430200304,10.9657974509,5.72820666195
1.49957704542,1.72768934606,1.06715694507,7.96989895563,10.5254074176,5.71361022029
1.41921143793,1.76726730369,0.937697072021,7.25057180524,10.0215900319,4.9241753419
1.42986557417,1.77331190597,0.880048808906,7.18256175687,10.7307645732,4.63969659797
1.47741116153,1.97373997889,0.780702472097,10.2879269866,11.7287750458,5.72645915654
1.36432189631,2.01480053226,0.718969607216,10.5101588536,9.95121364906,6.47813358129
1.02581532432,1.57433510218,0.731714727496,8.09027233548,8.80558230068,6.69097597208
1.02319596539,1.82636764578,0.779176377382,8.66181238261,10.015397513,7.90405244592
0.957608354838,1.93855406126,0.865296293232,8.64812368686,10.4495033511,7.87656772711
0.955891643545,1.99888779702,0.868131773721,8.60173151864,10.5731304157,8.25241143108
0.972521382213,1.96165982918,0.848872846001,8.64788302728,10.5532803693,8.33858006023
0.9079045167,1.94844631337,0.800273162894,8.5854473002,9.76536922218,8.21637075009
0.811914504039,1.57507946472,0.712374876725,4.61933826552,8.4299915057,6.84050858795
0.805207738313,1.52398013341,0.703452504251,4.10861427853,8.9163159792,6.13727901645
0.669327086699,1.47876350782,0.618216568526,4.29235104969,9.23347629789,5.8125664979
0.571128423664,1.18516111041,0.56543124489,3.05784073788,8.78805526936,4.49162684694
0.450713622878,0.895945292472,0.503585821337,3.00711405805,10.1218288383,4.59353860077
1.25076015077,1.23934270838,0.988062876842,10.9215387773,13.0577644035,6.75907819241
1.27464143606,1.27210845156,0.998365631374,11.3631853902,13.2891904244,7.11410397773
1.41360561962,1.29259801175,1.05251476248,11.3699470984,13.1399959363,7.87049790491
1.46717691933,1.39199160444,1.11588007359,11.3054159838,12.3874712147,8.28732865619
1.51800131824,1.43284433776,1.1253042255,11.420766532,12.0513945777,8.69227817682
1.60740970933,1.43713691879,1.17060383061,11.394191285,11.8816552084,9.04010246467
1.63568037995,1.38442162266,1.25467079262,11.5959694926,11.2401027078,9.08900184951
1.71369049735,1.39697406267,1.23366019184,11.5953559602,9.63630069624,9.86872864455
1.40294543109,0.980908905145,0.930718982836,5.00047459531,4.72483512836,9.02766303144
1.37649304262,0.958574118271,1.05325281133,3.81289749203,4.55285711634,9.04168859824
1.30818541499,0.93892032794,1.0033914453,3.79837192229,4.86414291471,8.43624060633
1.29645861401,0.741403557346,0.952833077899,3.89200836174,5.88544325609,8.39355209754
1.24600752059,0.812736891664,0.937370636266,3.92272966014,7.60072500944,8.3369845041
1.49166790221,1.52205891202,6.01971326507,6.13236363384,8.09694081164,11.1904567502
2.0111178787,1.56337642087,6.31777886252,5.92960722737,8.08837634537,10.9993156278
1.97012723929,1.58895029703,6.38249525273,6.08631677925,8.23428077647,10.4923112181
1.98037251505,1.5844968551,6.4554687619,6.07288101158,8.40800361666,9.83378197778
1.9790806568,1.58206159686,6.43151421292,6.02511936648,7.86746890364,9.52228782061
1.93302762627,1.56284138783,6.43060998563,6.102523468,7.8844386556,9.54600947787
1.89589846257,1.54535252132,6.42758765373,6.12225369351,6.93395435627,9.19858962211
1.89775972075,1.4863686359,6.43934377955,6.18183981507,5.25701201776,8.84069982078
1.81004485166,0.839459570429,2.47222560512,4.08240998155,4.68321535819,3.89737725601
1.21247635017,1.46909862393,1.57354059111,4.37767272422,5.63145320299,3.79867516618
1.24872783014,1.52984147392,1.36890289645,4.10093488414,5.57583920952,3.53546888207
1.07450980146,1.52974931244,0.979561254883,4.01227287977,5.81469385025,3.3128172952
1.17215230169,1.51099756666,0.991160096488,4.07478084129,6.02796428339,3.25348653058
1.31823248613,1.52291055605,1.01579081817,3.94002169022,5.69655817486,3.35842775494
1.34239757053,1.56595465298,1.04782191307,3.74923295336,5.68703328295,3.45775007582
1.3412341992,1.53861183866,0.963275889029,3.16002531181,5.32248756506,3.38885981327
1.115822318,1.49009801499,0.906271225961,2.92423573033,4.94008861127,3.39220171238
1.24209199422,0.883452924358,0.760715935856,1.73996679414,4.09776477786,3.54495554492
1.18192444125,0.708993316332,0.571130485171,1.73881951016,3.77017018375,2.91480557227
1.30900112809,0.746947872037,0.536164185836,1.71642358164,2.89130400309,3.47718054087
1.24611170678,0.735491040168,0.519781969398,1.59341147649,2.34397557593,3.47540911873
1.09235042367,0.742294905636,0.47322902454,1.52072479089,2.25056200964,3.48624791308
1.06976020827,0.669806507396,0.41565436524,1.61326528331,2.09873440374,3.39004860547
1.05724905379,0.680470448244,0.410359980109,1.8957736966,2.12995768111,3.78537412176
1.02802812313,0.705160958099,0.428808899105,2.37224334247,2.13344579968,3.86552948591
0.850962762343,0.716532237781,0.411123290305,2.42018961545,1.45123362136,3.65540041764
0.980650306934,0.784743079631,0.443263237085,2.42382841236,1.89083009789,3.77065787444
0.783428532049,1.04374034245,0.356458708345,3.02492829604,2.2187511243,3.24251040018
0.763724870839,1.16880253274,0.521746149327,3.49768107464,2.67496933368,3.32865743535
0.824171254277,1.20084713924,0.568102726839,3.66590838918,2.82770034452,3.42938344574
0.909335878185,1.32734664182,0.563921071692,3.68885850948,2.95416427798,3.83652976851
1.00158945584,1.43853219365,0.620079785165,3.54790106665,2.90847970148,3.55857201547
1.12063754707,1.48910353355,0.632001354597,3.11347815926,3.19570822524,3.52070240798
1.09607304853,1.46391332724,0.643525553314,3.0759383611,3.33649083296,3.85616631325
1.2274034494,1.48405296024,0.825173111803,3.46014783494,3.93087382737,5.59538087978
1.38692682252,1.3075216568,1.11461773944,2.967234744,4.64389902942,6.1849091365
1.37047959525,1.2066870275,1.04090349102,3.09523363301,4.51820375413,6.19497886924
1.3364217898,1.16349915154,1.01841391509,2.94746430616,4.61102346655,6.0633747653
1.29324670119,1.10533551216,1.01518542547,2.89512230126,5.170405226,5.93842259891
1.25950244656,1.00587654302,0.978076830667,2.89905684225,5.55917339964,5.95283417869
