Timestamp,Milliseconds,centimeters
2018-09-09 22:34:30,1,0.0
2018-09-09 22:34:30,21,0.0
2018-09-09 22:34:30,44,0.0
2018-09-09 22:34:30,61,0.0
2018-09-09 22:34:30,82,0.0
2018-09-09 22:34:30,101,0.0
2018-09-09 22:34:30,121,0.0
2018-09-09 22:34:30,141,0.0
2018-09-09 22:34:30,162,0.0
2018-09-09 22:34:30,181,0.0
2018-09-09 22:34:30,201,0.0
2018-09-09 22:34:30,221,0.0
2018-09-09 22:34:30,242,0.0
2018-09-09 22:34:30,261,0.0
2018-09-09 22:34:30,281,0.0
2018-09-09 22:34:30,302,0.0
2018-09-09 22:34:30,321,0.0
2018-09-09 22:34:30,341,0.0
2018-09-09 22:34:30,362,0.0
2018-09-09 22:34:30,381,0.0
2018-09-09 22:34:30,401,0.0
2018-09-09 22:34:30,422,0.0
2018-09-09 22:34:30,441,0.0
2018-09-09 22:34:30,461,0.0
2018-09-09 22:34:30,481,0.0
2018-09-09 22:34:30,501,0.0
2018-09-09 22:34:30,521,0.0
2018-09-09 22:34:30,541,0.0
2018-09-09 22:34:30,562,0.0
2018-09-09 22:34:30,581,0.0
2018-09-09 22:34:30,602,0.0
2018-09-09 22:34:30,621,0.0
2018-09-09 22:34:30,642,0.0
2018-09-09 22:34:30,661,0.0
2018-09-09 22:34:30,681,0.0
2018-09-09 22:34:30,701,0.0
2018-09-09 22:34:30,722,0.0
2018-09-09 22:34:30,741,0.0
2018-09-09 22:34:31,761,0.0
2018-09-09 22:34:31,782,0.0
2018-09-09 22:34:31,801,0.0
2018-09-09 22:34:31,821,0.0
2018-09-09 22:34:31,842,0.0
2018-09-09 22:34:31,861,0.0
2018-09-09 22:34:31,881,0.0
2018-09-09 22:34:31,901,0.0
2018-09-09 22:34:31,922,0.0
2018-09-09 22:34:31,941,0.0
2018-09-09 22:34:31,961,0.0
2018-09-09 22:34:31,982,0.0
2018-09-09 22:34:31,1001,0.0
2018-09-09 22:34:31,1021,0.0
2018-09-09 22:34:31,1042,0.0
2018-09-09 22:34:31,1061,0.0
2018-09-09 22:34:31,1081,0.0
2018-09-09 22:34:31,1101,0.0
2018-09-09 22:34:31,1122,0.0
2018-09-09 22:34:31,1141,0.0
2018-09-09 22:34:31,1161,0.0
2018-09-09 22:34:31,1181,0.0
2018-09-09 22:34:31,1201,0.0
2018-09-09 22:34:31,1222,0.0
2018-09-09 22:34:31,1241,0.0
2018-09-09 22:34:31,1261,0.0
2018-09-09 22:34:31,1281,0.0
2018-09-09 22:34:31,1302,0.0
2018-09-09 22:34:31,1321,0.0
2018-09-09 22:34:31,1341,0.0
2018-09-09 22:34:31,1361,0.0
2018-09-09 22:34:31,1382,0.0
2018-09-09 22:34:31,1401,0.0
2018-09-09 22:34:31,1421,0.0
2018-09-09 22:34:31,1441,0.0
2018-09-09 22:34:31,1462,0.0
2018-09-09 22:34:31,1481,0.0
2018-09-09 22:34:31,1501,0.0
2018-09-09 22:34:31,1522,0.0
2018-09-09 22:34:31,1541,0.0
2018-09-09 22:34:31,1561,0.0
2018-09-09 22:34:31,1582,0.0
2018-09-09 22:34:31,1601,0.0
2018-09-09 22:34:31,1621,0.0
2018-09-09 22:34:31,1642,0.0
2018-09-09 22:34:31,1661,0.0
2018-09-09 22:34:31,1681,0.0
2018-09-09 22:34:31,1701,0.0
2018-09-09 22:34:31,1722,0.0
2018-09-09 22:34:31,1741,0.0
2018-09-09 22:34:32,1761,0.0
2018-09-09 22:34:32,1782,0.0
2018-09-09 22:34:32,1801,0.0
2018-09-09 22:34:32,1821,0.0
2018-09-09 22:34:32,1842,0.0
2018-09-09 22:34:32,1861,0.0
2018-09-09 22:34:32,1881,0.0
2018-09-09 22:34:32,1902,0.0
2018-09-09 22:34:32,1921,0.0
2018-09-09 22:34:32,1941,0.0
2018-09-09 22:34:32,1961,0.0
2018-09-09 22:34:32,1981,0.0
2018-09-09 22:34:32,2002,0.0
2018-09-09 22:34:32,2021,0.0
2018-09-09 22:34:32,2041,0.0
2018-09-09 22:34:32,2061,0.0
2018-09-09 22:34:32,2081,0.0
2018-09-09 22:34:32,2102,0.0
2018-09-09 22:34:32,2121,0.0
2018-09-09 22:34:32,2141,0.0
2018-09-09 22:34:32,2161,0.0
2018-09-09 22:34:32,2182,0.0
2018-09-09 22:34:32,2201,0.0
2018-09-09 22:34:32,2221,0.0
2018-09-09 22:34:32,2242,0.0
2018-09-09 22:34:32,2261,0.0
2018-09-09 22:34:32,2281,0.0
2018-09-09 22:34:32,2302,0.0
2018-09-09 22:34:32,2321,0.0
2018-09-09 22:34:32,2341,0.0
2018-09-09 22:34:32,2361,0.0
2018-09-09 22:34:32,2382,0.0
2018-09-09 22:34:32,2401,0.0
2018-09-09 22:34:32,2421,0.0
2018-09-09 22:34:32,2441,0.0
2018-09-09 22:34:32,2462,0.0
2018-09-09 22:34:32,2481,0.0
2018-09-09 22:34:32,2501,0.0
2018-09-09 22:34:32,2522,0.0
2018-09-09 22:34:32,2541,0.0
2018-09-09 22:34:32,2561,0.0
2018-09-09 22:34:32,2581,0.0
2018-09-09 22:34:32,2602,0.0
2018-09-09 22:34:32,2621,0.0
2018-09-09 22:34:32,2641,0.0
2018-09-09 22:34:32,2661,0.0
2018-09-09 22:34:32,2682,0.0
2018-09-09 22:34:32,2701,0.0
2018-09-09 22:34:32,2722,0.0
2018-09-09 22:34:32,2742,0.0
2018-09-09 22:34:33,2761,0.0
2018-09-09 22:34:33,2781,0.0
2018-09-09 22:34:33,2801,0.0
2018-09-09 22:34:33,2821,0.0
2018-09-09 22:34:33,2842,0.0
2018-09-09 22:34:33,2862,0.0
2018-09-09 22:34:33,2881,0.0
2018-09-09 22:34:33,2901,0.0
2018-09-09 22:34:33,2921,0.0
2018-09-09 22:34:33,2941,0.0
2018-09-09 22:34:33,2962,0.0
2018-09-09 22:34:33,2981,0.0
2018-09-09 22:34:33,3001,0.0
2018-09-09 22:34:33,3022,0.0
2018-09-09 22:34:33,3041,0.0
2018-09-09 22:34:33,3061,0.0
2018-09-09 22:34:33,3081,0.0
2018-09-09 22:34:33,3102,0.0
2018-09-09 22:34:33,3121,0.0
2018-09-09 22:34:33,3141,0.0
2018-09-09 22:34:33,3162,0.0
2018-09-09 22:34:33,3181,0.0
2018-09-09 22:34:33,3201,0.0
2018-09-09 22:34:33,3221,0.0
2018-09-09 22:34:33,3242,0.0
2018-09-09 22:34:33,3261,0.0
2018-09-09 22:34:33,3281,0.0
2018-09-09 22:34:33,3302,0.0
2018-09-09 22:34:33,3321,0.0
2018-09-09 22:34:33,3341,0.0
2018-09-09 22:34:33,3361,0.0
2018-09-09 22:34:33,3382,0.0
2018-09-09 22:34:33,3401,0.0
2018-09-09 22:34:33,3421,0.0
2018-09-09 22:34:33,3442,0.0
2018-09-09 22:34:33,3461,0.0
2018-09-09 22:34:33,3481,0.0
2018-09-09 22:34:33,3502,0.0
2018-09-09 22:34:33,3521,0.0
2018-09-09 22:34:33,3541,0.0
2018-09-09 22:34:33,3561,0.0
2018-09-09 22:34:33,3582,0.0
2018-09-09 22:34:33,3601,0.0
2018-09-09 22:34:33,3621,0.0
2018-09-09 22:34:33,3642,0.0
2018-09-09 22:34:33,3661,0.0
2018-09-09 22:34:33,3682,0.0
2018-09-09 22:34:33,3701,0.0
2018-09-09 22:34:33,3721,0.0
2018-09-09 22:34:33,3742,0.0
2018-09-09 22:34:34,3761,0.0
2018-09-09 22:34:34,3781,0.0
2018-09-09 22:34:34,3801,0.0
2018-09-09 22:34:34,3821,0.0
2018-09-09 22:34:34,3842,0.0
2018-09-09 22:34:34,3861,0.0
2018-09-09 22:34:34,3882,0.0
2018-09-09 22:34:34,3901,0.0
2018-09-09 22:34:34,3921,0.0
2018-09-09 22:34:34,3942,0.0
2018-09-09 22:34:34,3961,0.0
2018-09-09 22:34:34,3981,0.0
2018-09-09 22:34:34,4001,0.0
2018-09-09 22:34:34,4022,0.0
2018-09-09 22:34:34,4041,0.0
2018-09-09 22:34:34,4061,0.0
2018-09-09 22:34:34,4081,0.0
2018-09-09 22:34:34,4102,0.0
2018-09-09 22:34:34,4121,0.0
2018-09-09 22:34:34,4141,0.0
2018-09-09 22:34:34,4162,0.0
2018-09-09 22:34:34,4181,0.0
2018-09-09 22:34:34,4201,0.0
2018-09-09 22:34:34,4221,0.0
2018-09-09 22:34:34,4242,0.0
2018-09-09 22:34:34,4261,0.0
2018-09-09 22:34:34,4281,0.0
2018-09-09 22:34:34,4302,0.0
2018-09-09 22:34:34,4321,0.0
2018-09-09 22:34:34,4341,0.0
2018-09-09 22:34:34,4362,0.0
2018-09-09 22:34:34,4381,0.0
2018-09-09 22:34:34,4401,0.0
2018-09-09 22:34:34,4422,0.0
2018-09-09 22:34:34,4441,0.0
2018-09-09 22:34:34,4461,0.0
2018-09-09 22:34:34,4481,0.0
2018-09-09 22:34:34,4502,0.0
2018-09-09 22:34:34,4521,0.0
2018-09-09 22:34:34,4541,0.0
2018-09-09 22:34:34,4561,0.0
2018-09-09 22:34:34,4581,0.0
2018-09-09 22:34:34,4602,0.0
2018-09-09 22:34:34,4621,0.0
2018-09-09 22:34:34,4641,0.0
2018-09-09 22:34:34,4662,0.0
2018-09-09 22:34:34,4681,0.0
2018-09-09 22:34:34,4701,0.0
2018-09-09 22:34:34,4721,0.0
2018-09-09 22:34:34,4742,0.0
2018-09-09 22:34:35,4761,0.0
2018-09-09 22:34:35,4781,0.0
2018-09-09 22:34:35,4802,0.0
2018-09-09 22:34:35,4821,0.0
2018-09-09 22:34:35,4841,0.0
2018-09-09 22:34:35,4861,0.0
2018-09-09 22:34:35,4881,0.0
2018-09-09 22:34:35,4902,0.0
2018-09-09 22:34:35,4921,0.0
2018-09-09 22:34:35,4941,0.0
2018-09-09 22:34:35,4961,0.0
2018-09-09 22:34:35,4982,0.0
2018-09-09 22:34:35,5001,0.0
2018-09-09 22:34:35,5021,0.0
2018-09-09 22:34:35,5042,0.0
2018-09-09 22:34:35,5061,0.0
2018-09-09 22:34:35,5081,0.0
2018-09-09 22:34:35,5102,0.0
2018-09-09 22:34:35,5121,0.0
2018-09-09 22:34:35,5141,0.0
2018-09-09 22:34:35,5161,0.0
2018-09-09 22:34:35,5182,0.0
2018-09-09 22:34:35,5201,0.0
2018-09-09 22:34:35,5221,0.0
2018-09-09 22:34:35,5241,0.0
2018-09-09 22:34:35,5262,0.0
2018-09-09 22:34:35,5281,0.0
2018-09-09 22:34:35,5302,0.0
2018-09-09 22:34:35,5321,0.0
2018-09-09 22:34:35,5341,0.0
2018-09-09 22:34:35,5362,0.0
2018-09-09 22:34:35,5381,0.0
2018-09-09 22:34:35,5401,0.0
2018-09-09 22:34:35,5422,0.0
2018-09-09 22:34:35,5441,0.0
2018-09-09 22:34:35,5461,0.0
2018-09-09 22:34:35,5481,0.0
2018-09-09 22:34:35,5502,0.0
2018-09-09 22:34:35,5521,0.0
2018-09-09 22:34:35,5541,0.0
2018-09-09 22:34:35,5561,0.0
2018-09-09 22:34:35,5581,0.0
2018-09-09 22:34:35,5602,0.0
2018-09-09 22:34:35,5621,0.0
2018-09-09 22:34:35,5641,0.0
2018-09-09 22:34:35,5662,0.0
2018-09-09 22:34:35,5681,0.0
2018-09-09 22:34:35,5701,0.0
2018-09-09 22:34:35,5722,0.0
2018-09-09 22:34:35,5741,0.0
2018-09-09 22:34:36,5761,0.0
2018-09-09 22:34:36,5781,0.0
2018-09-09 22:34:36,5802,0.0
2018-09-09 22:34:36,5821,0.0
2018-09-09 22:34:36,5841,0.0
2018-09-09 22:34:36,5862,0.0
2018-09-09 22:34:36,5881,0.0
2018-09-09 22:34:36,5901,0.0
2018-09-09 22:34:36,5922,0.0
2018-09-09 22:34:36,5941,0.0
2018-09-09 22:34:36,5961,0.0
2018-09-09 22:34:36,5981,0.0
2018-09-09 22:34:36,6002,0.0
2018-09-09 22:34:36,6021,0.0
2018-09-09 22:34:36,6041,0.0
2018-09-09 22:34:36,6062,0.0
2018-09-09 22:34:36,6081,0.0
2018-09-09 22:34:36,6101,0.0
2018-09-09 22:34:36,6121,0.0
2018-09-09 22:34:36,6142,0.0
2018-09-09 22:34:36,6161,0.0
2018-09-09 22:34:36,6181,0.0
2018-09-09 22:34:36,6202,0.0
2018-09-09 22:34:36,6221,0.0
2018-09-09 22:34:36,6241,0.0
2018-09-09 22:34:36,6261,0.0
2018-09-09 22:34:36,6282,0.0
2018-09-09 22:34:36,6301,0.0
2018-09-09 22:34:36,6321,0.0
2018-09-09 22:34:36,6341,0.0
2018-09-09 22:34:36,6362,0.0
2018-09-09 22:34:36,6381,0.0
2018-09-09 22:34:36,6401,0.0
2018-09-09 22:34:36,6421,0.0
2018-09-09 22:34:36,6442,0.0
2018-09-09 22:34:36,6461,0.0
2018-09-09 22:34:36,6481,0.0
2018-09-09 22:34:36,6502,0.0
2018-09-09 22:34:36,6521,0.0
2018-09-09 22:34:36,6541,0.0
2018-09-09 22:34:36,6562,0.0
2018-09-09 22:34:36,6581,0.0
2018-09-09 22:34:36,6601,0.0
2018-09-09 22:34:36,6622,0.0
2018-09-09 22:34:36,6641,0.0
2018-09-09 22:34:36,6661,0.0
2018-09-09 22:34:36,6681,0.0
2018-09-09 22:34:36,6701,0.0
2018-09-09 22:34:36,6721,0.0
2018-09-09 22:34:36,6741,0.0
2018-09-09 22:34:37,6762,0.0
2018-09-09 22:34:37,6781,0.0
2018-09-09 22:34:37,6801,0.0
2018-09-09 22:34:37,6822,0.0
2018-09-09 22:34:37,6841,0.0
2018-09-09 22:34:37,6861,0.0
2018-09-09 22:34:37,6881,0.0
2018-09-09 22:34:37,6902,0.0
2018-09-09 22:34:37,6921,0.0
2018-09-09 22:34:37,6941,0.0
2018-09-09 22:34:37,6962,0.0
2018-09-09 22:34:37,6981,0.0
2018-09-09 22:34:37,7001,0.0
2018-09-09 22:34:37,7021,0.0
2018-09-09 22:34:37,7042,0.0
2018-09-09 22:34:37,7061,0.0
2018-09-09 22:34:37,7081,0.0
2018-09-09 22:34:37,7102,0.0
2018-09-09 22:34:37,7121,0.0
2018-09-09 22:34:37,7141,0.0
2018-09-09 22:34:37,7161,0.0
2018-09-09 22:34:37,7181,0.0
2018-09-09 22:34:37,7202,0.0
2018-09-09 22:34:37,7221,0.0
2018-09-09 22:34:37,7241,0.0
2018-09-09 22:34:37,7261,0.0
2018-09-09 22:34:37,7282,0.0
2018-09-09 22:34:37,7301,0.0
2018-09-09 22:34:37,7321,0.0
2018-09-09 22:34:37,7342,0.0
2018-09-09 22:34:37,7361,0.0
2018-09-09 22:34:37,7381,0.0
2018-09-09 22:34:37,7401,0.0
2018-09-09 22:34:37,7421,0.0
2018-09-09 22:34:37,7442,0.0
2018-09-09 22:34:37,7461,0.0
2018-09-09 22:34:37,7481,0.0
2018-09-09 22:34:37,7501,0.0
2018-09-09 22:34:37,7522,0.0
2018-09-09 22:34:37,7541,0.0
2018-09-09 22:34:37,7561,0.0
2018-09-09 22:34:37,7581,0.0
2018-09-09 22:34:37,7602,0.0
2018-09-09 22:34:37,7622,0.0
2018-09-09 22:34:37,7641,0.0
2018-09-09 22:34:37,7663,0.0
2018-09-09 22:34:37,7681,0.0
2018-09-09 22:34:37,7702,0.0
2018-09-09 22:34:37,7721,0.0
2018-09-09 22:34:37,7741,0.0
2018-09-09 22:34:38,7762,0.0
2018-09-09 22:34:38,7781,0.0
2018-09-09 22:34:38,7801,0.0
2018-09-09 22:34:38,7821,0.0
2018-09-09 22:34:38,7842,0.0
2018-09-09 22:34:38,7861,0.0
2018-09-09 22:34:38,7881,0.0
2018-09-09 22:34:38,7901,0.0
2018-09-09 22:34:38,7921,0.0
2018-09-09 22:34:38,7942,0.0
2018-09-09 22:34:38,7961,0.0
2018-09-09 22:34:38,7981,0.0
2018-09-09 22:34:38,8001,0.0
2018-09-09 22:34:38,8022,0.0
2018-09-09 22:34:38,8041,0.0
2018-09-09 22:34:38,8061,0.0
2018-09-09 22:34:38,8082,0.0
2018-09-09 22:34:38,8101,0.0
2018-09-09 22:34:38,8121,0.0
2018-09-09 22:34:38,8141,0.0
2018-09-09 22:34:38,8162,0.0
2018-09-09 22:34:38,8181,0.0
2018-09-09 22:34:38,8201,0.0
2018-09-09 22:34:38,8221,0.0
2018-09-09 22:34:38,8242,0.0
2018-09-09 22:34:38,8261,0.0
2018-09-09 22:34:38,8282,0.0
2018-09-09 22:34:38,8301,0.0
2018-09-09 22:34:38,8321,0.0
2018-09-09 22:34:38,8342,0.0
2018-09-09 22:34:38,8361,0.0
2018-09-09 22:34:38,8381,0.0
2018-09-09 22:34:38,8401,0.0
2018-09-09 22:34:38,8422,0.0
2018-09-09 22:34:38,8441,0.0
2018-09-09 22:34:38,8461,0.0
2018-09-09 22:34:38,8482,0.0
2018-09-09 22:34:38,8501,0.0
2018-09-09 22:34:38,8521,0.0
2018-09-09 22:34:38,8541,0.0
2018-09-09 22:34:38,8562,0.0
2018-09-09 22:34:38,8581,0.0
2018-09-09 22:34:38,8601,0.0
2018-09-09 22:34:38,8622,0.0
2018-09-09 22:34:38,8641,0.0
2018-09-09 22:34:38,8661,0.0
2018-09-09 22:34:38,8681,0.0
2018-09-09 22:34:38,8701,0.0
2018-09-09 22:34:38,8721,0.0
2018-09-09 22:34:38,8742,0.0
2018-09-09 22:34:39,8761,0.0
2018-09-09 22:34:39,8781,0.0
2018-09-09 22:34:39,8802,0.0
2018-09-09 22:34:39,8821,0.0
2018-09-09 22:34:39,8841,0.0
2018-09-09 22:34:39,8861,0.0
2018-09-09 22:34:39,8881,0.0
2018-09-09 22:34:39,8902,0.0
2018-09-09 22:34:39,8921,0.0
2018-09-09 22:34:39,8941,0.0
2018-09-09 22:34:39,8962,0.0
2018-09-09 22:34:39,8981,0.0
2018-09-09 22:34:39,9001,0.0
2018-09-09 22:34:39,9022,0.0
2018-09-09 22:34:39,9041,0.0
2018-09-09 22:34:39,9061,0.0
2018-09-09 22:34:39,9081,0.0
2018-09-09 22:34:39,9101,0.0
2018-09-09 22:34:39,9121,0.0
2018-09-09 22:34:39,9141,0.0
2018-09-09 22:34:39,9162,0.0
2018-09-09 22:34:39,9181,0.0
2018-09-09 22:34:39,9201,0.0
2018-09-09 22:34:39,9222,0.0
2018-09-09 22:34:39,9241,0.0
2018-09-09 22:34:39,9261,0.0
2018-09-09 22:34:39,9282,0.0
2018-09-09 22:34:39,9301,0.0
2018-09-09 22:34:39,9321,0.0
2018-09-09 22:34:39,9345,0.0
2018-09-09 22:34:39,9361,0.0
2018-09-09 22:34:39,9381,0.0
2018-09-09 22:34:39,9401,0.0
2018-09-09 22:34:39,9421,0.0
2018-09-09 22:34:39,9442,0.0
2018-09-09 22:34:39,9461,0.0
2018-09-09 22:34:39,9481,0.0
2018-09-09 22:34:39,9501,0.0
2018-09-09 22:34:39,9522,0.0
2018-09-09 22:34:39,9541,0.0
2018-09-09 22:34:39,9561,0.0
2018-09-09 22:34:39,9582,0.0
2018-09-09 22:34:39,9601,0.0
2018-09-09 22:34:39,9621,0.0
2018-09-09 22:34:39,9642,0.0
2018-09-09 22:34:39,9661,0.0
2018-09-09 22:34:39,9681,0.0
2018-09-09 22:34:39,9701,0.0
2018-09-09 22:34:39,9722,0.0
2018-09-09 22:34:39,9741,0.0
2018-09-09 22:34:40,9761,0.0
2018-09-09 22:34:40,9782,0.0
2018-09-09 22:34:40,9801,0.0
2018-09-09 22:34:40,9821,0.0
2018-09-09 22:34:40,9842,0.0
2018-09-09 22:34:40,9861,0.0
2018-09-09 22:34:40,9881,0.0
2018-09-09 22:34:40,9901,0.0
2018-09-09 22:34:40,9922,0.0
2018-09-09 22:34:40,9941,0.0
2018-09-09 22:34:40,9961,0.0
2018-09-09 22:34:40,9982,0.0
2018-09-09 22:34:40,10001,0.0
2018-09-09 22:34:40,10021,0.0
2018-09-09 22:34:40,10042,0.0
2018-09-09 22:34:40,10061,0.0
2018-09-09 22:34:40,10081,0.0
2018-09-09 22:34:40,10101,0.0
2018-09-09 22:34:40,10122,0.0
2018-09-09 22:34:40,10141,0.0
2018-09-09 22:34:40,10162,0.0
2018-09-09 22:34:40,10181,0.0
2018-09-09 22:34:40,10201,0.0
2018-09-09 22:34:40,10222,0.0
2018-09-09 22:34:40,10241,0.0
2018-09-09 22:34:40,10262,0.0
2018-09-09 22:34:40,10282,0.0
2018-09-09 22:34:40,10301,0.0
2018-09-09 22:34:40,10322,0.0
2018-09-09 22:34:40,10341,0.0
2018-09-09 22:34:40,10361,0.0
2018-09-09 22:34:40,10381,0.0
2018-09-09 22:34:40,10401,0.0
2018-09-09 22:34:40,10421,0.0
2018-09-09 22:34:40,10441,0.0
2018-09-09 22:34:40,10461,0.0
2018-09-09 22:34:40,10482,0.0
2018-09-09 22:34:40,10501,0.0
2018-09-09 22:34:40,10521,0.0
2018-09-09 22:34:40,10541,0.0
2018-09-09 22:34:40,10561,0.0
2018-09-09 22:34:40,10582,0.0
2018-09-09 22:34:40,10601,0.0
2018-09-09 22:34:40,10621,0.0
2018-09-09 22:34:40,10642,0.0
2018-09-09 22:34:40,10661,0.0
2018-09-09 22:34:40,10681,0.0
2018-09-09 22:34:40,10702,0.0
2018-09-09 22:34:40,10721,0.0
2018-09-09 22:34:40,10741,0.0
2018-09-09 22:34:41,10762,0.0
2018-09-09 22:34:41,10781,0.0
2018-09-09 22:34:41,10801,0.0
2018-09-09 22:34:41,10822,0.0
2018-09-09 22:34:41,10841,0.0
2018-09-09 22:34:41,10861,0.0
2018-09-09 22:34:41,10881,0.0
2018-09-09 22:34:41,10901,0.0
2018-09-09 22:34:41,10922,0.0
2018-09-09 22:34:41,10941,0.0
2018-09-09 22:34:41,10961,0.0
2018-09-09 22:34:41,10981,0.0
2018-09-09 22:34:41,11001,0.0
2018-09-09 22:34:41,11021,0.0
2018-09-09 22:34:41,11041,0.0
2018-09-09 22:34:41,11062,0.0
2018-09-09 22:34:41,11081,0.0
2018-09-09 22:34:41,11102,0.0
2018-09-09 22:34:41,11121,0.0
2018-09-09 22:34:41,11142,0.0
2018-09-09 22:34:41,11161,0.0
2018-09-09 22:34:41,11181,0.0
2018-09-09 22:34:41,11201,0.0
2018-09-09 22:34:41,11221,0.0
2018-09-09 22:34:41,11242,0.0
2018-09-09 22:34:41,11261,0.0
2018-09-09 22:34:41,11281,0.0
2018-09-09 22:34:41,11302,0.0
2018-09-09 22:34:41,11321,0.0
2018-09-09 22:34:41,11341,0.0
2018-09-09 22:34:41,11361,0.0
2018-09-09 22:34:41,11381,0.0
2018-09-09 22:34:41,11402,0.0
2018-09-09 22:34:41,11421,0.0
2018-09-09 22:34:41,11441,0.0
2018-09-09 22:34:41,11462,0.0
2018-09-09 22:34:41,11481,0.0
2018-09-09 22:34:41,11501,0.0
2018-09-09 22:34:41,11522,0.0
2018-09-09 22:34:41,11541,0.0
2018-09-09 22:34:41,11561,0.0
2018-09-09 22:34:41,11581,0.0
2018-09-09 22:34:41,11602,0.0
2018-09-09 22:34:41,11621,0.0
2018-09-09 22:34:41,11641,0.0
2018-09-09 22:34:41,11662,0.0
2018-09-09 22:34:41,11681,0.0
2018-09-09 22:34:41,11701,0.0
2018-09-09 22:34:41,11721,0.0
2018-09-09 22:34:41,11742,0.0
2018-09-09 22:34:42,11761,0.0
2018-09-09 22:34:42,11781,0.0
2018-09-09 22:34:42,11802,0.0
2018-09-09 22:34:42,11821,0.0
2018-09-09 22:34:42,11841,0.0
2018-09-09 22:34:42,11862,0.0
2018-09-09 22:34:42,11881,0.0
2018-09-09 22:34:42,11901,0.0
2018-09-09 22:34:42,11922,0.0
2018-09-09 22:34:42,11941,0.0
2018-09-09 22:34:42,11961,0.0
2018-09-09 22:34:42,11981,0.0
2018-09-09 22:34:42,12001,0.0
2018-09-09 22:34:42,12022,0.0
2018-09-09 22:34:42,12041,0.0
2018-09-09 22:34:42,12061,0.0
2018-09-09 22:34:42,12081,0.0
2018-09-09 22:34:42,12102,0.0
2018-09-09 22:34:42,12121,0.0
2018-09-09 22:34:42,12141,0.0
2018-09-09 22:34:42,12161,0.0
2018-09-09 22:34:42,12182,0.0
2018-09-09 22:34:42,12201,0.0
2018-09-09 22:34:42,12221,0.0
2018-09-09 22:34:42,12241,0.0
2018-09-09 22:34:42,12261,0.0
2018-09-09 22:34:42,12281,0.0
2018-09-09 22:34:42,12301,0.0
2018-09-09 22:34:42,12321,0.0
2018-09-09 22:34:42,12342,0.0
2018-09-09 22:34:42,12361,0.0
2018-09-09 22:34:42,12381,0.0
2018-09-09 22:34:42,12401,0.0
2018-09-09 22:34:42,12422,0.0
2018-09-09 22:34:42,12441,0.0
2018-09-09 22:34:42,12461,0.0
2018-09-09 22:34:42,12482,0.0
2018-09-09 22:34:42,12501,0.0
2018-09-09 22:34:42,12521,0.0
2018-09-09 22:34:42,12541,0.0
2018-09-09 22:34:42,12562,0.0
2018-09-09 22:34:42,12581,0.0
2018-09-09 22:34:42,12601,0.0
2018-09-09 22:34:42,12622,0.0
2018-09-09 22:34:42,12641,0.0
2018-09-09 22:34:42,12661,0.0
2018-09-09 22:34:42,12682,0.0
2018-09-09 22:34:42,12701,0.0
2018-09-09 22:34:42,12722,0.0
2018-09-09 22:34:42,12741,0.0
2018-09-09 22:34:43,12762,0.0
2018-09-09 22:34:43,12781,0.0
2018-09-09 22:34:43,12801,0.0
2018-09-09 22:34:43,12821,0.0
2018-09-09 22:34:43,12841,0.0
2018-09-09 22:34:43,12861,0.0
2018-09-09 22:34:43,12881,0.0
2018-09-09 22:34:43,12901,0.0
2018-09-09 22:34:43,12921,0.0
2018-09-09 22:34:43,12941,0.0
2018-09-09 22:34:43,12961,0.0
2018-09-09 22:34:43,12982,0.0
2018-09-09 22:34:43,13001,0.0
2018-09-09 22:34:43,13021,0.0
2018-09-09 22:34:43,13042,0.0
2018-09-09 22:34:43,13061,0.0
2018-09-09 22:34:43,13081,0.0
2018-09-09 22:34:43,13101,0.0
2018-09-09 22:34:43,13121,0.0
2018-09-09 22:34:43,13142,0.0
2018-09-09 22:34:43,13161,0.0
2018-09-09 22:34:43,13181,0.0
2018-09-09 22:34:43,13202,0.0
2018-09-09 22:34:43,13221,0.0
2018-09-09 22:34:43,13241,0.0
2018-09-09 22:34:43,13262,0.0
2018-09-09 22:34:43,13281,0.0
2018-09-09 22:34:43,13301,0.0
2018-09-09 22:34:43,13321,0.0
2018-09-09 22:34:43,13342,0.0
2018-09-09 22:34:43,13361,0.0
2018-09-09 22:34:43,13381,0.0
2018-09-09 22:34:43,13402,0.0
2018-09-09 22:34:43,13421,0.0
2018-09-09 22:34:43,13441,0.0
2018-09-09 22:34:43,13462,0.0
2018-09-09 22:34:43,13481,0.0
2018-09-09 22:34:43,13501,0.0
2018-09-09 22:34:43,13522,0.0
2018-09-09 22:34:43,13541,0.0
2018-09-09 22:34:43,13562,0.0
2018-09-09 22:34:43,13581,0.0
2018-09-09 22:34:43,13601,0.0
2018-09-09 22:34:43,13622,0.0
2018-09-09 22:34:43,13641,0.0
2018-09-09 22:34:43,13661,0.0
2018-09-09 22:34:43,13681,0.0
2018-09-09 22:34:43,13701,0.0
2018-09-09 22:34:43,13721,0.0
2018-09-09 22:34:43,13741,0.0
2018-09-09 22:34:44,13761,0.0
2018-09-09 22:34:44,13782,0.0
2018-09-09 22:34:44,13801,0.0
2018-09-09 22:34:44,13821,0.0
2018-09-09 22:34:44,13842,0.0
2018-09-09 22:34:44,13861,0.0
2018-09-09 22:34:44,13881,0.0
2018-09-09 22:34:44,13901,0.0
2018-09-09 22:34:44,13922,0.0
2018-09-09 22:34:44,13941,0.0
2018-09-09 22:34:44,13961,0.0
2018-09-09 22:34:44,13981,0.0
2018-09-09 22:34:44,14002,0.0
2018-09-09 22:34:44,14021,0.0
2018-09-09 22:34:44,14041,0.0
2018-09-09 22:34:44,14062,0.0
2018-09-09 22:34:44,14081,0.0
2018-09-09 22:34:44,14102,0.0
2018-09-09 22:34:44,14121,0.0
2018-09-09 22:34:44,14141,0.0
2018-09-09 22:34:44,14162,0.0
2018-09-09 22:34:44,14181,0.0
2018-09-09 22:34:44,14201,0.0
2018-09-09 22:34:44,14221,0.0
2018-09-09 22:34:44,14242,0.0
2018-09-09 22:34:44,14261,0.0
2018-09-09 22:34:44,14281,0.0
2018-09-09 22:34:44,14302,0.0
2018-09-09 22:34:44,14321,0.0
2018-09-09 22:34:44,14341,0.0
2018-09-09 22:34:44,14361,0.0
2018-09-09 22:34:44,14382,0.0
2018-09-09 22:34:44,14401,0.0
2018-09-09 22:34:44,14422,0.0
2018-09-09 22:34:44,14441,0.0
2018-09-09 22:34:44,14461,0.0
2018-09-09 22:34:44,14481,0.0
2018-09-09 22:34:44,14502,0.0
2018-09-09 22:34:44,14521,0.0
2018-09-09 22:34:44,14541,0.0
2018-09-09 22:34:44,14561,0.0
2018-09-09 22:34:44,14581,0.0
2018-09-09 22:34:44,14602,0.0
2018-09-09 22:34:44,14621,0.0
2018-09-09 22:34:44,14641,0.0
2018-09-09 22:34:44,14661,0.0
2018-09-09 22:34:44,14682,0.0
2018-09-09 22:34:44,14701,0.0
2018-09-09 22:34:44,14721,0.0
2018-09-09 22:34:44,14741,0.0
2018-09-09 22:34:45,14761,0.0
2018-09-09 22:34:45,14781,0.0
2018-09-09 22:34:45,14801,0.0
2018-09-09 22:34:45,14821,0.0
2018-09-09 22:34:45,14841,0.0
2018-09-09 22:34:45,14861,0.0
2018-09-09 22:34:45,14882,0.0
2018-09-09 22:34:45,14901,0.0
2018-09-09 22:34:45,14921,0.0
2018-09-09 22:34:45,14942,0.0
2018-09-09 22:34:45,14961,0.0
2018-09-09 22:34:45,14981,0.0
2018-09-09 22:34:45,15002,0.0
2018-09-09 22:34:45,15021,0.0
2018-09-09 22:34:45,15041,0.0
2018-09-09 22:34:45,15061,0.0
2018-09-09 22:34:45,15081,0.0
2018-09-09 22:34:45,15102,0.0
2018-09-09 22:34:45,15121,0.0
2018-09-09 22:34:45,15141,0.0
2018-09-09 22:34:45,15161,0.0
2018-09-09 22:34:45,15182,0.0
2018-09-09 22:34:45,15201,0.0
2018-09-09 22:34:45,15221,0.0
2018-09-09 22:34:45,15242,0.0
2018-09-09 22:34:45,15261,0.0
2018-09-09 22:34:45,15281,0.0
2018-09-09 22:34:45,15302,0.0
2018-09-09 22:34:45,15321,0.0
2018-09-09 22:34:45,15342,0.0
2018-09-09 22:34:45,15361,0.0
2018-09-09 22:34:45,15381,0.0
2018-09-09 22:34:45,15401,0.0
2018-09-09 22:34:45,15421,0.0
2018-09-09 22:34:45,15442,0.0
2018-09-09 22:34:45,15461,0.0
2018-09-09 22:34:45,15481,0.0
2018-09-09 22:34:45,15501,0.0
2018-09-09 22:34:45,15522,0.0
2018-09-09 22:34:45,15541,0.0
2018-09-09 22:34:45,15561,0.0
2018-09-09 22:34:45,15582,0.0
2018-09-09 22:34:45,15601,0.0
2018-09-09 22:34:45,15621,0.0
2018-09-09 22:34:45,15642,0.0
2018-09-09 22:34:45,15661,0.0
2018-09-09 22:34:45,15681,0.0
2018-09-09 22:34:45,15702,0.0
2018-09-09 22:34:45,15721,0.0
2018-09-09 22:34:45,15741,0.0
2018-09-09 22:34:46,15761,0.0
2018-09-09 22:34:46,15782,0.0
2018-09-09 22:34:46,15801,0.0
2018-09-09 22:34:46,15821,0.0
2018-09-09 22:34:46,15842,0.0
2018-09-09 22:34:46,15861,0.0
2018-09-09 22:34:46,15881,0.0
2018-09-09 22:34:46,15902,0.0
2018-09-09 22:34:46,15921,0.0
2018-09-09 22:34:46,15941,0.0
2018-09-09 22:34:46,15962,0.0
2018-09-09 22:34:46,15981,0.0
2018-09-09 22:34:46,16001,0.0
2018-09-09 22:34:46,16022,0.0
2018-09-09 22:34:46,16041,0.0
2018-09-09 22:34:46,16061,0.0
2018-09-09 22:34:46,16081,0.0
2018-09-09 22:34:46,16102,0.0
2018-09-09 22:34:46,16121,0.0
2018-09-09 22:34:46,16141,0.0
2018-09-09 22:34:46,16161,0.0
2018-09-09 22:34:46,16182,0.0
2018-09-09 22:34:46,16201,0.0
2018-09-09 22:34:46,16221,0.0
2018-09-09 22:34:46,16241,0.0
2018-09-09 22:34:46,16261,0.0
2018-09-09 22:34:46,16282,0.0
2018-09-09 22:34:46,16301,0.0
2018-09-09 22:34:46,16321,0.0
2018-09-09 22:34:46,16341,0.0
2018-09-09 22:34:46,16361,0.0
2018-09-09 22:34:46,16382,0.0
2018-09-09 22:34:46,16401,0.0
2018-09-09 22:34:46,16421,0.0
2018-09-09 22:34:46,16442,0.0
2018-09-09 22:34:46,16461,0.0
2018-09-09 22:34:46,16481,0.0
2018-09-09 22:34:46,16501,0.0
2018-09-09 22:34:46,16521,0.0
2018-09-09 22:34:46,16541,0.0
2018-09-09 22:34:46,16562,0.0
2018-09-09 22:34:46,16581,0.0
2018-09-09 22:34:46,16601,0.0
2018-09-09 22:34:46,16621,0.0
2018-09-09 22:34:46,16641,0.0
2018-09-09 22:34:46,16661,0.0
2018-09-09 22:34:46,16681,0.0
2018-09-09 22:34:46,16702,0.0
2018-09-09 22:34:46,16721,0.0
2018-09-09 22:34:46,16741,0.0
2018-09-09 22:34:47,16762,0.0
2018-09-09 22:34:47,16781,0.0
2018-09-09 22:34:47,16802,0.0
2018-09-09 22:34:47,16823,0.0
2018-09-09 22:34:47,16842,0.0
2018-09-09 22:34:47,16862,0.0
2018-09-09 22:34:47,16881,0.0
2018-09-09 22:34:47,16902,0.0
2018-09-09 22:34:47,16921,0.0
2018-09-09 22:34:47,16941,0.0
2018-09-09 22:34:47,16962,0.0
2018-09-09 22:34:47,16981,0.0
2018-09-09 22:34:47,17002,0.0
2018-09-09 22:34:47,17021,0.0
2018-09-09 22:34:47,17042,0.0
2018-09-09 22:34:47,17061,0.0
2018-09-09 22:34:47,17081,0.0
2018-09-09 22:34:47,17101,0.0
2018-09-09 22:34:47,17122,0.0
2018-09-09 22:34:47,17141,0.0
2018-09-09 22:34:47,17161,0.0
2018-09-09 22:34:47,17181,0.0
2018-09-09 22:34:47,17202,0.0
2018-09-09 22:34:47,17221,0.0
2018-09-09 22:34:47,17241,0.0
2018-09-09 22:34:47,17261,0.0
2018-09-09 22:34:47,17282,0.0
2018-09-09 22:34:47,17301,0.0
2018-09-09 22:34:47,17321,0.0
2018-09-09 22:34:47,17341,0.0
2018-09-09 22:34:47,17361,0.0
2018-09-09 22:34:47,17382,0.0
2018-09-09 22:34:47,17401,0.0
2018-09-09 22:34:47,17421,0.0
2018-09-09 22:34:47,17442,0.0
2018-09-09 22:34:47,17461,0.0
2018-09-09 22:34:47,17481,0.0
2018-09-09 22:34:47,17501,0.0
2018-09-09 22:34:47,17522,0.0
2018-09-09 22:34:47,17541,0.0
2018-09-09 22:34:47,17561,0.0
2018-09-09 22:34:47,17581,0.0
2018-09-09 22:34:47,17602,0.0
2018-09-09 22:34:47,17621,0.0
2018-09-09 22:34:47,17641,0.0
2018-09-09 22:34:47,17662,0.0
2018-09-09 22:34:47,17681,0.0
2018-09-09 22:34:47,17701,0.0
2018-09-09 22:34:47,17721,0.0
2018-09-09 22:34:47,17742,0.0
2018-09-09 22:34:48,17761,0.0
2018-09-09 22:34:48,17781,0.0
2018-09-09 22:34:48,17801,0.0
2018-09-09 22:34:48,17822,0.0
2018-09-09 22:34:48,17841,0.0
2018-09-09 22:34:48,17861,0.0
2018-09-09 22:34:48,17882,0.0
2018-09-09 22:34:48,17901,0.0
2018-09-09 22:34:48,17921,0.0
2018-09-09 22:34:48,17941,0.0
2018-09-09 22:34:48,17962,0.0
2018-09-09 22:34:48,17981,0.0
2018-09-09 22:34:48,18001,0.0
2018-09-09 22:34:48,18021,0.0
2018-09-09 22:34:48,18042,0.0
2018-09-09 22:34:48,18061,0.0
2018-09-09 22:34:48,18081,0.0
2018-09-09 22:34:48,18101,0.0
2018-09-09 22:34:48,18122,0.0
2018-09-09 22:34:48,18141,0.0
2018-09-09 22:34:48,18161,0.0
2018-09-09 22:34:48,18182,0.0
2018-09-09 22:34:48,18201,0.0
2018-09-09 22:34:48,18221,0.0
2018-09-09 22:34:48,18242,0.0
2018-09-09 22:34:48,18261,0.0
2018-09-09 22:34:48,18281,0.0
2018-09-09 22:34:48,18302,0.0
2018-09-09 22:34:48,18321,0.0
2018-09-09 22:34:48,18341,0.0
2018-09-09 22:34:48,18361,0.0
2018-09-09 22:34:48,18382,0.0
2018-09-09 22:34:48,18402,0.0
2018-09-09 22:34:48,18421,0.0
2018-09-09 22:34:48,18441,0.0
2018-09-09 22:34:48,18461,0.0
2018-09-09 22:34:48,18482,0.0
2018-09-09 22:34:48,18501,0.0
2018-09-09 22:34:48,18522,0.0
2018-09-09 22:34:48,18541,0.0
2018-09-09 22:34:48,18562,0.0
2018-09-09 22:34:48,18581,0.0
2018-09-09 22:34:48,18601,0.0
2018-09-09 22:34:48,18622,0.0
2018-09-09 22:34:48,18641,0.0
2018-09-09 22:34:48,18661,0.0
2018-09-09 22:34:48,18681,0.0
2018-09-09 22:34:48,18701,0.0
2018-09-09 22:34:48,18722,0.0
2018-09-09 22:34:48,18741,0.0
2018-09-09 22:34:49,18761,0.0
2018-09-09 22:34:49,18782,0.0
2018-09-09 22:34:49,18801,0.0
2018-09-09 22:34:49,18821,0.0
2018-09-09 22:34:49,18842,0.0
2018-09-09 22:34:49,18861,0.0
2018-09-09 22:34:49,18881,0.0
2018-09-09 22:34:49,18901,0.0
2018-09-09 22:34:49,18921,0.0
2018-09-09 22:34:49,18942,0.0
2018-09-09 22:34:49,18961,0.0
2018-09-09 22:34:49,18981,0.0
2018-09-09 22:34:49,19002,0.0
2018-09-09 22:34:49,19021,0.0
2018-09-09 22:34:49,19041,0.0
2018-09-09 22:34:49,19062,0.0
2018-09-09 22:34:49,19081,0.0
2018-09-09 22:34:49,19101,0.0
2018-09-09 22:34:49,19122,0.0
2018-09-09 22:34:49,19141,0.0
2018-09-09 22:34:49,19161,0.0
2018-09-09 22:34:49,19181,0.0
2018-09-09 22:34:49,19202,0.0
2018-09-09 22:34:49,19221,0.0
2018-09-09 22:34:49,19241,0.0
2018-09-09 22:34:49,19262,0.0
2018-09-09 22:34:49,19281,0.0
2018-09-09 22:34:49,19301,0.0
2018-09-09 22:34:49,19322,0.0
2018-09-09 22:34:49,19341,0.0
2018-09-09 22:34:49,19361,0.0
2018-09-09 22:34:49,19382,0.0
2018-09-09 22:34:49,19401,0.0
2018-09-09 22:34:49,19421,0.0
2018-09-09 22:34:49,19441,0.0
2018-09-09 22:34:49,19462,0.0
2018-09-09 22:34:49,19481,0.0
2018-09-09 22:34:49,19501,0.0
2018-09-09 22:34:49,19522,0.0
2018-09-09 22:34:49,19541,0.0
2018-09-09 22:34:49,19561,0.0
2018-09-09 22:34:49,19581,0.0
2018-09-09 22:34:49,19601,0.0
2018-09-09 22:34:49,19622,0.0
2018-09-09 22:34:49,19641,0.0
2018-09-09 22:34:49,19661,0.0
2018-09-09 22:34:49,19682,0.0
2018-09-09 22:34:49,19701,0.0
2018-09-09 22:34:49,19721,0.0
2018-09-09 22:34:49,19741,0.0
2018-09-09 22:34:50,19762,0.0
2018-09-09 22:34:50,19781,0.0
2018-09-09 22:34:50,19801,0.0
2018-09-09 22:34:50,19822,0.0
2018-09-09 22:34:50,19841,0.0
2018-09-09 22:34:50,19861,0.0
2018-09-09 22:34:50,19881,0.0
2018-09-09 22:34:50,19902,0.0
2018-09-09 22:34:50,19921,0.0
2018-09-09 22:34:50,19941,0.0
2018-09-09 22:34:50,19962,0.0
2018-09-09 22:34:50,19981,0.0
2018-09-09 22:34:50,20001,0.0
2018-09-09 22:34:50,20022,0.0
2018-09-09 22:34:50,20041,0.0
2018-09-09 22:34:50,20061,0.0
2018-09-09 22:34:50,20082,0.0
2018-09-09 22:34:50,20101,0.0
2018-09-09 22:34:50,20121,0.0
2018-09-09 22:34:50,20141,0.0
2018-09-09 22:34:50,20162,0.0
2018-09-09 22:34:50,20181,0.0
2018-09-09 22:34:50,20201,0.0
2018-09-09 22:34:50,20222,0.0
2018-09-09 22:34:50,20241,0.0
2018-09-09 22:34:50,20261,0.0
2018-09-09 22:34:50,20281,0.0
2018-09-09 22:34:50,20301,0.0
2018-09-09 22:34:50,20321,0.0
2018-09-09 22:34:50,20341,0.0
2018-09-09 22:34:50,20361,0.0
2018-09-09 22:34:50,20382,0.0
2018-09-09 22:34:50,20401,0.0
2018-09-09 22:34:50,20421,0.0
2018-09-09 22:34:50,20441,0.0
2018-09-09 22:34:50,20462,0.0
2018-09-09 22:34:50,20481,0.0
2018-09-09 22:34:50,20501,0.0
2018-09-09 22:34:50,20521,0.0
2018-09-09 22:34:50,20541,0.0
2018-09-09 22:34:50,20562,0.0
2018-09-09 22:34:50,20581,0.0
2018-09-09 22:34:50,20601,0.0
2018-09-09 22:34:50,20621,0.0
2018-09-09 22:34:50,20642,0.0
2018-09-09 22:34:50,20661,0.0
2018-09-09 22:34:50,20681,0.0
2018-09-09 22:34:50,20702,0.0
2018-09-09 22:34:50,20721,0.0
2018-09-09 22:34:50,20741,0.0
2018-09-09 22:34:51,20761,0.0
2018-09-09 22:34:51,20782,0.0
2018-09-09 22:34:51,20801,0.0
2018-09-09 22:34:51,20821,0.0
2018-09-09 22:34:51,20841,0.0
2018-09-09 22:34:51,20862,0.0
2018-09-09 22:34:51,20881,0.0
2018-09-09 22:34:51,20901,0.0
2018-09-09 22:34:51,20921,0.0
2018-09-09 22:34:51,20942,0.0
2018-09-09 22:34:51,20961,0.0
2018-09-09 22:34:51,20981,0.0
2018-09-09 22:34:51,21001,0.0
2018-09-09 22:34:51,21022,0.0
2018-09-09 22:34:51,21041,0.0
2018-09-09 22:34:51,21061,0.0
2018-09-09 22:34:51,21081,0.0
2018-09-09 22:34:51,21101,0.0
2018-09-09 22:34:51,21121,0.0
2018-09-09 22:34:51,21141,0.0
2018-09-09 22:34:51,21161,0.0
2018-09-09 22:34:51,21182,0.0
2018-09-09 22:34:51,21201,0.0
2018-09-09 22:34:51,21221,0.0
2018-09-09 22:34:51,21241,0.0
2018-09-09 22:34:51,21262,0.0
2018-09-09 22:34:51,21281,0.0
2018-09-09 22:34:51,21301,0.0
2018-09-09 22:34:51,21322,0.0
2018-09-09 22:34:51,21341,0.0
2018-09-09 22:34:51,21361,0.0
2018-09-09 22:34:51,21381,0.0
2018-09-09 22:34:51,21402,0.0
2018-09-09 22:34:51,21421,0.0
2018-09-09 22:34:51,21441,0.0
2018-09-09 22:34:51,21462,0.0
2018-09-09 22:34:51,21481,0.0
2018-09-09 22:34:51,21501,0.0
2018-09-09 22:34:51,21522,0.0
2018-09-09 22:34:51,21541,0.0
2018-09-09 22:34:51,21561,0.0
2018-09-09 22:34:51,21581,0.0
2018-09-09 22:34:51,21602,0.0
2018-09-09 22:34:51,21621,0.0
2018-09-09 22:34:51,21641,0.0
2018-09-09 22:34:51,21662,0.0
2018-09-09 22:34:51,21681,0.0
2018-09-09 22:34:51,21701,0.0
2018-09-09 22:34:51,21721,0.0
2018-09-09 22:34:51,21742,0.0
2018-09-09 22:34:52,21761,0.0
2018-09-09 22:34:52,21781,0.0
2018-09-09 22:34:52,21801,0.0
2018-09-09 22:34:52,21822,0.0
2018-09-09 22:34:52,21841,0.0
2018-09-09 22:34:52,21861,0.0
2018-09-09 22:34:52,21881,0.0
2018-09-09 22:34:52,21902,0.0
2018-09-09 22:34:52,21921,0.0
2018-09-09 22:34:52,21941,0.0
2018-09-09 22:34:52,21962,0.0
2018-09-09 22:34:52,21981,0.0
2018-09-09 22:34:52,22001,0.0
2018-09-09 22:34:52,22021,0.0
2018-09-09 22:34:52,22042,0.0
2018-09-09 22:34:52,22061,0.0
2018-09-09 22:34:52,22081,0.0
2018-09-09 22:34:52,22101,0.0
2018-09-09 22:34:52,22122,0.0
2018-09-09 22:34:52,22141,0.0
2018-09-09 22:34:52,22161,0.0
2018-09-09 22:34:52,22182,0.0
2018-09-09 22:34:52,22201,0.0
2018-09-09 22:34:52,22221,0.0
2018-09-09 22:34:52,22241,0.0
2018-09-09 22:34:52,22261,0.0
2018-09-09 22:34:52,22281,0.0
2018-09-09 22:34:52,22301,0.0
2018-09-09 22:34:52,22322,0.0
2018-09-09 22:34:52,22341,0.0
2018-09-09 22:34:52,22361,0.0
2018-09-09 22:34:52,22382,0.0
2018-09-09 22:34:52,22401,0.0
2018-09-09 22:34:52,22421,0.0
2018-09-09 22:34:52,22441,0.0
2018-09-09 22:34:52,22462,0.0
2018-09-09 22:34:52,22481,0.0
2018-09-09 22:34:52,22501,0.0
2018-09-09 22:34:52,22522,0.0
2018-09-09 22:34:52,22541,0.0
2018-09-09 22:34:52,22561,0.0
2018-09-09 22:34:52,22582,0.0
2018-09-09 22:34:52,22601,0.0
2018-09-09 22:34:52,22621,0.0
2018-09-09 22:34:52,22641,0.0
2018-09-09 22:34:52,22662,0.0
2018-09-09 22:34:52,22681,0.0
2018-09-09 22:34:52,22701,0.0
2018-09-09 22:34:52,22722,0.0
2018-09-09 22:34:52,22741,0.0
2018-09-09 22:34:53,22761,0.0
2018-09-09 22:34:53,22781,0.0
2018-09-09 22:34:53,22802,0.0
2018-09-09 22:34:53,22821,0.0
2018-09-09 22:34:53,22841,0.0
2018-09-09 22:34:53,22861,0.0
2018-09-09 22:34:53,22882,0.0
2018-09-09 22:34:53,22901,0.0
2018-09-09 22:34:53,22921,0.0
2018-09-09 22:34:53,22941,0.0
2018-09-09 22:34:53,22961,0.0
2018-09-09 22:34:53,22982,0.0
2018-09-09 22:34:53,23001,0.0
2018-09-09 22:34:53,23021,0.0
2018-09-09 22:34:53,23042,0.0
2018-09-09 22:34:53,23061,0.0
2018-09-09 22:34:53,23081,0.0
2018-09-09 22:34:53,23101,0.0
2018-09-09 22:34:53,23122,0.0
2018-09-09 22:34:53,23141,0.0
2018-09-09 22:34:53,23161,0.0
2018-09-09 22:34:53,23181,0.0
2018-09-09 22:34:53,23201,0.0
2018-09-09 22:34:53,23221,0.0
2018-09-09 22:34:53,23241,0.0
2018-09-09 22:34:53,23262,0.0
2018-09-09 22:34:53,23281,0.0
2018-09-09 22:34:53,23302,0.0
2018-09-09 22:34:53,23322,0.0
2018-09-09 22:34:53,23341,0.0
2018-09-09 22:34:53,23361,0.0
2018-09-09 22:34:53,23381,0.0
2018-09-09 22:34:53,23402,0.0
2018-09-09 22:34:53,23421,0.0
2018-09-09 22:34:53,23441,0.0
2018-09-09 22:34:53,23461,0.0
2018-09-09 22:34:53,23481,0.0
2018-09-09 22:34:53,23501,0.0
2018-09-09 22:34:53,23522,0.0
2018-09-09 22:34:53,23541,0.0
2018-09-09 22:34:53,23561,0.0
2018-09-09 22:34:53,23581,0.0
2018-09-09 22:34:53,23602,0.0
2018-09-09 22:34:53,23621,0.0
2018-09-09 22:34:53,23641,0.0
2018-09-09 22:34:53,23662,0.0
2018-09-09 22:34:53,23681,0.0
2018-09-09 22:34:53,23701,0.0
2018-09-09 22:34:53,23722,0.0
2018-09-09 22:34:53,23741,0.0
2018-09-09 22:34:54,23761,0.0
2018-09-09 22:34:54,23782,0.0
2018-09-09 22:34:54,23801,0.0
2018-09-09 22:34:54,23821,0.0
2018-09-09 22:34:54,23841,0.0
2018-09-09 22:34:54,23862,0.0
2018-09-09 22:34:54,23881,0.0
2018-09-09 22:34:54,23901,0.0
2018-09-09 22:34:54,23921,0.0
2018-09-09 22:34:54,23942,0.0
2018-09-09 22:34:54,23961,0.0
2018-09-09 22:34:54,23981,0.0
2018-09-09 22:34:54,24002,0.0
2018-09-09 22:34:54,24021,0.0
2018-09-09 22:34:54,24041,0.0
2018-09-09 22:34:54,24061,0.0
2018-09-09 22:34:54,24082,0.0
2018-09-09 22:34:54,24101,0.0
2018-09-09 22:34:54,24121,0.0
2018-09-09 22:34:54,24142,0.0
2018-09-09 22:34:54,24161,0.0
2018-09-09 22:34:54,24181,0.0
2018-09-09 22:34:54,24202,0.0
2018-09-09 22:34:54,24221,0.0
2018-09-09 22:34:54,24241,0.0
2018-09-09 22:34:54,24262,0.0
2018-09-09 22:34:54,24281,0.0
2018-09-09 22:34:54,24301,0.0
2018-09-09 22:34:54,24322,0.0
2018-09-09 22:34:54,24341,0.0
2018-09-09 22:34:54,24361,0.0
2018-09-09 22:34:54,24382,0.0
2018-09-09 22:34:54,24401,0.0
2018-09-09 22:34:54,24421,0.0
2018-09-09 22:34:54,24441,0.0
2018-09-09 22:34:54,24462,0.0
2018-09-09 22:34:54,24481,0.0
2018-09-09 22:34:54,24501,0.0
2018-09-09 22:34:54,24521,0.0
2018-09-09 22:34:54,24541,0.0
2018-09-09 22:34:54,24562,0.0
2018-09-09 22:34:54,24581,0.0
2018-09-09 22:34:54,24601,0.0
2018-09-09 22:34:54,24622,0.0
2018-09-09 22:34:54,24641,0.0
2018-09-09 22:34:54,24661,0.0
2018-09-09 22:34:54,24681,0.0
2018-09-09 22:34:54,24701,0.0
2018-09-09 22:34:54,24721,0.0
2018-09-09 22:34:54,24741,0.0
2018-09-09 22:34:55,24762,0.0
2018-09-09 22:34:55,24781,0.0
2018-09-09 22:34:55,24801,0.0
2018-09-09 22:34:55,24821,0.0
2018-09-09 22:34:55,24842,0.0
2018-09-09 22:34:55,24861,0.0
2018-09-09 22:34:55,24881,0.0
2018-09-09 22:34:55,24902,0.0
2018-09-09 22:34:55,24921,0.0
2018-09-09 22:34:55,24941,0.0
2018-09-09 22:34:55,24961,0.0
2018-09-09 22:34:55,24982,0.0
2018-09-09 22:34:55,25001,0.0
2018-09-09 22:34:55,25021,0.0
2018-09-09 22:34:55,25041,0.0
2018-09-09 22:34:55,25061,0.0
2018-09-09 22:34:55,25081,0.0
2018-09-09 22:34:55,25102,0.0
2018-09-09 22:34:55,25121,0.0
2018-09-09 22:34:55,25141,0.0
2018-09-09 22:34:55,25161,0.0
2018-09-09 22:34:55,25182,0.0
2018-09-09 22:34:55,25201,0.0
2018-09-09 22:34:55,25221,0.0
2018-09-09 22:34:55,25241,0.0
2018-09-09 22:34:55,25262,0.0
2018-09-09 22:34:55,25281,0.0
2018-09-09 22:34:55,25301,0.0
2018-09-09 22:34:55,25322,0.0
2018-09-09 22:34:55,25341,0.0
2018-09-09 22:34:55,25361,0.0
2018-09-09 22:34:55,25382,0.0
2018-09-09 22:34:55,25401,0.0
2018-09-09 22:34:55,25421,0.0
2018-09-09 22:34:55,25441,0.0
2018-09-09 22:34:55,25461,0.0
2018-09-09 22:34:55,25482,0.0
2018-09-09 22:34:55,25501,0.0
2018-09-09 22:34:55,25521,0.0
2018-09-09 22:34:55,25541,0.0
2018-09-09 22:34:55,25561,0.0
2018-09-09 22:34:55,25582,0.0
2018-09-09 22:34:55,25601,0.0
2018-09-09 22:34:55,25621,0.0
2018-09-09 22:34:55,25642,0.0
2018-09-09 22:34:55,25661,0.0
2018-09-09 22:34:55,25681,0.0
2018-09-09 22:34:55,25701,0.0
2018-09-09 22:34:55,25721,0.0
2018-09-09 22:34:55,25742,0.0
2018-09-09 22:34:56,25761,0.0
2018-09-09 22:34:56,25781,0.0
2018-09-09 22:34:56,25802,0.0
2018-09-09 22:34:56,25821,0.0
2018-09-09 22:34:56,25841,0.0
2018-09-09 22:34:56,25861,0.0
2018-09-09 22:34:56,25882,0.0
2018-09-09 22:34:56,25901,0.0
2018-09-09 22:34:56,25921,0.0
2018-09-09 22:34:56,25941,0.0
2018-09-09 22:34:56,25962,0.0
2018-09-09 22:34:56,25981,0.0
2018-09-09 22:34:56,26001,0.0
2018-09-09 22:34:56,26021,0.0
2018-09-09 22:34:56,26041,0.0
2018-09-09 22:34:56,26062,0.0
2018-09-09 22:34:56,26081,0.0
2018-09-09 22:34:56,26101,0.0
2018-09-09 22:34:56,26121,0.0
2018-09-09 22:34:56,26141,0.0
2018-09-09 22:34:56,26162,0.0
2018-09-09 22:34:56,26181,0.0
2018-09-09 22:34:56,26201,0.0
2018-09-09 22:34:56,26221,0.0
2018-09-09 22:34:56,26241,0.0
2018-09-09 22:34:56,26262,0.0
2018-09-09 22:34:56,26281,0.0
2018-09-09 22:34:56,26301,0.0
2018-09-09 22:34:56,26321,0.0
2018-09-09 22:34:56,26342,0.0
2018-09-09 22:34:56,26361,0.0
2018-09-09 22:34:56,26381,0.0
2018-09-09 22:34:56,26402,0.0
2018-09-09 22:34:56,26421,0.0
2018-09-09 22:34:56,26441,0.0
2018-09-09 22:34:56,26461,0.0
2018-09-09 22:34:56,26482,0.0
2018-09-09 22:34:56,26501,0.0
2018-09-09 22:34:56,26521,0.0
2018-09-09 22:34:56,26542,0.0
2018-09-09 22:34:56,26561,0.0
2018-09-09 22:34:56,26581,0.0
2018-09-09 22:34:56,26601,0.0
2018-09-09 22:34:56,26621,0.0
2018-09-09 22:34:56,26641,0.0
2018-09-09 22:34:56,26662,0.0
2018-09-09 22:34:56,26681,0.0
2018-09-09 22:34:56,26701,0.0
2018-09-09 22:34:56,26722,0.0
2018-09-09 22:34:56,26741,0.0
2018-09-09 22:34:57,26761,0.0
2018-09-09 22:34:57,26782,0.0
2018-09-09 22:34:57,26801,0.0
2018-09-09 22:34:57,26821,0.0
2018-09-09 22:34:57,26841,0.0
2018-09-09 22:34:57,26862,0.0
2018-09-09 22:34:57,26881,0.0
2018-09-09 22:34:57,26902,0.0
2018-09-09 22:34:57,26921,0.0
2018-09-09 22:34:57,26942,0.0
2018-09-09 22:34:57,26961,0.0
2018-09-09 22:34:57,26981,0.0
2018-09-09 22:34:57,27001,0.0
2018-09-09 22:34:57,27022,0.0
2018-09-09 22:34:57,27041,0.0
2018-09-09 22:34:57,27061,0.0
2018-09-09 22:34:57,27082,0.0
2018-09-09 22:34:57,27101,0.0
2018-09-09 22:34:57,27121,0.0
2018-09-09 22:34:57,27142,0.0
2018-09-09 22:34:57,27161,0.0
2018-09-09 22:34:57,27181,0.0
2018-09-09 22:34:57,27202,0.0
2018-09-09 22:34:57,27221,0.0
2018-09-09 22:34:57,27241,0.0
2018-09-09 22:34:57,27261,0.0
2018-09-09 22:34:57,27282,0.0
2018-09-09 22:34:57,27301,0.0
2018-09-09 22:34:57,27321,0.0
2018-09-09 22:34:57,27341,0.0
2018-09-09 22:34:57,27362,0.0
2018-09-09 22:34:57,27381,0.0
2018-09-09 22:34:57,27401,0.0
2018-09-09 22:34:57,27421,0.0
2018-09-09 22:34:57,27442,0.0
2018-09-09 22:34:57,27461,0.0
2018-09-09 22:34:57,27481,0.0
2018-09-09 22:34:57,27502,0.0
2018-09-09 22:34:57,27521,0.0
2018-09-09 22:34:57,27541,0.0
2018-09-09 22:34:57,27562,0.0
2018-09-09 22:34:57,27581,0.0
2018-09-09 22:34:57,27601,0.0
2018-09-09 22:34:57,27621,0.0
2018-09-09 22:34:57,27642,0.0
2018-09-09 22:34:57,27661,0.0
2018-09-09 22:34:57,27682,0.0
2018-09-09 22:34:57,27701,0.0
2018-09-09 22:34:57,27721,0.0
2018-09-09 22:34:57,27743,0.0
2018-09-09 22:34:58,27762,0.0
2018-09-09 22:34:58,27781,0.0
2018-09-09 22:34:58,27801,0.0
2018-09-09 22:34:58,27821,0.0
2018-09-09 22:34:58,27842,0.0
2018-09-09 22:34:58,27862,0.0
2018-09-09 22:34:58,27881,0.0
2018-09-09 22:34:58,27902,0.0
2018-09-09 22:34:58,27921,0.0
2018-09-09 22:34:58,27941,0.0
2018-09-09 22:34:58,27962,0.0
2018-09-09 22:34:58,27981,0.0
2018-09-09 22:34:58,28001,0.0
2018-09-09 22:34:58,28022,0.0
2018-09-09 22:34:58,28041,0.0
2018-09-09 22:34:58,28061,0.0
2018-09-09 22:34:58,28081,0.0
2018-09-09 22:34:58,28102,0.0
2018-09-09 22:34:58,28121,0.0
2018-09-09 22:34:58,28141,0.0
2018-09-09 22:34:58,28162,0.0
2018-09-09 22:34:58,28181,0.0
2018-09-09 22:34:58,28201,0.0
2018-09-09 22:34:58,28222,0.0
2018-09-09 22:34:58,28241,0.0
2018-09-09 22:34:58,28261,0.0
2018-09-09 22:34:58,28281,0.0
2018-09-09 22:34:58,28302,0.0
2018-09-09 22:34:58,28321,0.0
2018-09-09 22:34:58,28341,0.0
2018-09-09 22:34:58,28362,0.0
2018-09-09 22:34:58,28381,0.0
2018-09-09 22:34:58,28401,0.0
2018-09-09 22:34:58,28422,0.0
2018-09-09 22:34:58,28441,0.0
2018-09-09 22:34:58,28462,0.0
2018-09-09 22:34:58,28481,0.0
2018-09-09 22:34:58,28501,0.0
2018-09-09 22:34:58,28521,0.0
2018-09-09 22:34:58,28542,0.0
2018-09-09 22:34:58,28561,0.0
2018-09-09 22:34:58,28581,0.0
2018-09-09 22:34:58,28601,0.0
2018-09-09 22:34:58,28621,0.0
2018-09-09 22:34:58,28642,0.0
2018-09-09 22:34:58,28661,0.0
2018-09-09 22:34:58,28682,0.0
2018-09-09 22:34:58,28701,0.0
2018-09-09 22:34:58,28721,0.0
2018-09-09 22:34:58,28741,0.0
2018-09-09 22:34:59,28762,0.0
2018-09-09 22:34:59,28781,0.0
2018-09-09 22:34:59,28801,0.0
2018-09-09 22:34:59,28821,0.0
2018-09-09 22:34:59,28842,0.0
2018-09-09 22:34:59,28861,0.0
2018-09-09 22:34:59,28881,0.0
2018-09-09 22:34:59,28902,0.0
2018-09-09 22:34:59,28921,0.0
2018-09-09 22:34:59,28941,0.0
2018-09-09 22:34:59,28961,0.0
2018-09-09 22:34:59,28982,0.0
2018-09-09 22:34:59,29001,0.0
2018-09-09 22:34:59,29021,0.0
2018-09-09 22:34:59,29042,0.0
2018-09-09 22:34:59,29061,0.0
2018-09-09 22:34:59,29081,0.0
2018-09-09 22:34:59,29102,0.0
2018-09-09 22:34:59,29121,0.0
2018-09-09 22:34:59,29141,0.0
2018-09-09 22:34:59,29162,0.0
2018-09-09 22:34:59,29181,0.0
2018-09-09 22:34:59,29201,0.0
2018-09-09 22:34:59,29222,0.0
2018-09-09 22:34:59,29241,0.0
2018-09-09 22:34:59,29261,0.0
2018-09-09 22:34:59,29282,0.0
2018-09-09 22:34:59,29301,0.0
2018-09-09 22:34:59,29321,0.0
2018-09-09 22:34:59,29342,0.0
2018-09-09 22:34:59,29361,0.0
2018-09-09 22:34:59,29382,0.0
2018-09-09 22:34:59,29401,0.0
2018-09-09 22:34:59,29421,0.0
2018-09-09 22:34:59,29441,0.0
2018-09-09 22:34:59,29461,0.0
2018-09-09 22:34:59,29481,0.0
2018-09-09 22:34:59,29501,0.0
2018-09-09 22:34:59,29521,0.0
2018-09-09 22:34:59,29542,0.0
2018-09-09 22:34:59,29561,0.0
2018-09-09 22:34:59,29581,0.0
2018-09-09 22:34:59,29602,0.0
2018-09-09 22:34:59,29621,0.0
2018-09-09 22:34:59,29641,0.0
2018-09-09 22:34:59,29662,0.0
2018-09-09 22:34:59,29681,0.0
2018-09-09 22:34:59,29701,0.0
2018-09-09 22:34:59,29722,0.0
2018-09-09 22:34:59,29741,0.0
2018-09-09 22:35:00,29761,0.0
2018-09-09 22:35:00,29781,0.0
2018-09-09 22:35:00,29801,0.0
2018-09-09 22:35:00,29821,0.0
2018-09-09 22:35:00,29841,0.0
2018-09-09 22:35:00,29862,0.0
2018-09-09 22:35:00,29881,0.0
2018-09-09 22:35:00,29901,0.0
2018-09-09 22:35:00,29922,0.0
2018-09-09 22:35:00,29941,0.0
2018-09-09 22:35:00,29961,0.0
2018-09-09 22:35:00,29981,0.0
2018-09-09 22:35:00,30002,0.0
2018-09-09 22:35:00,30021,0.0
2018-09-09 22:35:00,30041,0.0
2018-09-09 22:35:00,30062,0.0
2018-09-09 22:35:00,30081,0.0
2018-09-09 22:35:00,30102,0.0
2018-09-09 22:35:00,30121,0.0
2018-09-09 22:35:00,30141,0.0
2018-09-09 22:35:00,30162,0.0
2018-09-09 22:35:00,30181,0.0
2018-09-09 22:35:00,30201,0.0
2018-09-09 22:35:00,30221,0.0
2018-09-09 22:35:00,30242,0.0
2018-09-09 22:35:00,30261,0.0
2018-09-09 22:35:00,30281,0.0
2018-09-09 22:35:00,30302,0.0
2018-09-09 22:35:00,30321,0.0
2018-09-09 22:35:00,30341,0.0
2018-09-09 22:35:00,30361,0.0
2018-09-09 22:35:00,30382,0.0
2018-09-09 22:35:00,30401,0.0
2018-09-09 22:35:00,30421,0.0
2018-09-09 22:35:00,30441,0.0
2018-09-09 22:35:00,30462,0.0
2018-09-09 22:35:00,30481,0.0
2018-09-09 22:35:00,30501,0.0
2018-09-09 22:35:00,30522,0.0
2018-09-09 22:35:00,30541,0.0
2018-09-09 22:35:00,30561,0.0
2018-09-09 22:35:00,30581,0.0
2018-09-09 22:35:00,30602,0.0
2018-09-09 22:35:00,30621,0.0
2018-09-09 22:35:00,30641,0.0
2018-09-09 22:35:00,30662,0.0
2018-09-09 22:35:00,30681,0.0
2018-09-09 22:35:00,30701,0.0
2018-09-09 22:35:00,30721,0.0
2018-09-09 22:35:00,30742,0.0
2018-09-09 22:35:01,30761,0.0
2018-09-09 22:35:01,30781,0.0
2018-09-09 22:35:01,30802,0.0
2018-09-09 22:35:01,30821,0.0
2018-09-09 22:35:01,30842,0.0
2018-09-09 22:35:01,30861,0.0
2018-09-09 22:35:01,30881,0.0
2018-09-09 22:35:01,30903,0.0
2018-09-09 22:35:01,30921,0.0
2018-09-09 22:35:01,30945,0.0
2018-09-09 22:35:01,30961,0.0
2018-09-09 22:35:01,30981,0.0
2018-09-09 22:35:01,31001,0.0
2018-09-09 22:35:01,31021,0.0
2018-09-09 22:35:01,31042,0.0
2018-09-09 22:35:01,31061,0.0
2018-09-09 22:35:01,31081,0.0
2018-09-09 22:35:01,31102,0.0
2018-09-09 22:35:01,31121,0.0
2018-09-09 22:35:01,31141,0.0
2018-09-09 22:35:01,31161,0.0
2018-09-09 22:35:01,31182,0.0
2018-09-09 22:35:01,31201,0.0
2018-09-09 22:35:01,31221,0.0
2018-09-09 22:35:01,31241,0.0
2018-09-09 22:35:01,31261,0.0
2018-09-09 22:35:01,31281,0.0
2018-09-09 22:35:01,31301,0.0
2018-09-09 22:35:01,31322,0.0
2018-09-09 22:35:01,31341,0.0
2018-09-09 22:35:01,31362,0.0
2018-09-09 22:35:01,31381,0.0
2018-09-09 22:35:01,31402,0.0
2018-09-09 22:35:01,31421,0.0
2018-09-09 22:35:01,31441,0.0
2018-09-09 22:35:01,31461,0.0
2018-09-09 22:35:01,31482,0.0
2018-09-09 22:35:01,31501,0.0
2018-09-09 22:35:01,31521,0.0
2018-09-09 22:35:01,31542,0.0
2018-09-09 22:35:01,31561,0.0
2018-09-09 22:35:01,31581,0.0
2018-09-09 22:35:01,31601,0.0
2018-09-09 22:35:01,31622,0.0
2018-09-09 22:35:01,31641,0.0
2018-09-09 22:35:01,31661,0.0
2018-09-09 22:35:01,31682,0.0
2018-09-09 22:35:01,31701,0.0
2018-09-09 22:35:01,31721,0.0
2018-09-09 22:35:01,31742,0.0
2018-09-09 22:35:02,31762,0.0
2018-09-09 22:35:02,31781,0.0
2018-09-09 22:35:02,31801,0.0
2018-09-09 22:35:02,31821,0.0
2018-09-09 22:35:02,31841,0.0
2018-09-09 22:35:02,31862,0.0
2018-09-09 22:35:02,31881,0.0
2018-09-09 22:35:02,31901,0.0
2018-09-09 22:35:02,31921,0.0
2018-09-09 22:35:02,31941,0.0
2018-09-09 22:35:02,31962,0.0
2018-09-09 22:35:02,31981,0.0
2018-09-09 22:35:02,32001,0.0
2018-09-09 22:35:02,32021,0.0
2018-09-09 22:35:02,32041,0.0
2018-09-09 22:35:02,32062,0.0
2018-09-09 22:35:02,32082,0.0
2018-09-09 22:35:02,32101,0.0
2018-09-09 22:35:02,32121,0.0
2018-09-09 22:35:02,32141,0.0
2018-09-09 22:35:02,32162,0.0
2018-09-09 22:35:02,32181,0.0
2018-09-09 22:35:02,32201,0.0
2018-09-09 22:35:02,32222,0.0
2018-09-09 22:35:02,32241,0.0
2018-09-09 22:35:02,32261,0.0
2018-09-09 22:35:02,32281,0.0
2018-09-09 22:35:02,32302,0.0
2018-09-09 22:35:02,32321,0.0
2018-09-09 22:35:02,32341,0.0
2018-09-09 22:35:02,32361,0.0
2018-09-09 22:35:02,32382,0.0
2018-09-09 22:35:02,32401,0.0
2018-09-09 22:35:02,32421,0.0
2018-09-09 22:35:02,32442,0.0
2018-09-09 22:35:02,32461,0.0
2018-09-09 22:35:02,32481,0.0
