Timestamp,Milliseconds,X,Y,Z,cos,headingAccuracy
2019-01-28 16:27:51,2,-0.036042262,0.018674416,-0.9975671,0.05667556,0.17453292
2019-01-28 16:27:51,21,-0.036177237,0.018308915,-0.9975813,0.05645802,0.17453292
2019-01-28 16:27:51,41,-0.03633951,0.017227383,-0.99759406,0.05646888,0.17453292
2019-01-28 16:27:51,61,-0.036240816,0.016865334,-0.99761546,0.056263007,0.17453292
2019-01-28 16:27:51,82,-0.036092456,0.017635906,-0.9976116,0.056191117,0.17453292
2019-01-28 16:27:51,101,-0.036049284,0.018265482,-0.9976059,0.056118593,0.17453292
2019-01-28 16:27:51,121,-0.036168724,0.01806204,-0.9976236,0.055791873,0.17453292
2019-01-28 16:27:51,141,-0.03623526,0.017420208,-0.9976291,0.05585394,0.17453292
2019-01-28 16:27:51,161,-0.03616509,0.017359452,-0.9976367,0.05578302,0.17453292
2019-01-28 16:27:51,181,-0.036095876,0.017816344,-0.99763197,0.055768006,0.17453292
2019-01-28 16:27:51,202,-0.036082912,0.018107694,-0.9976478,0.05539776,0.17453292
2019-01-28 16:27:51,221,-0.036094308,0.017846588,-0.9976697,0.055080917,0.17453292
2019-01-28 16:27:51,241,-0.036112677,0.01746462,-0.9976983,0.05467133,0.17453292
2019-01-28 16:27:51,261,-0.036143754,0.017524835,-0.99769866,0.05462536,0.17453292
2019-01-28 16:27:51,282,-0.03617496,0.017885441,-0.99769837,0.054492414,0.17453292
2019-01-28 16:27:51,301,-0.036242746,0.018058233,-0.997692,0.054507274,0.17453292
2019-01-28 16:27:51,321,-0.036267433,0.01781328,-0.9976946,0.054523643,0.17453292
2019-01-28 16:27:51,341,-0.036272876,0.017556306,-0.99770087,0.054488692,0.17453292
2019-01-28 16:27:51,361,-0.036216166,0.017503496,-0.99772054,0.054182217,0.17453292
2019-01-28 16:27:51,381,-0.036147635,0.017815612,-0.99772155,0.0541075,0.17453292
2019-01-28 16:27:51,402,-0.036207657,0.01811699,-0.99771255,0.05413308,0.17453292
2019-01-28 16:27:51,421,-0.036282092,0.017978793,-0.9977129,0.05412303,0.17453292
2019-01-28 16:27:51,441,-0.03649978,0.017427165,-0.99771565,0.054106284,0.17453292
2019-01-28 16:27:51,461,-0.036270138,0.017712869,-0.9977322,0.053862546,0.17453292
2019-01-28 16:27:51,481,-0.03576869,0.017940689,-0.99771756,0.0543914,0.17453292
2019-01-28 16:27:51,501,-0.035450988,0.01790008,-0.99772906,0.054401167,0.17453292
2019-01-28 16:27:51,522,-0.035586417,0.017685963,-0.997762,0.05377519,0.17453292
2019-01-28 16:27:51,541,-0.03594022,0.01766552,-0.9977658,0.05347559,0.17453292
2019-01-28 16:27:51,561,-0.035950594,0.017916042,-0.99775785,0.053533938,0.17453292
2019-01-28 16:27:51,581,-0.03561944,0.017974706,-0.9977561,0.053766534,0.17453292
2019-01-28 16:27:51,601,-0.035800055,0.017848825,-0.9977733,0.05336866,0.17453292
2019-01-28 16:27:51,622,-0.036155667,0.017713502,-0.99777055,0.053225145,0.17453292
2019-01-28 16:27:51,641,-0.035824034,0.017818084,-0.99777603,0.05331152,0.17453292
2019-01-28 16:27:51,661,-0.035488803,0.017848069,-0.99779767,0.05312073,0.17453292
2019-01-28 16:27:51,681,-0.035826553,0.01742066,-0.9978007,0.052978143,0.17453292
2019-01-28 16:27:51,701,-0.036331724,0.017307045,-0.9978078,0.05253607,0.17453292
2019-01-28 16:27:51,721,-0.036188617,0.017820427,-0.99780256,0.05256301,0.17453292
2019-01-28 16:27:51,742,-0.035538927,0.017752213,-0.997806,0.05296203,0.17453292
2019-01-28 16:27:51,761,-0.03592781,0.017751101,-0.9978023,0.052769236,0.17453292
2019-01-28 16:27:51,781,-0.036336962,0.01810685,-0.9977908,0.052586045,0.17453292
2019-01-28 16:27:51,801,-0.036038194,0.01818064,-0.9977941,0.05270406,0.17453292
2019-01-28 16:27:51,821,-0.035569727,0.017632572,-0.9978083,0.052939218,0.17453292
2019-01-28 16:27:51,842,-0.035702165,0.01724066,-0.9978055,0.053031143,0.17453292
2019-01-28 16:27:51,861,-0.03604134,0.017424611,-0.9977874,0.05308136,0.17453292
2019-01-28 16:27:51,881,-0.035836425,0.01782065,-0.9977879,0.05308005,0.17453292
2019-01-28 16:27:51,901,-0.03562123,0.017871952,-0.99778473,0.05326715,0.17453292
2019-01-28 16:27:51,921,-0.03577198,0.017732063,-0.9977704,0.05348052,0.17453292
2019-01-28 16:27:51,941,-0.03563674,0.017632239,-0.9977837,0.053354908,0.17453292
2019-01-28 16:27:51,961,-0.035317358,0.018045744,-0.99778724,0.053363156,0.17453292
2019-01-28 16:27:52,982,-0.035205398,0.01876912,-0.9977808,0.053307813,0.17453292
2019-01-28 16:27:52,1001,-0.0352882,0.019032462,-0.9977725,0.053315394,0.17453292
2019-01-28 16:27:52,1021,-0.035088673,0.018667808,-0.99779093,0.053231206,0.17453292
2019-01-28 16:27:52,1041,-0.034854874,0.018491106,-0.99780643,0.053155825,0.17453292
2019-01-28 16:27:52,1061,-0.034703743,0.018467568,-0.9978043,0.053302653,0.17453292
2019-01-28 16:27:52,1081,-0.034835372,0.018419385,-0.99778306,0.053630162,0.17453292
2019-01-28 16:27:52,1101,-0.035061575,0.018539157,-0.9977779,0.05353792,0.17453292
2019-01-28 16:27:52,1122,-0.034892526,0.018439777,-0.9977932,0.053396314,0.17453292
2019-01-28 16:27:52,1141,-0.034446977,0.018213915,-0.9978135,0.05338433,0.17453292
2019-01-28 16:27:52,1161,-0.03392814,0.018094812,-0.9978427,0.053209864,0.17453292
2019-01-28 16:27:52,1181,-0.033699792,0.018622147,-0.9978497,0.053043,0.17453292
2019-01-28 16:27:52,1201,-0.033764727,0.019158095,-0.99785244,0.05275834,0.17453292
2019-01-28 16:27:52,1221,-0.03369969,0.018890759,-0.9978578,0.052794598,0.17453292
2019-01-28 16:27:52,1242,-0.03424506,0.017871227,-0.9978422,0.05309305,0.17453292
2019-01-28 16:27:52,1261,-0.03452037,0.016620358,-0.9978513,0.053149387,0.17453292
2019-01-28 16:27:52,1281,-0.035022046,0.016813016,-0.997828,0.053198155,0.17453292
2019-01-28 16:27:52,1301,-0.03484995,0.018010177,-0.9978099,0.05325885,0.17453292
2019-01-28 16:27:52,1321,-0.03404515,0.018732542,-0.99782926,0.05316749,0.17453292
2019-01-28 16:27:52,1342,-0.03347474,0.01827835,-0.9978476,0.05334264,0.17453292
2019-01-28 16:27:52,1361,-0.03355019,0.017593822,-0.9978396,0.053673793,0.17453292
2019-01-28 16:27:52,1381,-0.034005847,0.017558645,-0.99783,0.053577807,0.17453292
2019-01-28 16:27:52,1401,-0.034320727,0.017898517,-0.9978076,0.053681593,0.17453292
2019-01-28 16:27:52,1421,-0.034148663,0.018392432,-0.9977964,0.053832002,0.17453292
2019-01-28 16:27:52,1442,-0.03378067,0.018523082,-0.9977994,0.053964216,0.17453292
2019-01-28 16:27:52,1461,-0.033659536,0.017928803,-0.99782777,0.05371577,0.17453292
2019-01-28 16:27:52,1481,-0.033670772,0.018067457,-0.99782735,0.053669814,0.17453292
2019-01-28 16:27:52,1501,-0.033758458,0.018447818,-0.9978026,0.05394442,0.17453292
2019-01-28 16:27:52,1521,-0.034098957,0.017836997,-0.9977945,0.054084927,0.17453292
2019-01-28 16:27:52,1541,-0.034534756,0.018009247,-0.99777055,0.054193836,0.17453292
2019-01-28 16:27:52,1561,-0.033803463,0.018400703,-0.9977999,0.05398272,0.17453292
2019-01-28 16:27:52,1582,-0.032957897,0.01847163,-0.99781054,0.054283667,0.17453292
2019-01-28 16:27:52,1601,-0.032958377,0.017786732,-0.9978206,0.05432628,0.17453292
2019-01-28 16:27:52,1621,-0.033420056,0.017124323,-0.9978071,0.054505497,0.17453292
2019-01-28 16:27:52,1641,-0.034148637,0.017608646,-0.99778146,0.054369375,0.17453292
2019-01-28 16:27:52,1661,-0.034454282,0.01899807,-0.99775004,0.054284807,0.17453292
2019-01-28 16:27:52,1682,-0.034265712,0.019496055,-0.997736,0.054485478,0.17453292
2019-01-28 16:27:52,1701,-0.033978958,0.01838498,-0.9977572,0.054662194,0.17453292
2019-01-28 16:27:52,1721,-0.033995748,0.017336454,-0.9977896,0.05440266,0.17453292
2019-01-28 16:27:52,1741,-0.034206364,0.017753147,-0.9977662,0.054565605,0.17453292
2019-01-28 16:27:52,1761,-0.033953622,0.018869245,-0.9977448,0.054739196,0.17453292
2019-01-28 16:27:52,1781,-0.033432543,0.019428961,-0.99774396,0.05487914,0.17453292
2019-01-28 16:27:52,1802,-0.03288123,0.018776711,-0.9977771,0.054836717,0.17453292
2019-01-28 16:27:52,1821,-0.032836393,0.01839195,-0.997779,0.0549596,0.17453292
2019-01-28 16:27:52,1841,-0.033246838,0.018946586,-0.99777055,0.054676946,0.17453292
2019-01-28 16:27:52,1861,-0.03327659,0.019912522,-0.99775875,0.054531105,0.17453292
2019-01-28 16:27:52,1882,-0.032802355,0.020252563,-0.9977627,0.05462139,0.17453292
2019-01-28 16:27:52,1901,-0.032247286,0.019746736,-0.99777293,0.054948714,0.17453292
2019-01-28 16:27:52,1921,-0.032039594,0.018912725,-0.99779516,0.054959834,0.17453292
2019-01-28 16:27:52,1942,-0.03200341,0.018588735,-0.9978075,0.05486714,0.17453292
2019-01-28 16:27:52,1961,-0.03166828,0.01898611,-0.99782366,0.054631084,0.17453292
2019-01-28 16:27:53,1981,-0.030816818,0.019396061,-0.9978366,0.054738015,0.17453292
2019-01-28 16:27:53,2002,-0.029920159,0.019658947,-0.9978404,0.055071007,0.17453292
2019-01-28 16:27:53,2021,-0.029332805,0.019414036,-0.99784493,0.05539057,0.17453292
2019-01-28 16:27:53,2041,-0.029099537,0.019182883,-0.99784654,0.055565186,0.17453292
2019-01-28 16:27:53,2061,-0.028909579,0.019201262,-0.9978573,0.055465244,0.17453292
2019-01-28 16:27:53,2081,-0.028503563,0.019420529,-0.9978687,0.055393796,0.17453292
2019-01-28 16:27:53,2101,-0.027721988,0.019986898,-0.9978791,0.055401873,0.17453292
2019-01-28 16:27:53,2121,-0.027011389,0.02023829,-0.9978925,0.055420034,0.17453292
2019-01-28 16:27:53,2142,-0.026563097,0.019697797,-0.99790204,0.055658747,0.17453292
2019-01-28 16:27:53,2161,-0.02644465,0.019399427,-0.99791944,0.05550762,0.17453292
2019-01-28 16:27:53,2181,-0.026147157,0.019757267,-0.9979142,0.055617355,0.17453292
2019-01-28 16:27:53,2201,-0.025210394,0.020205576,-0.9979122,0.055923052,0.17453292
2019-01-28 16:27:53,2221,-0.02429986,0.02019922,-0.99793917,0.055847127,0.17453292
2019-01-28 16:27:53,2242,-0.023741838,0.019774359,-0.99795157,0.056017503,0.17453292
2019-01-28 16:27:53,2261,-0.023065336,0.019364605,-0.9979679,0.05615222,0.17453292
2019-01-28 16:27:53,2281,-0.022039132,0.019584723,-0.99798465,0.056190062,0.17453292
2019-01-28 16:27:53,2301,-0.020631125,0.020082936,-0.99800193,0.056241672,0.17453292
2019-01-28 16:27:53,2321,-0.018992053,0.020377863,-0.99802685,0.05627148,0.17453292
2019-01-28 16:27:53,2342,-0.01779865,0.020410385,-0.9980394,0.056426395,0.17453292
2019-01-28 16:27:53,2361,-0.016896171,0.020028789,-0.99807125,0.056277398,0.17453292
2019-01-28 16:27:53,2381,-0.015789846,0.020101707,-0.9980963,0.05612871,0.17453292
2019-01-28 16:27:53,2401,-0.014341103,0.020359445,-0.9981073,0.05622798,0.17453292
2019-01-28 16:27:53,2422,-0.012144311,0.019911775,-0.998139,0.05634284,0.17453292
2019-01-28 16:27:53,2442,-0.010290102,0.019280935,-0.99817204,0.05634616,0.17453292
2019-01-28 16:27:53,2461,-0.008384999,0.01908508,-0.9981726,0.056717966,0.17453292
2019-01-28 16:27:53,2481,-0.006332464,0.019716198,-0.9981536,0.057100344,0.17453292
2019-01-28 16:27:53,2501,-0.0044077183,0.02064991,-0.9981482,0.057046637,0.17453292
2019-01-28 16:27:53,2521,-0.0027719177,0.020970825,-0.99814874,0.057023235,0.17453292
2019-01-28 16:27:53,2541,-0.0014479883,0.021480711,-0.99814224,0.056996047,0.17453292
2019-01-28 16:27:53,2561,-2.2863077E-4,0.021752208,-0.9981371,0.05700115,0.17453292
2019-01-28 16:27:53,2581,8.0671144E-4,0.022388289,-0.99811673,0.057105664,0.17453292
2019-01-28 16:27:53,2602,0.002136754,0.022124095,-0.9981247,0.057034664,0.17453292
2019-01-28 16:27:53,2621,0.0032597808,0.022376284,-0.99810576,0.057214566,0.17453292
2019-01-28 16:27:53,2641,0.004351129,0.02284065,-0.9981013,0.057037085,0.17453292
2019-01-28 16:27:53,2661,0.0059115095,0.023529194,-0.998066,0.057233706,0.17453292
2019-01-28 16:27:53,2681,0.008095765,0.023215322,-0.99804753,0.057416752,0.17453292
2019-01-28 16:27:53,2701,0.010697392,0.023108445,-0.9980048,0.05777513,0.17453292
2019-01-28 16:27:53,2722,0.013215151,0.023477117,-0.9979507,0.058039997,0.17453292
2019-01-28 16:27:53,2741,0.015256467,0.024069997,-0.9978885,0.058364265,0.17453292
2019-01-28 16:27:53,2761,0.017243315,0.024784409,-0.99783343,0.05845405,0.17453292
2019-01-28 16:27:53,2781,0.01925185,0.025300348,-0.99777615,0.05858355,0.17453292
2019-01-28 16:27:53,2801,0.02133598,0.025967473,-0.9977377,0.058223564,0.17453292
2019-01-28 16:27:53,2822,0.023879675,0.026883412,-0.9976489,0.058341794,0.17453292
2019-01-28 16:27:53,2841,0.027145049,0.02805107,-0.9975337,0.058333643,0.17453292
2019-01-28 16:27:53,2861,0.031358734,0.029905744,-0.99735916,0.058283474,0.17453292
2019-01-28 16:27:53,2881,0.036503077,0.032238796,-0.99710375,0.05841446,0.17453292
2019-01-28 16:27:53,2902,0.041201938,0.03421546,-0.9968642,0.058253486,0.17453292
2019-01-28 16:27:53,2921,0.045264926,0.03553135,-0.99663395,0.058389604,0.17453292
2019-01-28 16:27:53,2941,0.049280696,0.035874575,-0.9964078,0.058787193,0.17453292
2019-01-28 16:27:53,2961,0.053682387,0.036256682,-0.99616176,0.058867767,0.17453292
2019-01-28 16:27:54,2982,0.05859274,0.03740869,-0.99582833,0.05910534,0.17453292
2019-01-28 16:27:54,3001,0.06337444,0.039215118,-0.9954476,0.059413224,0.17453292
2019-01-28 16:27:54,3021,0.068240196,0.040816672,-0.99505293,0.059555672,0.17453292
2019-01-28 16:27:54,3041,0.07369276,0.04217503,-0.99461067,0.059500154,0.17453292
2019-01-28 16:27:54,3062,0.07976885,0.043688256,-0.99408334,0.059384815,0.17453292
2019-01-28 16:27:54,3081,0.08609046,0.04493898,-0.9934903,0.059548162,0.17453292
2019-01-28 16:27:54,3101,0.09299968,0.045909714,-0.992823,0.059546772,0.17453292
2019-01-28 16:27:54,3121,0.09979631,0.04709473,-0.9920835,0.059943072,0.17453292
2019-01-28 16:27:54,3141,0.10633939,0.048500806,-0.9913279,0.060072295,0.17453292
2019-01-28 16:27:54,3161,0.112451255,0.050389897,-0.9905462,0.060281023,0.17453292
2019-01-28 16:27:54,3181,0.119074605,0.052188553,-0.98966897,0.060439397,0.17453292
2019-01-28 16:27:54,3202,0.123646654,0.052856203,-0.9890472,0.06085518,0.17453292
2019-01-28 16:27:54,3221,0.12686574,0.053306643,-0.9886026,0.061061054,0.17453292
2019-01-28 16:27:54,3241,0.13219017,0.053734183,-0.98786134,0.061387256,0.17453292
2019-01-28 16:27:54,3261,0.13684049,0.054409638,-0.9871727,0.061679173,0.17453292
2019-01-28 16:27:54,3281,0.14150336,0.05499386,-0.9864713,0.061861984,0.17453292
2019-01-28 16:27:54,3302,0.1469226,0.05495008,-0.9856648,0.06212207,0.17453292
2019-01-28 16:27:54,3321,0.15123679,0.054946013,-0.9850015,0.062293086,0.17453292
2019-01-28 16:27:54,3341,0.15874335,0.055108946,-0.98380727,0.06234442,0.17453292
2019-01-28 16:27:54,3361,0.16516718,0.055953074,-0.9826854,0.06259749,0.17453292
2019-01-28 16:27:54,3382,0.1716557,0.05698232,-0.98149157,0.06294161,0.17453292
2019-01-28 16:27:54,3401,0.1766669,0.05742175,-0.98055214,0.063316934,0.17453292
2019-01-28 16:27:54,3421,0.1847348,0.057629794,-0.9790235,0.06375554,0.17453292
2019-01-28 16:27:54,3441,0.19085994,0.05748514,-0.97782433,0.06424614,0.17453292
2019-01-28 16:27:54,3461,0.19701785,0.05778405,-0.976555,0.06469442,0.17453292
2019-01-28 16:27:54,3481,0.203067,0.058175668,-0.9752896,0.064727165,0.17453292
2019-01-28 16:27:54,3501,0.20926262,0.05900464,-0.9739011,0.065148,0.17453292
2019-01-28 16:27:54,3521,0.21547344,0.059483033,-0.9725181,0.065126844,0.17453292
2019-01-28 16:27:54,3542,0.22083186,0.060787562,-0.9712029,0.065598235,0.17453292
2019-01-28 16:27:54,3561,0.22576438,0.06294489,-0.9698931,0.06614967,0.17453292
2019-01-28 16:27:54,3581,0.23073119,0.064555004,-0.96860856,0.066281326,0.17453292
2019-01-28 16:27:54,3601,0.23600888,0.06618638,-0.9672134,0.06646384,0.17453292
2019-01-28 16:27:54,3621,0.24126856,0.06801177,-0.9657592,0.06688083,0.17453292
2019-01-28 16:27:54,3641,0.24644981,0.069381244,-0.96432245,0.0673126,0.17453292
2019-01-28 16:27:54,3661,0.25165862,0.070382796,-0.96287733,0.06768602,0.17453292
2019-01-28 16:27:54,3682,0.25662786,0.07074889,-0.9615235,0.06789187,0.17453292
2019-01-28 16:27:54,3701,0.26143393,0.07149599,-0.9601349,0.06842167,0.17453292
2019-01-28 16:27:54,3721,0.26609597,0.072159335,-0.9587799,0.06875451,0.17453292
2019-01-28 16:27:54,3741,0.27085868,0.07262461,-0.9573863,0.06908471,0.17453292
2019-01-28 16:27:54,3761,0.27575696,0.07295012,-0.95593315,0.06948483,0.17453292
2019-01-28 16:27:54,3782,0.28058085,0.07307561,-0.9545041,0.06968695,0.17453292
2019-01-28 16:27:54,3801,0.2855663,0.07355167,-0.95296395,0.07001268,0.17453292
2019-01-28 16:27:54,3821,0.29066873,0.07399655,-0.95137095,0.0702109,0.17453292
2019-01-28 16:27:54,3841,0.2958042,0.07440709,-0.9497251,0.07060972,0.17453292
2019-01-28 16:27:54,3861,0.3007654,0.07519184,-0.9480856,0.07085238,0.17453292
2019-01-28 16:27:54,3882,0.30574912,0.07594437,-0.94643044,0.07084738,0.17453292
2019-01-28 16:27:54,3901,0.3101308,0.07661911,-0.94496024,0.07070005,0.17453292
2019-01-28 16:27:54,3921,0.3133787,0.07671698,-0.94388264,0.070667095,0.17453292
2019-01-28 16:27:54,3941,0.31663233,0.076425344,-0.9428301,0.070530616,0.17453292
2019-01-28 16:27:54,3962,0.32020742,0.07761995,-0.9415007,0.07084302,0.17453292
2019-01-28 16:27:55,3981,0.32456768,0.07883132,-0.9399161,0.07070557,0.17453292
2019-01-28 16:27:55,4001,0.32996336,0.07996639,-0.9379332,0.07078753,0.17453292
2019-01-28 16:27:55,4021,0.33549044,0.0818942,-0.9357821,0.07107296,0.17453292
2019-01-28 16:27:55,4041,0.34098166,0.08348086,-0.93365645,0.07105018,0.17453292
2019-01-28 16:27:55,4062,0.3463181,0.08392411,-0.93165046,0.07104847,0.17453292
2019-01-28 16:27:55,4081,0.3512671,0.08395531,-0.9297888,0.07110345,0.17453292
2019-01-28 16:27:55,4101,0.3559394,0.08335394,-0.92805296,0.07125245,0.17453292
2019-01-28 16:27:55,4121,0.36250553,0.08276151,-0.92554015,0.07152421,0.17453292
2019-01-28 16:27:55,4141,0.3681938,0.08323013,-0.9232165,0.07195394,0.17453292
2019-01-28 16:27:55,4161,0.37393647,0.08393364,-0.92081934,0.0722386,0.17453292
2019-01-28 16:27:55,4182,0.3793769,0.084587246,-0.9185219,0.07235845,0.17453292
2019-01-28 16:27:55,4201,0.3835118,0.08506552,-0.9167581,0.07236792,0.17453292
2019-01-28 16:27:55,4221,0.3889642,0.08595756,-0.9143491,0.07269035,0.17453292
2019-01-28 16:27:55,4241,0.3942677,0.08703485,-0.9119661,0.07277195,0.17453292
2019-01-28 16:27:55,4261,0.3998942,0.08803323,-0.9093894,0.07311492,0.17453292
2019-01-28 16:27:55,4281,0.40399942,0.08813539,-0.90757364,0.072984226,0.17453292
2019-01-28 16:27:55,4301,0.4076168,0.08844796,-0.90589845,0.07330394,0.17453292
2019-01-28 16:27:55,4321,0.4115267,0.08852246,-0.90412974,0.07320457,0.17453292
2019-01-28 16:27:55,4342,0.41603762,0.08855056,-0.90206754,0.07311435,0.17453292
2019-01-28 16:27:55,4361,0.42082855,0.0889984,-0.8998034,0.073051184,0.17453292
2019-01-28 16:27:55,4381,0.42520526,0.08999821,-0.8976131,0.07342708,0.17453292
2019-01-28 16:27:55,4401,0.42895564,0.09041289,-0.8957813,0.07347422,0.17453292
2019-01-28 16:27:55,4421,0.4317433,0.09025513,-0.89444166,0.073660515,0.17453292
2019-01-28 16:27:55,4442,0.4348398,0.08923313,-0.8930654,0.07338913,0.17453292
2019-01-28 16:27:55,4461,0.439159,0.088740125,-0.8909892,0.07350414,0.17453292
2019-01-28 16:27:55,4481,0.44309962,0.089060545,-0.88899016,0.07367125,0.17453292
2019-01-28 16:27:55,4501,0.44720086,0.08968362,-0.8868711,0.073673956,0.17453292
2019-01-28 16:27:55,4522,0.45097032,0.09005679,-0.8849132,0.07378456,0.17453292
2019-01-28 16:27:55,4541,0.45456925,0.09010348,-0.8830677,0.073753215,0.17453292
2019-01-28 16:27:55,4561,0.4579302,0.08978981,-0.8813891,0.073423564,0.17453292
2019-01-28 16:27:55,4581,0.46103823,0.088996105,-0.87986845,0.073177315,0.17453292
2019-01-28 16:27:55,4601,0.46357524,0.08865947,-0.87856686,0.0731965,0.17453292
2019-01-28 16:27:55,4622,0.4656371,0.08885385,-0.87743884,0.073404394,0.17453292
2019-01-28 16:27:55,4641,0.46716526,0.089479096,-0.87655044,0.07354867,0.17453292
2019-01-28 16:27:55,4661,0.4684885,0.08919676,-0.87589175,0.07332179,0.17453292
2019-01-28 16:27:55,4681,0.47003293,0.08888761,-0.87509227,0.073358856,0.17453292
2019-01-28 16:27:55,4702,0.4724162,0.08887295,-0.87384284,0.07296056,0.17453292
2019-01-28 16:27:55,4721,0.47568333,0.08922032,-0.87205446,0.07270553,0.17453292
2019-01-28 16:27:55,4741,0.47928223,0.09057418,-0.86989266,0.0732918,0.17453292
2019-01-28 16:27:55,4761,0.48270473,0.09170741,-0.86783344,0.07383121,0.17453292
2019-01-28 16:27:55,4782,0.48522612,0.09141999,-0.8664684,0.07369194,0.17453292
2019-01-28 16:27:55,4801,0.48698616,0.09059299,-0.8655794,0.07355062,0.17453292
2019-01-28 16:27:55,4821,0.4879465,0.08983689,-0.8651272,0.07343309,0.17453292
2019-01-28 16:27:55,4841,0.4889803,0.08974964,-0.8645075,0.0739598,0.17453292
2019-01-28 16:27:55,4861,0.49010137,0.089247435,-0.8639509,0.073650375,0.17453292
2019-01-28 16:27:55,4882,0.49116772,0.0887072,-0.8634618,0.07293167,0.17453292
2019-01-28 16:27:55,4901,0.492541,0.08910772,-0.86263,0.07302481,0.17453292
2019-01-28 16:27:55,4921,0.49413982,0.08994205,-0.86160254,0.07333011,0.17453292
2019-01-28 16:27:55,4941,0.49573216,0.0899421,-0.86069185,0.073277645,0.17453292
2019-01-28 16:27:55,4961,0.4977354,0.089705996,-0.8596016,0.07278316,0.17453292
2019-01-28 16:27:56,4981,0.499713,0.09026331,-0.8584015,0.07270741,0.17453292
2019-01-28 16:27:56,5001,0.5014105,0.09063491,-0.8573827,0.072579175,0.17453292
2019-01-28 16:27:56,5022,0.5027197,0.09027596,-0.85665894,0.07251634,0.17453292
2019-01-28 16:27:56,5041,0.5039695,0.0905811,-0.8558574,0.07292461,0.17453292
2019-01-28 16:27:56,5061,0.5046798,0.09119977,-0.85539293,0.07268995,0.17453292
2019-01-28 16:27:56,5081,0.5050168,0.09247977,-0.8550101,0.07323463,0.17453292
2019-01-28 16:27:56,5101,0.50583464,0.092386834,-0.85459703,0.07252469,0.17453292
2019-01-28 16:27:56,5121,0.5069243,0.09208221,-0.8540427,0.07183093,0.17453292
2019-01-28 16:27:56,5141,0.5074068,0.0916881,-0.8538195,0.071581796,0.17453292
2019-01-28 16:27:56,5161,0.507319,0.09118948,-0.8539168,0.071679816,0.17453292
2019-01-28 16:27:56,5182,0.50710493,0.090649545,-0.85413235,0.07131051,0.17453292
2019-01-28 16:27:56,5201,0.5075167,0.0906013,-0.85392743,0.07089497,0.17453292
2019-01-28 16:27:56,5221,0.50808144,0.09127486,-0.8535201,0.07089139,0.17453292
2019-01-28 16:27:56,5241,0.5085349,0.09147124,-0.8532296,0.07088418,0.17453292
2019-01-28 16:27:56,5261,0.5091182,0.091030955,-0.8529652,0.070444345,0.17453292
2019-01-28 16:27:56,5282,0.5104714,0.090835065,-0.8521958,0.07021573,0.17453292
2019-01-28 16:27:56,5301,0.51248735,0.09137128,-0.8509166,0.07034857,0.17453292
2019-01-28 16:27:56,5321,0.5148231,0.09195111,-0.8494444,0.07033105,0.17453292
2019-01-28 16:27:56,5341,0.5164703,0.09224551,-0.8483674,0.07086576,0.17453292
2019-01-28 16:27:56,5362,0.51672965,0.09121973,-0.84833974,0.07063384,0.17453292
2019-01-28 16:27:56,5381,0.5163183,0.08940152,-0.8488512,0.06981676,0.17453292
2019-01-28 16:27:56,5401,0.516089,0.08932493,-0.84898216,0.07001801,0.17453292
2019-01-28 16:27:56,5421,0.5164844,0.0901564,-0.8486502,0.07006104,0.17453292
2019-01-28 16:27:56,5442,0.5172574,0.091223545,-0.8480812,0.06986694,0.17453292
2019-01-28 16:27:56,5461,0.51770216,0.09199245,-0.84771687,0.06998566,0.17453292
2019-01-28 16:27:56,5481,0.5176832,0.09118696,-0.84786624,0.06936777,0.17453292
2019-01-28 16:27:56,5501,0.51770294,0.09036596,-0.8479506,0.06926374,0.17453292
2019-01-28 16:27:56,5522,0.5181737,0.09038086,-0.84766114,0.069267094,0.17453292
2019-01-28 16:27:56,5541,0.51827335,0.09049806,-0.84760183,0.0690937,0.17453292
2019-01-28 16:27:56,5561,0.51796013,0.08935529,-0.8479907,0.06815244,0.17453292
2019-01-28 16:27:56,5581,0.51681775,0.08832134,-0.8488139,0.06792433,0.17453292
2019-01-28 16:27:56,5601,0.5153655,0.088581465,-0.8496255,0.068470344,0.17453292
2019-01-28 16:27:56,5622,0.5139578,0.08953656,-0.8503624,0.06866144,0.17453292
2019-01-28 16:27:56,5641,0.51346254,0.09061512,-0.8505322,0.06884838,0.17453292
2019-01-28 16:27:56,5661,0.5133426,0.09035611,-0.85067445,0.068323284,0.17453292
2019-01-28 16:27:56,5682,0.5129896,0.08933268,-0.85104597,0.06769116,0.17453292
2019-01-28 16:27:56,5701,0.5122946,0.08890095,-0.8515157,0.067616045,0.17453292
2019-01-28 16:27:56,5721,0.5113629,0.08940308,-0.8519776,0.06818564,0.17453292
2019-01-28 16:27:56,5741,0.5106733,0.089802705,-0.85233724,0.06833383,0.17453292
2019-01-28 16:27:56,5761,0.51031476,0.08958694,-0.85259604,0.06806607,0.17453292
2019-01-28 16:27:56,5781,0.51004946,0.08908516,-0.8528373,0.06768996,0.17453292
2019-01-28 16:27:56,5801,0.5091076,0.08877429,-0.8534362,0.06764113,0.17453292
2019-01-28 16:27:56,5821,0.50784576,0.08814208,-0.8542855,0.067231074,0.17453292
2019-01-28 16:27:56,5842,0.50668144,0.08781882,-0.85503125,0.06695719,0.17453292
2019-01-28 16:27:56,5861,0.5059479,0.08845886,-0.8553698,0.06733723,0.17453292
2019-01-28 16:27:56,5881,0.50428295,0.089435786,-0.8562336,0.06755706,0.17453292
2019-01-28 16:27:56,5901,0.5033075,0.08900742,-0.8568905,0.06706647,0.17453292
2019-01-28 16:27:56,5921,0.50207007,0.08819317,-0.85773575,0.06661061,0.17453292
2019-01-28 16:27:56,5941,0.5006713,0.08773725,-0.8585905,0.0667289,0.17453292
2019-01-28 16:27:56,5961,0.49995074,0.087895505,-0.85896945,0.06704572,0.17453292
2019-01-28 16:27:57,5981,0.49913448,0.0880864,-0.85943586,0.06689965,0.17453292
2019-01-28 16:27:57,6002,0.49802563,0.0880211,-0.86011106,0.066570766,0.17453292
2019-01-28 16:27:57,6021,0.49618948,0.0881363,-0.86114144,0.066808775,0.17453292
2019-01-28 16:27:57,6041,0.49466586,0.08792713,-0.8620553,0.066597134,0.17453292
2019-01-28 16:27:57,6061,0.4933851,0.0879236,-0.86278427,0.06666245,0.17453292
2019-01-28 16:27:57,6082,0.4921211,0.08773342,-0.86353004,0.06659958,0.17453292
2019-01-28 16:27:57,6101,0.49107462,0.08733699,-0.86417973,0.06641817,0.17453292
2019-01-28 16:27:57,6121,0.4898031,0.08689247,-0.8649438,0.06644415,0.17453292
2019-01-28 16:27:57,6141,0.48767486,0.08633185,-0.86620355,0.06641889,0.17453292
2019-01-28 16:27:57,6161,0.4858878,0.08665183,-0.8671246,0.06707804,0.17453292
2019-01-28 16:27:57,6181,0.48419788,0.087035246,-0.86800164,0.06745657,0.17453292
2019-01-28 16:27:57,6202,0.4830648,0.08621988,-0.8687486,0.067010395,0.17453292
2019-01-28 16:27:57,6221,0.48227692,0.08523048,-0.8693023,0.066770494,0.17453292
2019-01-28 16:27:57,6241,0.48146325,0.084609576,-0.86982185,0.06666556,0.17453292
2019-01-28 16:27:57,6261,0.48016873,0.08437846,-0.87055284,0.06675366,0.17453292
2019-01-28 16:27:57,6282,0.4784246,0.08479446,-0.87142384,0.06738171,0.17453292
2019-01-28 16:27:57,6301,0.47649705,0.084689714,-0.8724961,0.06729585,0.17453292
2019-01-28 16:27:57,6321,0.47497195,0.08416069,-0.8734149,0.066821545,0.17453292
2019-01-28 16:27:57,6342,0.47371852,0.08434215,-0.87407094,0.06691171,0.17453292
2019-01-28 16:27:57,6362,0.4725703,0.08495445,-0.8745946,0.06741166,0.17453292
2019-01-28 16:27:57,6381,0.4710568,0.08481092,-0.8753937,0.067812,0.17453292
2019-01-28 16:27:57,6401,0.46958625,0.08378785,-0.8762929,0.067669645,0.17453292
2019-01-28 16:27:57,6422,0.46815634,0.08337943,-0.87707454,0.06795409,0.17453292
2019-01-28 16:27:57,6441,0.46690625,0.08374633,-0.8776766,0.06832914,0.17453292
2019-01-28 16:27:57,6461,0.46574816,0.08428651,-0.87822336,0.06854304,0.17453292
2019-01-28 16:27:57,6481,0.4644329,0.08449108,-0.8789055,0.06847248,0.17453292
2019-01-28 16:27:57,6502,0.46257958,0.084511414,-0.87986284,0.06869749,0.17453292
2019-01-28 16:27:57,6521,0.4602863,0.0846318,-0.88100415,0.069323346,0.17453292
2019-01-28 16:27:57,6541,0.45848876,0.0845852,-0.8819329,0.06948221,0.17453292
2019-01-28 16:27:57,6561,0.4575339,0.084539026,-0.8824199,0.06964924,0.17453292
2019-01-28 16:27:57,6581,0.45759788,0.084200814,-0.8824391,0.06939506,0.17453292
2019-01-28 16:27:57,6602,0.45763236,0.083805494,-0.88245124,0.0694915,0.17453292
2019-01-28 16:27:57,6621,0.45681033,0.084132224,-0.88285583,0.069366634,0.17453292
2019-01-28 16:27:57,6641,0.45564142,0.08436781,-0.8834074,0.069744915,0.17453292
2019-01-28 16:27:57,6661,0.45464325,0.08426401,-0.8839284,0.069782965,0.17453292
2019-01-28 16:27:57,6681,0.4541699,0.08400431,-0.8841965,0.06978197,0.17453292
2019-01-28 16:27:57,6701,0.45378152,0.083548814,-0.88443416,0.06984374,0.17453292
2019-01-28 16:27:57,6721,0.45339352,0.083301775,-0.8846648,0.06973805,0.17453292
2019-01-28 16:27:57,6741,0.45304528,0.08362179,-0.88478875,0.07004426,0.17453292
2019-01-28 16:27:57,6761,0.45312217,0.083994195,-0.88471246,0.07006554,0.17453292
2019-01-28 16:27:57,6781,0.45333496,0.08478476,-0.88451374,0.07024503,0.17453292
2019-01-28 16:27:57,6801,0.45257574,0.08484621,-0.8848954,0.07025964,0.17453292
2019-01-28 16:27:57,6821,0.45210454,0.08418922,-0.88521236,0.07009062,0.17453292
2019-01-28 16:27:57,6842,0.45193857,0.08446347,-0.8852574,0.07026195,0.17453292
2019-01-28 16:27:57,6861,0.45200357,0.08449362,-0.8852179,0.07030541,0.17453292
2019-01-28 16:27:57,6881,0.4520309,0.08459803,-0.88519585,0.07028221,0.17453292
2019-01-28 16:27:57,6901,0.45171514,0.08483781,-0.88532096,0.070447214,0.17453292
2019-01-28 16:27:57,6921,0.45114398,0.08534242,-0.8855192,0.0710035,0.17453292
2019-01-28 16:27:57,6941,0.4509985,0.08544069,-0.88557714,0.07108705,0.17453292
2019-01-28 16:27:57,6962,0.45121872,0.08507822,-0.8855157,0.07088929,0.17453292
2019-01-28 16:27:58,6981,0.45124528,0.085017726,-0.8854784,0.07125784,0.17453292
2019-01-28 16:27:58,7001,0.45088297,0.08519085,-0.8856334,0.07141829,0.17453292
2019-01-28 16:27:58,7021,0.45061794,0.08534565,-0.88576037,0.071331255,0.17453292
2019-01-28 16:27:58,7042,0.45062333,0.085507855,-0.8857177,0.07163271,0.17453292
2019-01-28 16:27:58,7061,0.45083657,0.08524815,-0.8856516,0.07141697,0.17453292
2019-01-28 16:27:58,7081,0.4507551,0.08520316,-0.8856971,0.07142081,0.17453292
2019-01-28 16:27:58,7101,0.4504126,0.08560888,-0.8858151,0.07163269,0.17453292
2019-01-28 16:27:58,7122,0.45034233,0.085818015,-0.8858144,0.07183199,0.17453292
2019-01-28 16:27:58,7141,0.4505324,0.08543954,-0.8857529,0.07185034,0.17453292
2019-01-28 16:27:58,7161,0.45060375,0.085053936,-0.88575935,0.07178095,0.17453292
2019-01-28 16:27:58,7181,0.45063645,0.085280925,-0.8856992,0.07204721,0.17453292
2019-01-28 16:27:58,7202,0.4507206,0.085858725,-0.8855859,0.07222758,0.17453292
2019-01-28 16:27:58,7221,0.45072648,0.086202554,-0.8855469,0.07225941,0.17453292
2019-01-28 16:27:58,7241,0.4507151,0.08610883,-0.8855621,0.07225589,0.17453292
2019-01-28 16:27:58,7261,0.4507511,0.08570605,-0.8856039,0.07199784,0.17453292
2019-01-28 16:27:58,7281,0.45074928,0.08556932,-0.8856476,0.071632974,0.17453292
2019-01-28 16:27:58,7302,0.45047894,0.08622113,-0.88571024,0.07177709,0.17453292
2019-01-28 16:27:58,7321,0.45031872,0.0865152,-0.8857847,0.0715101,0.17453292
2019-01-28 16:27:58,7341,0.4505164,0.08620194,-0.8857088,0.071582966,0.17453292
2019-01-28 16:27:58,7362,0.45078987,0.08549611,-0.8856563,0.07135687,0.17453292
2019-01-28 16:27:58,7381,0.4507741,0.08547846,-0.88565105,0.071542695,0.17453292
2019-01-28 16:27:58,7401,0.4504276,0.086143084,-0.8857419,0.07180315,0.17453292
2019-01-28 16:27:58,7421,0.4502445,0.08634844,-0.88582325,0.071701124,0.17453292
2019-01-28 16:27:58,7442,0.45032865,0.085628495,-0.8858782,0.07135639,0.17453292
2019-01-28 16:27:58,7461,0.45053858,0.084974915,-0.88585615,0.07108545,0.17453292
2019-01-28 16:27:58,7481,0.45055494,0.085028015,-0.88583726,0.07115359,0.17453292
2019-01-28 16:27:58,7501,0.450159,0.08545778,-0.8859874,0.07127501,0.17453292
2019-01-28 16:27:58,7522,0.44978103,0.08535647,-0.8862091,0.07102676,0.17453292
2019-01-28 16:27:58,7541,0.449807,0.08487655,-0.8862525,0.07089525,0.17453292
2019-01-28 16:27:58,7561,0.44997585,0.08438114,-0.8862286,0.07071351,0.17453292
2019-01-28 16:27:58,7581,0.4497965,0.08442542,-0.88631713,0.07069198,0.17453292
2019-01-28 16:27:58,7601,0.4489826,0.08488804,-0.8866692,0.070897005,0.17453292
2019-01-28 16:27:58,7621,0.44863933,0.08503128,-0.88681245,0.07110656,0.17453292
2019-01-28 16:27:58,7641,0.4487651,0.08499627,-0.8867485,0.07115259,0.17453292
2019-01-28 16:27:58,7662,0.44897142,0.08488963,-0.8866529,0.071169004,0.17453292
2019-01-28 16:27:58,7681,0.44881988,0.08469201,-0.88676095,0.07101397,0.17453292
2019-01-28 16:27:58,7701,0.44829872,0.08454799,-0.88704365,0.070946805,0.17453292
2019-01-28 16:27:58,7721,0.44812152,0.08456015,-0.8871326,0.070940144,0.17453292
2019-01-28 16:27:58,7741,0.44835773,0.08484279,-0.88695526,0.071326,0.17453292
2019-01-28 16:27:58,7761,0.44857252,0.08476553,-0.886855,0.0713138,0.17453292
2019-01-28 16:27:58,7781,0.44843143,0.08460152,-0.8869496,0.07121943,0.17453292
2019-01-28 16:27:58,7801,0.44825888,0.08454834,-0.88706154,0.07097453,0.17453292
2019-01-28 16:27:58,7822,0.4483136,0.08455434,-0.8870323,0.07098754,0.17453292
2019-01-28 16:27:58,7841,0.44833255,0.08440484,-0.8870444,0.07089393,0.17453292
2019-01-28 16:27:58,7861,0.4480868,0.084235236,-0.8871823,0.07092392,0.17453292
2019-01-28 16:27:58,7881,0.4478128,0.08411474,-0.8873296,0.070955336,0.17453292
2019-01-28 16:27:58,7902,0.44767123,0.08399335,-0.8873973,0.07114509,0.17453292
2019-01-28 16:27:58,7921,0.4476147,0.08358554,-0.8874794,0.07095626,0.17453292
2019-01-28 16:27:58,7941,0.44740906,0.0834122,-0.88758683,0.071113765,0.17453292
2019-01-28 16:27:58,7961,0.4472707,0.083368175,-0.88767636,0.070918344,0.17453292
2019-01-28 16:27:59,7982,0.44724593,0.083638616,-0.88765544,0.07101768,0.17453292
2019-01-28 16:27:59,8001,0.44701278,0.08358462,-0.8878015,0.07072227,0.17453292
2019-01-28 16:27:59,8021,0.44646496,0.08362155,-0.8880703,0.07076441,0.17453292
2019-01-28 16:27:59,8041,0.44613823,0.08336961,-0.8882514,0.07084943,0.17453292
2019-01-28 16:27:59,8061,0.4459704,0.08318083,-0.8883349,0.07108114,0.17453292
2019-01-28 16:27:59,8082,0.44566125,0.08348696,-0.8884569,0.07113632,0.17453292
2019-01-28 16:27:59,8101,0.44514835,0.0837632,-0.8887211,0.0707213,0.17453292
2019-01-28 16:27:59,8121,0.44434234,0.0836168,-0.88915557,0.07050144,0.17453292
2019-01-28 16:27:59,8141,0.44340923,0.083258435,-0.8896382,0.07071194,0.17453292
2019-01-28 16:27:59,8162,0.44269714,0.083164625,-0.88998514,0.07091795,0.17453292
2019-01-28 16:27:59,8181,0.4424938,0.08283313,-0.89013684,0.07067036,0.17453292
2019-01-28 16:27:59,8201,0.44228104,0.08268851,-0.8902399,0.07087348,0.17453292
2019-01-28 16:27:59,8221,0.44178948,0.08286037,-0.8904618,0.07095108,0.17453292
2019-01-28 16:27:59,8242,0.44123033,0.08304425,-0.89073485,0.0707878,0.17453292
2019-01-28 16:27:59,8261,0.44079468,0.08294109,-0.89096314,0.070749536,0.17453292
2019-01-28 16:27:59,8281,0.4406878,0.08243185,-0.89107573,0.07059238,0.17453292
2019-01-28 16:27:59,8301,0.44076145,0.08213521,-0.8910449,0.07086686,0.17453292
2019-01-28 16:27:59,8321,0.4400894,0.08241088,-0.89132553,0.07119405,0.17453292
2019-01-28 16:27:59,8341,0.4391532,0.08233796,-0.89180064,0.07110897,0.17453292
2019-01-28 16:27:59,8362,0.43876386,0.0820432,-0.8920173,0.07113632,0.17453292
2019-01-28 16:27:59,8381,0.43866205,0.0819947,-0.8920899,0.070909046,0.17453292
2019-01-28 16:27:59,8401,0.43772176,0.08236194,-0.89249897,0.071146324,0.17453292
2019-01-28 16:27:59,8421,0.4369018,0.082169235,-0.89290303,0.071338646,0.17453292
2019-01-28 16:27:59,8441,0.43623438,0.082092285,-0.89324355,0.071248695,0.17453292
2019-01-28 16:27:59,8461,0.4357658,0.08243849,-0.89341396,0.07157926,0.17453292
2019-01-28 16:27:59,8481,0.43526232,0.08239853,-0.8936615,0.07159819,0.17453292
2019-01-28 16:27:59,8502,0.43454483,0.08233612,-0.8939911,0.071912535,0.17453292
2019-01-28 16:27:59,8521,0.43358758,0.08235855,-0.89445126,0.07194295,0.17453292
2019-01-28 16:27:59,8541,0.43301013,0.0824082,-0.894708,0.072171986,0.17453292
2019-01-28 16:27:59,8561,0.43261006,0.082414456,-0.8948832,0.07239103,0.17453292
2019-01-28 16:27:59,8581,0.43217826,0.082805336,-0.89502037,0.0728271,0.17453292
2019-01-28 16:27:59,8601,0.43172476,0.082946286,-0.8952189,0.07291637,0.17453292
2019-01-28 16:27:59,8621,0.43090108,0.082609564,-0.89564407,0.07294911,0.17453292
2019-01-28 16:27:59,8642,0.42964098,0.082371,-0.89627165,0.0729438,0.17453292
2019-01-28 16:27:59,8661,0.42829388,0.082340494,-0.89686865,0.07355927,0.17453292
2019-01-28 16:27:59,8681,0.42726815,0.08218493,-0.89733297,0.074034445,0.17453292
2019-01-28 16:27:59,8701,0.4258376,0.08223184,-0.8979834,0.07433766,0.17453292
2019-01-28 16:27:59,8721,0.4242924,0.0823082,-0.8986957,0.07448068,0.17453292
2019-01-28 16:27:59,8741,0.42331088,0.08231999,-0.8991608,0.07443903,0.17453292
2019-01-28 16:27:59,8762,0.42287922,0.0822274,-0.8993641,0.07453848,0.17453292
2019-01-28 16:27:59,8781,0.42215922,0.081870615,-0.8997354,0.07453236,0.17453292
2019-01-28 16:27:59,8801,0.42113715,0.0814129,-0.9002668,0.07439773,0.17453292
2019-01-28 16:27:59,8821,0.420082,0.08103901,-0.90080434,0.0742653,0.17453292
2019-01-28 16:27:59,8841,0.41919234,0.080953754,-0.9012178,0.0743686,0.17453292
2019-01-28 16:27:59,8862,0.41843718,0.08103394,-0.9015499,0.074509285,0.17453292
2019-01-28 16:27:59,8881,0.41782713,0.08116985,-0.90181744,0.074547015,0.17453292
2019-01-28 16:27:59,8901,0.41727003,0.08127038,-0.9020889,0.074273154,0.17453292
2019-01-28 16:27:59,8921,0.41661328,0.08118424,-0.9023907,0.07438704,0.17453292
2019-01-28 16:27:59,8941,0.41552523,0.08130096,-0.90283954,0.074898034,0.17453292
2019-01-28 16:27:59,8961,0.41496205,0.08113829,-0.9031069,0.074973024,0.17453292
2019-01-28 16:28:00,8982,0.41517493,0.08129145,-0.9029796,0.075161785,0.17453292
2019-01-28 16:28:00,9001,0.41586486,0.081621625,-0.90263045,0.07518374,0.17453292
2019-01-28 16:28:00,9021,0.41699913,0.08209785,-0.90205234,0.0753207,0.17453292
2019-01-28 16:28:00,9042,0.41830656,0.082376234,-0.90142256,0.07530697,0.17453292
2019-01-28 16:28:00,9061,0.41966885,0.082452714,-0.90075797,0.075595796,0.17453292
2019-01-28 16:28:00,9081,0.421118,0.082431704,-0.90007275,0.07572126,0.17453292
2019-01-28 16:28:00,9101,0.42265505,0.08269406,-0.89929783,0.076077625,0.17453292
2019-01-28 16:28:00,9122,0.42442873,0.083007865,-0.8984381,0.07601934,0.17453292
2019-01-28 16:28:00,9141,0.425853,0.08337091,-0.8977456,0.07583746,0.17453292
2019-01-28 16:28:00,9161,0.42674166,0.08381884,-0.8972962,0.07566681,0.17453292
2019-01-28 16:28:00,9181,0.4275651,0.083911695,-0.8969282,0.075277545,0.17453292
2019-01-28 16:28:00,9201,0.42879874,0.08404093,-0.89633423,0.075191356,0.17453292
2019-01-28 16:28:00,9221,0.4303107,0.084350996,-0.8955864,0.07511788,0.17453292
2019-01-28 16:28:00,9241,0.43164468,0.08455226,-0.894929,0.07507248,0.17453292
2019-01-28 16:28:00,9262,0.43237233,0.08424885,-0.8946142,0.07497802,0.17453292
2019-01-28 16:28:00,9281,0.4332598,0.08419661,-0.8942121,0.07470971,0.17453292
2019-01-28 16:28:00,9301,0.4343862,0.08414703,-0.8936688,0.074726604,0.17453292
2019-01-28 16:28:00,9321,0.4345494,0.08470276,-0.8935073,0.075079955,0.17453292
2019-01-28 16:28:00,9341,0.4340255,0.085482664,-0.89367807,0.07519375,0.17453292
2019-01-28 16:28:00,9361,0.43393505,0.08583905,-0.89370084,0.07503872,0.17453292
2019-01-28 16:28:00,9381,0.4345284,0.08586328,-0.89344037,0.07467828,0.17453292
2019-01-28 16:28:00,9401,0.43485638,0.08554277,-0.89331543,0.07463144,0.17453292
2019-01-28 16:28:00,9422,0.4348419,0.084856376,-0.89342725,0.07415954,0.17453292
2019-01-28 16:28:00,9441,0.4345877,0.084873706,-0.89352745,0.07442249,0.17453292
2019-01-28 16:28:00,9461,0.4345466,0.085525386,-0.89346886,0.07461925,0.17453292
2019-01-28 16:28:00,9481,0.4346672,0.08638462,-0.89331347,0.07478771,0.17453292
2019-01-28 16:28:00,9501,0.43462008,0.086858064,-0.8932804,0.074908376,0.17453292
2019-01-28 16:28:00,9521,0.4346016,0.085584484,-0.8934559,0.07438577,0.17453292
2019-01-28 16:28:00,9542,0.4348478,0.08396558,-0.89355016,0.07365683,0.17453292
2019-01-28 16:28:00,9561,0.43481842,0.084573425,-0.8934651,0.07416466,0.17453292
2019-01-28 16:28:00,9581,0.434513,0.08583647,-0.893466,0.074491814,0.17453292
2019-01-28 16:28:00,9601,0.4345626,0.0853,-0.89353,0.07405002,0.17453292
2019-01-28 16:28:00,9622,0.43515462,0.08363749,-0.8934492,0.07344237,0.17453292
2019-01-28 16:28:00,9641,0.4347547,0.08322194,-0.8936576,0.0737465,0.17453292
2019-01-28 16:28:00,9661,0.4336083,0.08385122,-0.89410955,0.07430332,0.17453292
2019-01-28 16:28:00,9681,0.43309313,0.084155485,-0.89434326,0.07415071,0.17453292
2019-01-28 16:28:00,9702,0.43306965,0.08389298,-0.89438385,0.0740959,0.17453292
2019-01-28 16:28:00,9721,0.43294582,0.08368737,-0.8944601,0.07413135,0.17453292
2019-01-28 16:28:00,9741,0.4326604,0.08389852,-0.89457226,0.07420593,0.17453292
2019-01-28 16:28:00,9761,0.43198794,0.084346466,-0.89482546,0.07456216,0.17453292
2019-01-28 16:28:00,9782,0.4314536,0.08436531,-0.89508736,0.074491166,0.17453292
2019-01-28 16:28:00,9801,0.43157744,0.0839917,-0.8950681,0.07442739,0.17453292
2019-01-28 16:28:00,9821,0.43168733,0.08367011,-0.895062,0.074224874,0.17453292
2019-01-28 16:28:00,9841,0.431163,0.08385634,-0.89529824,0.0742131,0.17453292
2019-01-28 16:28:00,9861,0.4301939,0.08399191,-0.8957609,0.07410125,0.17453292
2019-01-28 16:28:00,9882,0.42930976,0.08386869,-0.89619535,0.07411513,0.17453292
2019-01-28 16:28:00,9901,0.4282276,0.08405892,-0.8966659,0.074468076,0.17453292
2019-01-28 16:28:00,9921,0.42716536,0.08392615,-0.89718175,0.07450549,0.17453292
2019-01-28 16:28:00,9941,0.42649126,0.082891606,-0.8976111,0.074354194,0.17453292
2019-01-28 16:28:00,9961,0.42553192,0.081902236,-0.898178,0.07410085,0.17453292
2019-01-28 16:28:01,9981,0.42480826,0.082480974,-0.8984181,0.074697286,0.17453292
2019-01-28 16:28:01,10001,0.42411092,0.08327038,-0.8986338,0.07518833,0.17453292
2019-01-28 16:28:01,10021,0.42343843,0.08299744,-0.8989517,0.07547933,0.17453292
2019-01-28 16:28:01,10041,0.4225626,0.08194957,-0.8994859,0.07516785,0.17453292
2019-01-28 16:28:01,10061,0.4210271,0.081264205,-0.90025723,0.07529413,0.17453292
2019-01-28 16:28:01,10082,0.4202922,0.08135481,-0.90056586,0.075610526,0.17453292
2019-01-28 16:28:01,10101,0.4197526,0.08171982,-0.9007392,0.07614802,0.17453292
2019-01-28 16:28:01,10121,0.41926578,0.08238506,-0.9008416,0.07689822,0.17453292
2019-01-28 16:28:01,10141,0.4182017,0.082617305,-0.90128046,0.0772999,0.17453292
2019-01-28 16:28:01,10161,0.41686767,0.08245024,-0.9018992,0.077466555,0.17453292
2019-01-28 16:28:01,10181,0.41536462,0.081838526,-0.9026465,0.07748546,0.17453292
2019-01-28 16:28:01,10201,0.4137712,0.08115925,-0.9034431,0.07744129,0.17453292
2019-01-28 16:28:01,10221,0.41169706,0.08070882,-0.904404,0.077750005,0.17453292
2019-01-28 16:28:01,10242,0.40895614,0.08097811,-0.9055614,0.07846012,0.17453292
2019-01-28 16:28:01,10261,0.40614656,0.0814238,-0.9067286,0.07910991,0.17453292
2019-01-28 16:28:01,10281,0.40360776,0.081246056,-0.90785563,0.07936007,0.17453292
2019-01-28 16:28:01,10301,0.40109465,0.08054834,-0.9090343,0.07931982,0.17453292
2019-01-28 16:28:01,10321,0.39855036,0.0796933,-0.910213,0.07949125,0.17453292
2019-01-28 16:28:01,10342,0.39654943,0.07854541,-0.911178,0.07958509,0.17453292
2019-01-28 16:28:01,10361,0.39495602,0.07717036,-0.9119914,0.079536825,0.17453292
2019-01-28 16:28:01,10381,0.39275655,0.076415636,-0.91300875,0.07948585,0.17453292
2019-01-28 16:28:01,10401,0.38993794,0.07604901,-0.9142441,0.07951534,0.17453292
2019-01-28 16:28:01,10421,0.3869117,0.07577534,-0.9155234,0.07983915,0.17453292
2019-01-28 16:28:01,10441,0.38384074,0.07486278,-0.91686654,0.08011016,0.17453292
2019-01-28 16:28:01,10462,0.38041884,0.07345372,-0.91840154,0.08015388,0.17453292
2019-01-28 16:28:01,10481,0.37642682,0.072571605,-0.9200949,0.08038378,0.17453292
2019-01-28 16:28:01,10501,0.37283126,0.07161865,-0.9216173,0.08055527,0.17453292
2019-01-28 16:28:01,10521,0.36942294,0.07042925,-0.92305833,0.08080647,0.17453292
2019-01-28 16:28:01,10542,0.3655797,0.06986423,-0.9245786,0.08139322,0.17453292
2019-01-28 16:28:01,10561,0.36191192,0.06904793,-0.9260332,0.081943125,0.17453292
2019-01-28 16:28:01,10581,0.3586665,0.06813865,-0.92731667,0.08245783,0.17453292
2019-01-28 16:28:01,10601,0.35508442,0.06734826,-0.9287269,0.08273808,0.17453292
2019-01-28 16:28:01,10621,0.35188583,0.06626275,-0.9300246,0.08270333,0.17453292
2019-01-28 16:28:01,10642,0.3488267,0.06548053,-0.9311974,0.08308798,0.17453292
2019-01-28 16:28:01,10661,0.34482723,0.0644716,-0.9327284,0.0833988,0.17453292
2019-01-28 16:28:01,10681,0.3403772,0.06316901,-0.93444455,0.08346526,0.17453292
2019-01-28 16:28:01,10701,0.3361147,0.062051974,-0.936022,0.0839006,0.17453292
2019-01-28 16:28:01,10722,0.33258626,0.06076223,-0.9373424,0.084163606,0.17453292
2019-01-28 16:28:01,10741,0.32985586,0.060202505,-0.93829155,0.08473331,0.17453292
2019-01-28 16:28:01,10761,0.32699046,0.06001147,-0.93929285,0.08488098,0.17453292
2019-01-28 16:28:01,10781,0.3236528,0.060050234,-0.9404151,0.08521937,0.17453292
2019-01-28 16:28:01,10802,0.32013074,0.0599444,-0.9415994,0.08551906,0.17453292
2019-01-28 16:28:01,10821,0.3172555,0.059424333,-0.94257563,0.0858419,0.17453292
2019-01-28 16:28:01,10841,0.3151004,0.058544006,-0.94336945,0.08566462,0.17453292
2019-01-28 16:28:01,10861,0.3133499,0.05762024,-0.944,0.08576558,0.17453292
2019-01-28 16:28:01,10882,0.31115764,0.0573794,-0.94471794,0.0860031,0.17453292
2019-01-28 16:28:01,10901,0.30842814,0.057326466,-0.9455909,0.0862765,0.17453292
2019-01-28 16:28:01,10921,0.30630925,0.057044465,-0.94628346,0.08641836,0.17453292
2019-01-28 16:28:01,10941,0.3039212,0.05646921,-0.9470434,0.08690134,0.17453292
2019-01-28 16:28:01,10962,0.3019736,0.05600361,-0.94764316,0.087452695,0.17453292
2019-01-28 16:28:02,10981,0.29960248,0.055834834,-0.94837946,0.08773422,0.17453292
2019-01-28 16:28:02,11001,0.29744706,0.05560647,-0.94904673,0.087997176,0.17453292
2019-01-28 16:28:02,11021,0.29352537,0.05475866,-0.9502816,0.08836964,0.17453292
2019-01-28 16:28:02,11041,0.2907083,0.05408172,-0.9511602,0.088646054,0.17453292
2019-01-28 16:28:02,11061,0.2882877,0.053540144,-0.95190346,0.08890145,0.17453292
2019-01-28 16:28:02,11081,0.28576943,0.053163197,-0.9526658,0.089092106,0.17453292
2019-01-28 16:28:02,11102,0.282541,0.05272795,-0.9536238,0.089398324,0.17453292
2019-01-28 16:28:02,11121,0.27906242,0.05189206,-0.95466864,0.08966115,0.17453292
2019-01-28 16:28:02,11141,0.27592015,0.051873624,-0.9555685,0.08981092,0.17453292
2019-01-28 16:28:02,11162,0.27330506,0.05186223,-0.95629424,0.09008899,0.17453292
2019-01-28 16:28:02,11181,0.2710422,0.051716857,-0.9569049,0.09052395,0.17453292
2019-01-28 16:28:02,11201,0.26832128,0.0514197,-0.9576648,0.090762645,0.17453292
2019-01-28 16:28:02,11221,0.26467735,0.050090168,-0.9587288,0.09097243,0.17453292
2019-01-28 16:28:02,11242,0.26041484,0.049261384,-0.95993125,0.09104626,0.17453292
2019-01-28 16:28:02,11261,0.25685856,0.049069047,-0.96084136,0.09165022,0.17453292
2019-01-28 16:28:02,11281,0.25362748,0.048572302,-0.9617003,0.091903776,0.17453292
2019-01-28 16:28:02,11301,0.2496181,0.04785232,-0.9627474,0.09229538,0.17453292
2019-01-28 16:28:02,11322,0.24520162,0.047159825,-0.96386343,0.09284059,0.17453292
2019-01-28 16:28:02,11341,0.24130845,0.04601237,-0.964887,0.09298448,0.17453292
2019-01-28 16:28:02,11361,0.23753574,0.045040235,-0.9658681,0.09298871,0.17453292
2019-01-28 16:28:02,11381,0.23444287,0.044653956,-0.9666627,0.09276737,0.17453292
2019-01-28 16:28:02,11401,0.23208058,0.044258628,-0.96724963,0.09277864,0.17453292
2019-01-28 16:28:02,11422,0.22944689,0.04382448,-0.9678783,0.09297945,0.17453292
2019-01-28 16:28:02,11441,0.22712801,0.04321171,-0.9684704,0.09279399,0.17453292
2019-01-28 16:28:02,11461,0.22580895,0.042787217,-0.9687843,0.09293332,0.17453292
2019-01-28 16:28:02,11481,0.22403033,0.042528573,-0.9691993,0.09302924,0.17453292
2019-01-28 16:28:02,11502,0.22119085,0.0422704,-0.96986246,0.093030006,0.17453292
2019-01-28 16:28:02,11521,0.21859734,0.04235656,-0.9704093,0.09341819,0.17453292
2019-01-28 16:28:02,11541,0.2158318,0.042041402,-0.9710485,0.09334907,0.17453292
2019-01-28 16:28:02,11561,0.21208003,0.041441996,-0.97186816,0.09368526,0.17453292
2019-01-28 16:28:02,11582,0.2074672,0.040421285,-0.97287333,0.09402629,0.17453292
2019-01-28 16:28:02,11601,0.20215961,0.0395409,-0.9739637,0.09467158,0.17453292
2019-01-28 16:28:02,11621,0.19734967,0.038372107,-0.9749835,0.09480401,0.17453292
2019-01-28 16:28:02,11641,0.19402425,0.037991617,-0.97563463,0.09512266,0.17453292
2019-01-28 16:28:02,11662,0.19134553,0.038024887,-0.9761251,0.095502354,0.17453292
2019-01-28 16:28:02,11681,0.18844856,0.03750156,-0.97665983,0.09600205,0.17453292
2019-01-28 16:28:02,11701,0.18538482,0.03742579,-0.97721195,0.09637721,0.17453292
2019-01-28 16:28:02,11721,0.18187714,0.037219446,-0.97785354,0.096632704,0.17453292
2019-01-28 16:28:02,11742,0.17900072,0.036836274,-0.9783768,0.09685367,0.17453292
2019-01-28 16:28:02,11761,0.17652546,0.036338903,-0.97880393,0.097268045,0.17453292
2019-01-28 16:28:02,11781,0.17131466,0.03504142,-0.97975934,0.09744272,0.17453292
2019-01-28 16:28:02,11801,0.16743472,0.033696953,-0.98043734,0.09784027,0.17453292
2019-01-28 16:28:02,11821,0.16449966,0.03206799,-0.98099554,0.09777128,0.17453292
2019-01-28 16:28:02,11842,0.16237524,0.03091567,-0.9814012,0.09762258,0.17453292
2019-01-28 16:28:02,11861,0.16149805,0.030491132,-0.9815524,0.0976911,0.17453292
2019-01-28 16:28:02,11881,0.16024895,0.029068537,-0.9817986,0.09770756,0.17453292
2019-01-28 16:28:02,11901,0.15781601,0.02680791,-0.982275,0.097525716,0.17453292
2019-01-28 16:28:02,11921,0.15612757,0.025122471,-0.9825732,0.09768791,0.17453292
2019-01-28 16:28:02,11941,0.15418783,0.023808036,-0.98292375,0.097571805,0.17453292
2019-01-28 16:28:02,11961,0.15209161,0.02314884,-0.9832409,0.097824164,0.17453292
2019-01-28 16:28:03,11981,0.1497127,0.023731645,-0.98355997,0.09814666,0.17453292
2019-01-28 16:28:03,12002,0.14629367,0.023760235,-0.98409176,0.0979646,0.17453292
2019-01-28 16:28:03,12021,0.14283289,0.022698706,-0.98460764,0.098139524,0.17453292
2019-01-28 16:28:03,12041,0.13930704,0.02118631,-0.98511976,0.09840627,0.17453292
2019-01-28 16:28:03,12061,0.13544075,0.019385241,-0.98568904,0.09847407,0.17453292
2019-01-28 16:28:03,12081,0.13216393,0.019486967,-0.9861016,0.09877496,0.17453292
2019-01-28 16:28:03,12101,0.12984033,0.020376908,-0.9863482,0.09921459,0.17453292
2019-01-28 16:28:03,12121,0.12756105,0.020816624,-0.9865907,0.09966754,0.17453292
2019-01-28 16:28:03,12142,0.12465401,0.020851089,-0.9869544,0.09973768,0.17453292
2019-01-28 16:28:03,12161,0.12225631,0.019914772,-0.9872753,0.099720985,0.17453292
2019-01-28 16:28:03,12181,0.12012797,0.019354304,-0.9875249,0.09994572,0.17453292
2019-01-28 16:28:03,12201,0.117999576,0.020025555,-0.98774517,0.100172795,0.17453292
2019-01-28 16:28:03,12221,0.11626144,0.020699121,-0.9879496,0.10005212,0.17453292
2019-01-28 16:28:03,12241,0.1156959,0.019062432,-0.988055,0.09999236,0.17453292
2019-01-28 16:28:03,12261,0.11460188,0.018299794,-0.98818004,0.10015869,0.17453292
2019-01-28 16:28:03,12282,0.11310068,0.018313576,-0.98832476,0.10043443,0.17453292
2019-01-28 16:28:03,12301,0.11168723,0.018166646,-0.98851043,0.100214876,0.17453292
2019-01-28 16:28:03,12321,0.10973206,0.018462693,-0.98873174,0.100137785,0.17453292
2019-01-28 16:28:03,12341,0.10721152,0.018355913,-0.9889781,0.10045453,0.17453292
2019-01-28 16:28:03,12361,0.103877515,0.018610742,-0.98928946,0.100843646,0.17453292
2019-01-28 16:28:03,12381,0.10024371,0.01833733,-0.98965394,0.10099523,0.17453292
2019-01-28 16:28:03,12402,0.09703369,0.018194672,-0.9899728,0.10103144,0.17453292
2019-01-28 16:28:03,12421,0.09385072,0.018534908,-0.9902347,0.101408795,0.17453292
2019-01-28 16:28:03,12441,0.09006347,0.018247915,-0.9905932,0.10139405,0.17453292
2019-01-28 16:28:03,12461,0.087056264,0.017540682,-0.99090445,0.10110317,0.17453292
2019-01-28 16:28:03,12482,0.08565779,0.016799672,-0.99104446,0.10105129,0.17453292
2019-01-28 16:28:03,12501,0.084035814,0.01575453,-0.9911549,0.10149741,0.17453292
2019-01-28 16:28:03,12521,0.08137104,0.015127376,-0.99137455,0.101618886,0.17453292
2019-01-28 16:28:03,12541,0.07884923,0.014672342,-0.9916075,0.10140104,0.17453292
2019-01-28 16:28:03,12561,0.07619276,0.015031457,-0.9918024,0.10147264,0.17453292
2019-01-28 16:28:03,12581,0.07361187,0.014749997,-0.99197215,0.1017595,0.17453292
2019-01-28 16:28:03,12602,0.069994435,0.014611521,-0.9921932,0.10217577,0.17453292
2019-01-28 16:28:03,12621,0.067776255,0.01432423,-0.9923223,0.102458,0.17453292
2019-01-28 16:28:03,12641,0.06409627,0.014201228,-0.9925215,0.10291266,0.17453292
2019-01-28 16:28:03,12661,0.05813344,0.014072926,-0.99285704,0.1032344,0.17453292
2019-01-28 16:28:03,12681,0.05377846,0.013430057,-0.9930916,0.103424564,0.17453292
2019-01-28 16:28:03,12701,0.04985261,0.01320432,-0.99326915,0.10371469,0.17453292
2019-01-28 16:28:03,12721,0.046069104,0.013136327,-0.9934288,0.10394329,0.17453292
2019-01-28 16:28:03,12741,0.04253693,0.013003496,-0.9935981,0.10384776,0.17453292
2019-01-28 16:28:03,12761,0.039453793,0.01316558,-0.9937459,0.10362993,0.17453292
2019-01-28 16:28:03,12781,0.036502555,0.012934102,-0.9938162,0.104065366,0.17453292
2019-01-28 16:28:03,12801,0.032768406,0.013362541,-0.99397117,0.10377354,0.17453292
2019-01-28 16:28:03,12821,0.029956093,0.013803252,-0.9940717,0.10360263,0.17453292
2019-01-28 16:28:03,12842,0.027989894,0.013340809,-0.9941083,0.10386144,0.17453292
2019-01-28 16:28:03,12861,0.026566653,0.013145018,-0.9941353,0.1040021,0.17453292
2019-01-28 16:28:03,12881,0.023608327,0.013257074,-0.9941852,0.10422392,0.17453292
2019-01-28 16:28:03,12901,0.0208344,0.01204549,-0.9942453,0.10438945,0.17453292
2019-01-28 16:28:03,12921,0.017593537,0.011265795,-0.9943348,0.10422029,0.17453292
2019-01-28 16:28:03,12941,0.014942816,0.011952558,-0.9944131,0.10380993,0.17453292
2019-01-28 16:28:03,12962,0.013691212,0.01199798,-0.9944218,0.103893705,0.17453292
2019-01-28 16:28:04,12981,0.011848694,0.013420982,-0.9944243,0.10392208,0.17453292
2019-01-28 16:28:04,13001,0.009097981,0.013950458,-0.99445146,0.10386979,0.17453292
2019-01-28 16:28:04,13021,0.0058595156,0.013257671,-0.9944704,0.10401193,0.17453292
2019-01-28 16:28:04,13041,0.002534777,0.01288571,-0.9944628,0.10426572,0.17453292
2019-01-28 16:28:04,13062,-0.0011659863,0.0131614115,-0.99444395,0.10443495,0.17453292
2019-01-28 16:28:04,13081,-0.004800381,0.013937154,-0.994437,0.10429664,0.17453292
2019-01-28 16:28:04,13101,-0.007764116,0.014853499,-0.994404,0.10430589,0.17453292
2019-01-28 16:28:04,13122,-0.009771002,0.014627335,-0.99445564,0.10367535,0.17453292
2019-01-28 16:28:04,13141,-0.009922467,0.013534839,-0.99446166,0.10375138,0.17453292
2019-01-28 16:28:04,13161,-0.010615179,0.014485692,-0.99439996,0.10414491,0.17453292
2019-01-28 16:28:04,13182,-0.01222006,0.015418519,-0.9943591,0.10422568,0.17453292
2019-01-28 16:28:04,13201,-0.014546817,0.015309217,-0.9944033,0.10351851,0.17453292
2019-01-28 16:28:04,13221,-0.015366664,0.014283651,-0.9944089,0.10349273,0.17453292
2019-01-28 16:28:04,13241,-0.016562916,0.014023709,-0.9943871,0.10355323,0.17453292
2019-01-28 16:28:04,13261,-0.018764693,0.015239921,-0.99426943,0.10413408,0.17453292
2019-01-28 16:28:04,13281,-0.020972975,0.015536749,-0.99426556,0.1037053,0.17453292
2019-01-28 16:28:04,13301,-0.022719389,0.01458327,-0.9942648,0.10348306,0.17453292
2019-01-28 16:28:04,13322,-0.0243364,0.012991934,-0.994253,0.10344034,0.17453292
2019-01-28 16:28:04,13341,-0.026480166,0.01365584,-0.9941939,0.10339604,0.17453292
2019-01-28 16:28:04,13361,-0.029219586,0.013880866,-0.9940728,0.1037922,0.17453292
2019-01-28 16:28:04,13381,-0.031663287,0.013690913,-0.9940619,0.103203595,0.17453292
2019-01-28 16:28:04,13401,-0.033764496,0.012298863,-0.994018,0.10313501,0.17453292
2019-01-28 16:28:04,13422,-0.03604954,0.01242818,-0.9939461,0.10303974,0.17453292
2019-01-28 16:28:04,13441,-0.038317885,0.013586812,-0.99384975,0.103003964,0.17453292
2019-01-28 16:28:04,13461,-0.03940415,0.013521636,-0.9938814,0.10229504,0.17453292
2019-01-28 16:28:04,13481,-0.039999668,0.0117322765,-0.99387366,0.10235956,0.17453292
2019-01-28 16:28:04,13501,-0.04344122,0.012862757,-0.9936954,0.10255215,0.17453292
2019-01-28 16:28:04,13521,-0.046163008,0.012931862,-0.9935857,0.10241679,0.17453292
2019-01-28 16:28:04,13542,-0.047282904,0.01284977,-0.9936404,0.1013801,0.17453292
2019-01-28 16:28:04,13561,-0.046446003,0.011665892,-0.9937075,0.101252824,0.17453292
2019-01-28 16:28:04,13581,-0.04561183,0.0128345825,-0.9937235,0.10133331,0.17453292
2019-01-28 16:28:04,13601,-0.044695854,0.0142173655,-0.9937746,0.1010556,0.17453292
2019-01-28 16:28:04,13621,-0.043542866,0.013958733,-0.9939453,0.09990962,0.17453292
2019-01-28 16:28:04,13641,-0.040314354,0.012908529,-0.9941354,0.099513814,0.17453292
2019-01-28 16:28:04,13661,-0.03671303,0.012992349,-0.9942543,0.09970855,0.17453292
2019-01-28 16:28:04,13682,-0.033212595,0.015075427,-0.9943777,0.09941179,0.17453292
2019-01-28 16:28:04,13701,-0.02881553,0.015253489,-0.9945836,0.09869373,0.17453292
2019-01-28 16:28:04,13721,-0.022827163,0.013911478,-0.9947342,0.0989407,0.17453292
2019-01-28 16:28:04,13741,-0.018929476,0.014655855,-0.99483496,0.098642096,0.17453292
2019-01-28 16:28:04,13761,-0.01566413,0.015696982,-0.994876,0.098640166,0.17453292
2019-01-28 16:28:04,13781,-0.012572012,0.016153056,-0.99500287,0.09772556,0.17453292
2019-01-28 16:28:04,13801,-0.008762123,0.017081393,-0.995055,0.09745231,0.17453292
2019-01-28 16:28:04,13822,-0.0051310747,0.017756382,-0.9950795,0.09734003,0.17453292
2019-01-28 16:28:04,13841,-0.0021192834,0.018919213,-0.99510455,0.096976615,0.17453292
2019-01-28 16:28:04,13861,0.0011796117,0.019589864,-0.99512297,0.09667031,0.17453292
2019-01-28 16:28:04,13881,0.003570094,0.020901147,-0.9950847,0.096730836,0.17453292
2019-01-28 16:28:04,13901,0.005004874,0.020457856,-0.99512964,0.09629856,0.17453292
2019-01-28 16:28:04,13921,0.0062204124,0.020091966,-0.9951792,0.0957914,0.17453292
2019-01-28 16:28:04,13942,0.007659627,0.02094588,-0.9951715,0.095583774,0.17453292
2019-01-28 16:28:04,13961,0.008944921,0.021702446,-0.99515575,0.09546762,0.17453292
2019-01-28 16:28:05,13981,0.00987605,0.021115141,-0.99518055,0.095248386,0.17453292
2019-01-28 16:28:05,14002,0.010975864,0.020787517,-0.99523216,0.09465888,0.17453292
2019-01-28 16:28:05,14021,0.012639754,0.020858128,-0.99523073,0.09445078,0.17453292
2019-01-28 16:28:05,14041,0.013895837,0.021535978,-0.9952076,0.0943662,0.17453292
2019-01-28 16:28:05,14061,0.014648023,0.021723138,-0.99523133,0.0939581,0.17453292
2019-01-28 16:28:05,14082,0.015464913,0.021042045,-0.99527615,0.09350669,0.17453292
2019-01-28 16:28:05,14101,0.016591417,0.020464344,-0.99528325,0.093365625,0.17453292
2019-01-28 16:28:05,14121,0.017950743,0.020519065,-0.9952603,0.09334715,0.17453292
2019-01-28 16:28:05,14141,0.019272923,0.021057893,-0.9952418,0.09316015,0.17453292
2019-01-28 16:28:05,14161,0.020375546,0.021333484,-0.9952157,0.09314203,0.17453292
2019-01-28 16:28:05,14182,0.021110998,0.021327836,-0.9952267,0.09286144,0.17453292
2019-01-28 16:28:05,14201,0.021655237,0.02147255,-0.99521863,0.092789,0.17453292
2019-01-28 16:28:05,14221,0.02224681,0.021260995,-0.9952458,0.09240597,0.17453292
2019-01-28 16:28:05,14241,0.023285078,0.021108124,-0.9952631,0.09199769,0.17453292
2019-01-28 16:28:05,14261,0.024966978,0.020749597,-0.99525005,0.09177909,0.17453292
2019-01-28 16:28:05,14281,0.025783408,0.020203993,-0.995278,0.09137158,0.17453292
2019-01-28 16:28:05,14301,0.025450747,0.02017262,-0.99530244,0.09120531,0.17453292
2019-01-28 16:28:05,14321,0.024443127,0.020830221,-0.9952876,0.091494195,0.17453292
2019-01-28 16:28:05,14341,0.02336475,0.021452038,-0.9953047,0.09144663,0.17453292
2019-01-28 16:28:05,14361,0.02367451,0.021196123,-0.9953267,0.09118641,0.17453292
2019-01-28 16:28:05,14381,0.02460869,0.020726414,-0.9953388,0.090914845,0.17453292
2019-01-28 16:28:05,14401,0.024883386,0.020365935,-0.9953661,0.09062247,0.17453292
2019-01-28 16:28:05,14421,0.024882194,0.02044516,-0.9953736,0.09052219,0.17453292
2019-01-28 16:28:05,14442,0.02564693,0.020500317,-0.9953731,0.09030172,0.17453292
2019-01-28 16:28:05,14461,0.026736477,0.020526355,-0.99536973,0.09001651,0.17453292
2019-01-28 16:28:05,14481,0.027571421,0.020283103,-0.99535656,0.08996517,0.17453292
2019-01-28 16:28:05,14501,0.027981346,0.019943042,-0.99536854,0.08978174,0.17453292
2019-01-28 16:28:05,14521,0.027836433,0.019858718,-0.99535584,0.08998591,0.17453292
2019-01-28 16:28:05,14542,0.027628444,0.02010379,-0.9953981,0.08952693,0.17453292
2019-01-28 16:28:05,14561,0.027729422,0.020361725,-0.99537724,0.089669384,0.17453292
2019-01-28 16:28:05,14581,0.027972262,0.020099405,-0.99537915,0.089631945,0.17453292
2019-01-28 16:28:05,14601,0.028164614,0.019797573,-0.99537116,0.08972749,0.17453292
2019-01-28 16:28:05,14621,0.028442118,0.019820426,-0.99537176,0.08962828,0.17453292
2019-01-28 16:28:05,14641,0.028557703,0.02019619,-0.9953661,0.08957036,0.17453292
2019-01-28 16:28:05,14662,0.028290562,0.020185387,-0.99538344,0.08946488,0.17453292
2019-01-28 16:28:05,14681,0.028106587,0.019722492,-0.9953969,0.08947661,0.17453292
2019-01-28 16:28:05,14701,0.028331373,0.019435203,-0.9954056,0.08937157,0.17453292
2019-01-28 16:28:05,14721,0.028565707,0.019874917,-0.9954052,0.08920443,0.17453292
2019-01-28 16:28:05,14741,0.028463151,0.020103844,-0.99540335,0.08920668,0.17453292
2019-01-28 16:28:05,14762,0.028334955,0.019946786,-0.99541515,0.08915121,0.17453292
2019-01-28 16:28:05,14781,0.028512634,0.01979191,-0.99540544,0.089237265,0.17453292
2019-01-28 16:28:05,14801,0.028350739,0.019917833,-0.9953986,0.08933731,0.17453292
2019-01-28 16:28:05,14821,0.02773739,0.020542324,-0.9954166,0.08918798,0.17453292
2019-01-28 16:28:05,14842,0.027494457,0.020750476,-0.99542767,0.0890911,0.17453292
2019-01-28 16:28:05,14861,0.027611684,0.020530462,-0.99542564,0.08912824,0.17453292
2019-01-28 16:28:05,14881,0.027236348,0.020256288,-0.9954345,0.089207605,0.17453292
2019-01-28 16:28:05,14901,0.026288314,0.020350005,-0.99546206,0.089163326,0.17453292
2019-01-28 16:28:05,14922,0.02539277,0.020618377,-0.9954798,0.089163,0.17453292
2019-01-28 16:28:05,14941,0.024593968,0.021357981,-0.9954687,0.08933704,0.17453292
2019-01-28 16:28:05,14961,0.024043538,0.021862352,-0.9954828,0.08920711,0.17453292
2019-01-28 16:28:06,14981,0.023507677,0.021986976,-0.9954899,0.08924061,0.17453292
2019-01-28 16:28:06,15002,0.02253708,0.021730028,-0.9955126,0.089300126,0.17453292
2019-01-28 16:28:06,15021,0.021824388,0.021355325,-0.995532,0.08935142,0.17453292
2019-01-28 16:28:06,15041,0.021780385,0.021127995,-0.99555206,0.08919246,0.17453292
2019-01-28 16:28:06,15062,0.021864079,0.021411143,-0.9955494,0.08913427,0.17453292
2019-01-28 16:28:06,15081,0.02178747,0.021749169,-0.9955422,0.08915115,0.17453292
2019-01-28 16:28:06,15101,0.021544756,0.021860637,-0.9955333,0.08928282,0.17453292
2019-01-28 16:28:06,15121,0.021270216,0.021821378,-0.9955589,0.089072265,0.17453292
2019-01-28 16:28:06,15141,0.021005074,0.021669293,-0.9955639,0.08911593,0.17453292
2019-01-28 16:28:06,15162,0.020760404,0.021782978,-0.99556535,0.08912986,0.17453292
2019-01-28 16:28:06,15181,0.02071419,0.02195207,-0.9955757,0.08898315,0.17453292
2019-01-28 16:28:06,15201,0.020777926,0.022208033,-0.9955682,0.088988915,0.17453292
2019-01-28 16:28:06,15221,0.021043167,0.022197869,-0.9955573,0.0890511,0.17453292
2019-01-28 16:28:06,15241,0.020807222,0.022006674,-0.99556565,0.08906073,0.17453292
2019-01-28 16:28:06,15261,0.020386294,0.021831807,-0.99560946,0.088710874,0.17453292
2019-01-28 16:28:06,15281,0.020205436,0.021703262,-0.99563813,0.08846129,0.17453292
2019-01-28 16:28:06,15302,0.020631153,0.022034315,-0.9956121,0.088574596,0.17453292
2019-01-28 16:28:06,15321,0.020847848,0.022345394,-0.9955923,0.08866777,0.17453292
2019-01-28 16:28:06,15341,0.020373233,0.022771832,-0.9956075,0.08849941,0.17453292
2019-01-28 16:28:06,15361,0.019957319,0.022604568,-0.99562806,0.088405386,0.17453292
2019-01-28 16:28:06,15381,0.02012494,0.022241324,-0.9956464,0.08825254,0.17453292
2019-01-28 16:28:06,15401,0.020821624,0.02202737,-0.9956177,0.08846839,0.17453292
2019-01-28 16:28:06,15421,0.02082977,0.022159642,-0.9956083,0.088538654,0.17453292
2019-01-28 16:28:06,15442,0.020467592,0.022426026,-0.99560446,0.088599764,0.17453292
2019-01-28 16:28:06,15461,0.020461787,0.022382267,-0.99560237,0.08863534,0.17453292
2019-01-28 16:28:06,15481,0.020790838,0.022304237,-0.99559027,0.08871429,0.17453292
2019-01-28 16:28:06,15501,0.021063576,0.022445632,-0.99556375,0.08891205,0.17453292
2019-01-28 16:28:06,15521,0.021096617,0.022332815,-0.99556774,0.088887915,0.17453292
2019-01-28 16:28:06,15542,0.020780012,0.02227045,-0.9955845,0.08879079,0.17453292
2019-01-28 16:28:06,15561,0.020611204,0.022318048,-0.99559313,0.08872068,0.17453292
2019-01-28 16:28:06,15581,0.020862615,0.022300579,-0.9955886,0.0887174,0.17453292
2019-01-28 16:28:06,15601,0.021136593,0.022340823,-0.99558073,0.08873099,0.17453292
2019-01-28 16:28:06,15621,0.021346338,0.02239271,-0.9955584,0.0889179,0.17453292
2019-01-28 16:28:06,15641,0.021450404,0.022330644,-0.9955595,0.08889597,0.17453292
2019-01-28 16:28:06,15661,0.021103704,0.022318793,-0.99558914,0.088649645,0.17453292
2019-01-28 16:28:06,15682,0.02125558,0.022382015,-0.995582,0.08867753,0.17453292
2019-01-28 16:28:06,15701,0.02196165,0.022218145,-0.9955285,0.08914629,0.17453292
2019-01-28 16:28:06,15721,0.02209364,0.022157567,-0.99551696,0.08925759,0.17453292
2019-01-28 16:28:06,15741,0.021926247,0.022100018,-0.99553317,0.08913233,0.17453292
2019-01-28 16:28:06,15761,0.021831335,0.02211598,-0.99553365,0.08914643,0.17453292
2019-01-28 16:28:06,15781,0.02196405,0.022277229,-0.99552643,0.08915378,0.17453292
2019-01-28 16:28:06,15801,0.022352193,0.022383971,-0.9955014,0.08931033,0.17453292
2019-01-28 16:28:06,15821,0.022806412,0.022311807,-0.99546784,0.08958707,0.17453292
2019-01-28 16:28:06,15842,0.022704735,0.02208369,-0.9954537,0.08982627,0.17453292
2019-01-28 16:28:06,15861,0.022508936,0.021275876,-0.9954857,0.08971539,0.17453292
2019-01-28 16:28:06,15881,0.022827297,0.020320376,-0.9955358,0.0893001,0.17453292
2019-01-28 16:28:06,15901,0.022950746,0.019692773,-0.99556565,0.08907554,0.17453292
2019-01-28 16:28:06,15922,0.022735713,0.019426625,-0.99561006,0.088691905,0.17453292
2019-01-28 16:28:06,15941,0.022593148,0.019576257,-0.99563336,0.08843342,0.17453292
2019-01-28 16:28:06,15961,0.022776747,0.02059734,-0.99558455,0.08870391,0.17453292
2019-01-28 16:28:07,15981,0.023078796,0.021668127,-0.9955311,0.08897052,0.17453292
2019-01-28 16:28:07,16002,0.023078796,0.021668127,-0.9955311,0.08897052,0.17453292
2019-01-28 16:28:07,16021,0.023078796,0.021668127,-0.9955311,0.08897052,0.17453292
2019-01-28 16:28:07,16041,0.023078796,0.021668127,-0.9955311,0.08897052,0.17453292
2019-01-28 16:28:07,16061,0.023078796,0.021668127,-0.9955311,0.08897052,0.17453292
2019-01-28 16:28:07,16081,0.023078796,0.021668127,-0.9955311,0.08897052,0.17453292
2019-01-28 16:28:07,16102,0.023078796,0.021668127,-0.9955311,0.08897052,0.17453292
2019-01-28 16:28:07,16121,0.023078796,0.021668127,-0.9955311,0.08897052,0.17453292
2019-01-28 16:28:07,16141,0.023078796,0.021668127,-0.9955311,0.08897052,0.17453292
2019-01-28 16:28:07,16161,0.023078796,0.021668127,-0.9955311,0.08897052,0.17453292
2019-01-28 16:28:07,16181,0.023078796,0.021668127,-0.9955311,0.08897052,0.17453292
2019-01-28 16:28:07,16201,0.023078796,0.021668127,-0.9955311,0.08897052,0.17453292
2019-01-28 16:28:07,16221,0.023078796,0.021668127,-0.9955311,0.08897052,0.17453292
2019-01-28 16:28:07,16242,0.023078796,0.021668127,-0.9955311,0.08897052,0.17453292
2019-01-28 16:28:07,16261,0.023078796,0.021668127,-0.9955311,0.08897052,0.17453292
2019-01-28 16:28:07,16281,0.023078796,0.021668127,-0.9955311,0.08897052,0.17453292
2019-01-28 16:28:07,16301,0.023078796,0.021668127,-0.9955311,0.08897052,0.17453292
2019-01-28 16:28:07,16321,0.023078796,0.021668127,-0.9955311,0.08897052,0.17453292
2019-01-28 16:28:07,16341,0.023078796,0.021668127,-0.9955311,0.08897052,0.17453292
2019-01-28 16:28:07,16361,0.023078796,0.021668127,-0.9955311,0.08897052,0.17453292
2019-01-28 16:28:07,16382,0.023078796,0.021668127,-0.9955311,0.08897052,0.17453292
2019-01-28 16:28:07,16401,0.023078796,0.021668127,-0.9955311,0.08897052,0.17453292
2019-01-28 16:28:07,16422,0.023078796,0.021668127,-0.9955311,0.08897052,0.17453292
2019-01-28 16:28:07,16441,0.023078796,0.021668127,-0.9955311,0.08897052,0.17453292
2019-01-28 16:28:07,16461,0.023078796,0.021668127,-0.9955311,0.08897052,0.17453292
2019-01-28 16:28:07,16482,0.023078796,0.021668127,-0.9955311,0.08897052,0.17453292
2019-01-28 16:28:07,16501,0.023078796,0.021668127,-0.9955311,0.08897052,0.17453292
2019-01-28 16:28:07,16521,0.023078796,0.021668127,-0.9955311,0.08897052,0.17453292
