Timestamp,Milliseconds,Latitude,Longitude,Altitude
2018-10-03 21:46:56,2,19.135677,72.9102526,-22.299999237060547
2018-10-03 21:46:56,20,19.135677,72.9102526,-22.299999237060547
2018-10-03 21:46:56,40,19.135677,72.9102526,-22.299999237060547
2018-10-03 21:46:56,61,19.135677,72.9102526,-22.299999237060547
2018-10-03 21:46:56,80,19.135677,72.9102526,-22.299999237060547
2018-10-03 21:46:56,100,19.135677,72.9102526,-22.299999237060547
2018-10-03 21:46:56,120,19.135677,72.9102526,-22.299999237060547
2018-10-03 21:46:56,141,19.135677,72.9102526,-22.299999237060547
2018-10-03 21:46:56,160,19.135677,72.9102526,-22.299999237060547
2018-10-03 21:46:56,180,19.135677,72.9102526,-22.299999237060547
2018-10-03 21:46:56,201,19.135677,72.9102526,-22.299999237060547
2018-10-03 21:46:56,220,19.135677,72.9102526,-22.299999237060547
2018-10-03 21:46:56,241,19.135677,72.9102526,-22.299999237060547
2018-10-03 21:46:56,260,19.135677,72.9102526,-22.299999237060547
2018-10-03 21:46:57,280,19.135677,72.9102526,-22.299999237060547
2018-10-03 21:46:57,301,19.135677,72.9102526,-22.299999237060547
2018-10-03 21:46:57,320,19.135677,72.9102526,-22.299999237060547
2018-10-03 21:46:57,340,19.135677,72.9102526,-22.299999237060547
2018-10-03 21:46:57,361,19.135677,72.9102526,-22.299999237060547
2018-10-03 21:46:57,380,19.135677,72.9102526,-22.299999237060547
2018-10-03 21:46:57,400,19.135677,72.9102526,-22.299999237060547
2018-10-03 21:46:57,420,19.135677,72.9102526,-22.299999237060547
2018-10-03 21:46:57,440,19.135677,72.9102526,-22.299999237060547
2018-10-03 21:46:57,461,19.135677,72.9102526,-22.299999237060547
2018-10-03 21:46:57,480,19.135677,72.9102526,-22.299999237060547
2018-10-03 21:46:57,504,19.135677,72.9102526,-22.299999237060547
2018-10-03 21:46:57,520,19.135677,72.9102526,-22.299999237060547
2018-10-03 21:46:57,541,19.135677,72.9102526,-22.299999237060547
2018-10-03 21:46:57,560,19.135677,72.9102526,-22.299999237060547
2018-10-03 21:46:57,580,19.135677,72.9102526,-22.299999237060547
2018-10-03 21:46:57,601,19.135677,72.9102526,-22.299999237060547
2018-10-03 21:46:57,620,19.135677,72.9102526,-22.299999237060547
2018-10-03 21:46:57,640,19.135677,72.9102526,-22.299999237060547
2018-10-03 21:46:57,661,19.135677,72.9102526,-22.299999237060547
2018-10-03 21:46:57,680,19.135677,72.9102526,-22.299999237060547
2018-10-03 21:46:57,700,19.135677,72.9102526,-22.299999237060547
2018-10-03 21:46:57,721,19.135677,72.9102526,-22.299999237060547
2018-10-03 21:46:57,740,19.135677,72.9102526,-22.299999237060547
2018-10-03 21:46:57,760,19.135677,72.9102526,-22.299999237060547
2018-10-03 21:46:57,781,19.135677,72.9102526,-22.299999237060547
2018-10-03 21:46:57,800,19.135677,72.9102526,-22.299999237060547
2018-10-03 21:46:57,821,19.135677,72.9102526,-22.299999237060547
2018-10-03 21:46:57,840,19.135677,72.9102526,-22.299999237060547
2018-10-03 21:46:57,860,19.135677,72.9102526,-22.299999237060547
2018-10-03 21:46:57,880,19.135677,72.9102526,-22.299999237060547
2018-10-03 21:46:57,901,19.135677,72.9102526,-22.299999237060547
2018-10-03 21:46:57,920,19.135677,72.9102526,-22.299999237060547
2018-10-03 21:46:57,940,19.135677,72.9102526,-22.299999237060547
2018-10-03 21:46:57,960,19.135677,72.9102526,-22.299999237060547
2018-10-03 21:46:57,981,19.135677,72.9102526,-22.299999237060547
2018-10-03 21:46:57,1000,19.135677,72.9102526,-22.299999237060547
2018-10-03 21:46:57,1020,19.135677,72.9102526,-22.299999237060547
2018-10-03 21:46:57,1040,19.135677,72.9102526,-22.299999237060547
2018-10-03 21:46:57,1061,19.135677,72.9102526,-22.299999237060547
2018-10-03 21:46:57,1080,19.135677,72.9102526,-22.299999237060547
2018-10-03 21:46:57,1100,19.135677,72.9102526,-22.299999237060547
2018-10-03 21:46:57,1121,19.135677,72.9102526,-22.299999237060547
2018-10-03 21:46:57,1140,19.135677,72.9102526,-22.299999237060547
2018-10-03 21:46:57,1160,19.135677,72.9102526,-22.299999237060547
2018-10-03 21:46:57,1180,19.135677,72.9102526,-22.299999237060547
2018-10-03 21:46:57,1201,19.135677,72.9102526,-22.299999237060547
2018-10-03 21:46:57,1220,19.135677,72.9102526,-22.299999237060547
2018-10-03 21:46:57,1240,19.135677,72.9102526,-22.299999237060547
2018-10-03 21:46:57,1260,19.135677,72.9102526,-22.299999237060547
2018-10-03 21:46:58,1281,19.135677,72.9102526,-22.299999237060547
2018-10-03 21:46:58,1300,19.135677,72.9102526,-22.299999237060547
2018-10-03 21:46:58,1321,19.135677,72.9102526,-22.299999237060547
2018-10-03 21:46:58,1340,19.135677,72.9102526,-22.299999237060547
2018-10-03 21:46:58,1360,19.135677,72.9102526,-22.299999237060547
2018-10-03 21:46:58,1381,19.135677,72.9102526,-22.299999237060547
2018-10-03 21:46:58,1400,19.135677,72.9102526,-22.299999237060547
2018-10-03 21:46:58,1420,19.135677,72.9102526,-22.299999237060547
2018-10-03 21:46:58,1441,19.135677,72.9102526,-22.299999237060547
2018-10-03 21:46:58,1460,19.135677,72.9102526,-22.299999237060547
2018-10-03 21:46:58,1480,19.135677,72.9102526,-22.299999237060547
2018-10-03 21:46:58,1500,19.135677,72.9102526,-22.299999237060547
2018-10-03 21:46:58,1520,19.135677,72.9102526,-22.299999237060547
2018-10-03 21:46:58,1541,19.135677,72.9102526,-22.299999237060547
2018-10-03 21:46:58,1560,19.135677,72.9102526,-22.299999237060547
2018-10-03 21:46:58,1580,19.135677,72.9102526,-22.299999237060547
2018-10-03 21:46:58,1601,19.135677,72.9102526,-22.299999237060547
2018-10-03 21:46:58,1620,19.135677,72.9102526,-22.299999237060547
2018-10-03 21:46:58,1640,19.135677,72.9102526,-22.299999237060547
2018-10-03 21:46:58,1660,19.135677,72.9102526,-22.299999237060547
2018-10-03 21:46:58,1681,19.135677,72.9102526,-22.299999237060547
2018-10-03 21:46:58,1700,19.135677,72.9102526,-22.299999237060547
2018-10-03 21:46:58,1720,19.135677,72.9102526,-22.299999237060547
2018-10-03 21:46:58,1741,19.135677,72.9102526,-22.299999237060547
2018-10-03 21:46:58,1760,19.135677,72.9102526,-22.299999237060547
2018-10-03 21:46:58,1780,19.135677,72.9102526,-22.299999237060547
2018-10-03 21:46:58,1801,19.135677,72.9102526,-22.299999237060547
2018-10-03 21:46:58,1820,19.135677,72.9102526,-22.299999237060547
2018-10-03 21:46:58,1841,19.135677,72.9102526,-22.299999237060547
2018-10-03 21:46:58,1860,19.135677,72.9102526,-22.299999237060547
2018-10-03 21:46:58,1880,19.135677,72.9102526,-22.299999237060547
2018-10-03 21:46:58,1900,19.135677,72.9102526,-22.299999237060547
2018-10-03 21:46:58,1920,19.135677,72.9102526,-22.299999237060547
2018-10-03 21:46:58,1940,19.135677,72.9102526,-22.299999237060547
2018-10-03 21:46:58,1960,19.135677,72.9102526,-22.299999237060547
2018-10-03 21:46:58,1981,19.135677,72.9102526,-22.299999237060547
2018-10-03 21:46:58,2000,19.135677,72.9102526,-22.299999237060547
2018-10-03 21:46:58,2020,19.135677,72.9102526,-22.299999237060547
2018-10-03 21:46:58,2040,19.135677,72.9102526,-22.299999237060547
2018-10-03 21:46:58,2060,19.135677,72.9102526,-22.299999237060547
2018-10-03 21:46:58,2081,19.135677,72.9102526,-22.299999237060547
2018-10-03 21:46:58,2100,19.135677,72.9102526,-22.299999237060547
2018-10-03 21:46:58,2120,19.135677,72.9102526,-22.299999237060547
2018-10-03 21:46:58,2140,19.135677,72.9102526,-22.299999237060547
2018-10-03 21:46:58,2160,19.135677,72.9102526,-22.299999237060547
2018-10-03 21:46:58,2180,19.135677,72.9102526,-22.299999237060547
2018-10-03 21:46:58,2201,19.135677,72.9102526,-22.299999237060547
2018-10-03 21:46:58,2220,19.135677,72.9102526,-22.299999237060547
2018-10-03 21:46:58,2240,19.135677,72.9102526,-22.299999237060547
2018-10-03 21:46:58,2260,19.135677,72.9102526,-22.299999237060547
2018-10-03 21:46:59,2280,19.135677,72.9102526,-22.299999237060547
2018-10-03 21:46:59,2301,19.135677,72.9102526,-22.299999237060547
2018-10-03 21:46:59,2320,19.135677,72.9102526,-22.299999237060547
2018-10-03 21:46:59,2340,19.135677,72.9102526,-22.299999237060547
2018-10-03 21:46:59,2360,19.135677,72.9102526,-22.299999237060547
2018-10-03 21:46:59,2380,19.135677,72.9102526,-22.299999237060547
2018-10-03 21:46:59,2401,19.135677,72.9102526,-22.299999237060547
2018-10-03 21:46:59,2420,19.135677,72.9102526,-22.299999237060547
2018-10-03 21:46:59,2440,19.135677,72.9102526,-22.299999237060547
2018-10-03 21:46:59,2460,19.135677,72.9102526,-22.299999237060547
2018-10-03 21:46:59,2480,19.135677,72.9102526,-22.299999237060547
2018-10-03 21:46:59,2501,19.135677,72.9102526,-22.299999237060547
2018-10-03 21:46:59,2520,19.135677,72.9102526,-22.299999237060547
2018-10-03 21:46:59,2540,19.135677,72.9102526,-22.299999237060547
2018-10-03 21:46:59,2560,19.135677,72.9102526,-22.299999237060547
2018-10-03 21:46:59,2581,19.135677,72.9102526,-22.299999237060547
2018-10-03 21:46:59,2600,19.135677,72.9102526,-22.299999237060547
2018-10-03 21:46:59,2620,19.135677,72.9102526,-22.299999237060547
2018-10-03 21:46:59,2641,19.135677,72.9102526,-22.299999237060547
2018-10-03 21:46:59,2660,19.135677,72.9102526,-22.299999237060547
2018-10-03 21:46:59,2680,19.135677,72.9102526,-22.299999237060547
2018-10-03 21:46:59,2700,19.135677,72.9102526,-22.299999237060547
2018-10-03 21:46:59,2721,19.135677,72.9102526,-22.299999237060547
2018-10-03 21:46:59,2740,19.135677,72.9102526,-22.299999237060547
2018-10-03 21:46:59,2760,19.135677,72.9102526,-22.299999237060547
2018-10-03 21:46:59,2781,19.135677,72.9102526,-22.299999237060547
2018-10-03 21:46:59,2800,19.135677,72.9102526,-22.299999237060547
2018-10-03 21:46:59,2820,19.135677,72.9102526,-22.299999237060547
2018-10-03 21:46:59,2841,19.135677,72.9102526,-22.299999237060547
2018-10-03 21:46:59,2860,19.135677,72.9102526,-22.299999237060547
2018-10-03 21:46:59,2880,19.135677,72.9102526,-22.299999237060547
2018-10-03 21:46:59,2900,19.135677,72.9102526,-22.299999237060547
2018-10-03 21:46:59,2921,19.135677,72.9102526,-22.299999237060547
2018-10-03 21:46:59,2940,19.135677,72.9102526,-22.299999237060547
2018-10-03 21:46:59,2960,19.135677,72.9102526,-22.299999237060547
2018-10-03 21:46:59,2980,19.135677,72.9102526,-22.299999237060547
2018-10-03 21:46:59,3001,19.135677,72.9102526,-22.299999237060547
2018-10-03 21:46:59,3020,19.135677,72.9102526,-22.299999237060547
2018-10-03 21:46:59,3040,19.135677,72.9102526,-22.299999237060547
2018-10-03 21:46:59,3060,19.135677,72.9102526,-22.299999237060547
2018-10-03 21:46:59,3080,19.135677,72.9102526,-22.299999237060547
2018-10-03 21:46:59,3100,19.135677,72.9102526,-22.299999237060547
2018-10-03 21:46:59,3121,19.135677,72.9102526,-22.299999237060547
2018-10-03 21:46:59,3141,19.135677,72.9102526,-22.299999237060547
2018-10-03 21:46:59,3162,19.135677,72.9102526,-22.299999237060547
2018-10-03 21:46:59,3180,19.135677,72.9102526,-22.299999237060547
2018-10-03 21:46:59,3200,19.135677,72.9102526,-22.299999237060547
2018-10-03 21:46:59,3222,19.135677,72.9102526,-22.299999237060547
2018-10-03 21:46:59,3240,19.1356266,72.9102332,-22.5
2018-10-03 21:46:59,3260,19.1356266,72.9102332,-22.5
2018-10-03 21:47:00,3280,19.1356266,72.9102332,-22.5
2018-10-03 21:47:00,3300,19.1356266,72.9102332,-22.5
2018-10-03 21:47:00,3320,19.1356266,72.9102332,-22.5
2018-10-03 21:47:00,3341,19.1356266,72.9102332,-22.5
2018-10-03 21:47:00,3360,19.1356266,72.9102332,-22.5
2018-10-03 21:47:00,3380,19.1356266,72.9102332,-22.5
2018-10-03 21:47:00,3400,19.1356266,72.9102332,-22.5
2018-10-03 21:47:00,3420,19.1356266,72.9102332,-22.5
2018-10-03 21:47:00,3440,19.1356266,72.9102332,-22.5
2018-10-03 21:47:00,3461,19.1356266,72.9102332,-22.5
2018-10-03 21:47:00,3480,19.1356266,72.9102332,-22.5
2018-10-03 21:47:00,3500,19.1356266,72.9102332,-22.5
2018-10-03 21:47:00,3520,19.1356266,72.9102332,-22.5
2018-10-03 21:47:00,3541,19.1356266,72.9102332,-22.5
2018-10-03 21:47:00,3560,19.1356266,72.9102332,-22.5
2018-10-03 21:47:00,3580,19.1356266,72.9102332,-22.5
2018-10-03 21:47:00,3601,19.1356266,72.9102332,-22.5
2018-10-03 21:47:00,3620,19.1356266,72.9102332,-22.5
2018-10-03 21:47:00,3640,19.1356266,72.9102332,-22.5
2018-10-03 21:47:00,3660,19.1356266,72.9102332,-22.5
2018-10-03 21:47:00,3681,19.1356266,72.9102332,-22.5
2018-10-03 21:47:00,3700,19.1356266,72.9102332,-22.5
2018-10-03 21:47:00,3720,19.1356266,72.9102332,-22.5
2018-10-03 21:47:00,3741,19.1356266,72.9102332,-22.5
2018-10-03 21:47:00,3760,19.1356266,72.9102332,-22.5
2018-10-03 21:47:00,3780,19.1356266,72.9102332,-22.5
2018-10-03 21:47:00,3800,19.1356266,72.9102332,-22.5
2018-10-03 21:47:00,3821,19.1356266,72.9102332,-22.5
2018-10-03 21:47:00,3840,19.1356266,72.9102332,-22.5
2018-10-03 21:47:00,3860,19.1356266,72.9102332,-22.5
2018-10-03 21:47:00,3881,19.1356266,72.9102332,-22.5
2018-10-03 21:47:00,3900,19.1356266,72.9102332,-22.5
2018-10-03 21:47:00,3920,19.1356266,72.9102332,-22.5
2018-10-03 21:47:00,3941,19.1356266,72.9102332,-22.5
2018-10-03 21:47:00,3960,19.1356266,72.9102332,-22.5
2018-10-03 21:47:00,3980,19.1356266,72.9102332,-22.5
2018-10-03 21:47:00,4001,19.1356266,72.9102332,-22.5
2018-10-03 21:47:00,4020,19.1356266,72.9102332,-22.5
2018-10-03 21:47:00,4040,19.1356266,72.9102332,-22.5
2018-10-03 21:47:00,4060,19.1356266,72.9102332,-22.5
2018-10-03 21:47:00,4081,19.1356266,72.9102332,-22.5
2018-10-03 21:47:00,4100,19.1356266,72.9102332,-22.5
2018-10-03 21:47:00,4120,19.1356266,72.9102332,-22.5
2018-10-03 21:47:00,4140,19.1356266,72.9102332,-22.5
2018-10-03 21:47:00,4161,19.1356266,72.9102332,-22.5
2018-10-03 21:47:00,4180,19.1356266,72.9102332,-22.5
2018-10-03 21:47:00,4200,19.1356266,72.9102332,-22.5
2018-10-03 21:47:00,4220,19.1356266,72.9102332,-22.5
2018-10-03 21:47:00,4241,19.1356266,72.9102332,-22.5
2018-10-03 21:47:00,4260,19.1356266,72.9102332,-22.5
2018-10-03 21:47:01,4280,19.1356266,72.9102332,-22.5
2018-10-03 21:47:01,4301,19.1356266,72.9102332,-22.5
2018-10-03 21:47:01,4320,19.1356266,72.9102332,-22.5
2018-10-03 21:47:01,4340,19.1356266,72.9102332,-22.5
2018-10-03 21:47:01,4361,19.1356266,72.9102332,-22.5
2018-10-03 21:47:01,4380,19.1356266,72.9102332,-22.5
2018-10-03 21:47:01,4400,19.1356266,72.9102332,-22.5
2018-10-03 21:47:01,4420,19.1356266,72.9102332,-22.5
2018-10-03 21:47:01,4441,19.1356266,72.9102332,-22.5
2018-10-03 21:47:01,4460,19.1356266,72.9102332,-22.5
2018-10-03 21:47:01,4480,19.1356266,72.9102332,-22.5
2018-10-03 21:47:01,4501,19.1356266,72.9102332,-22.5
2018-10-03 21:47:01,4520,19.1356266,72.9102332,-22.5
2018-10-03 21:47:01,4540,19.1356266,72.9102332,-22.5
2018-10-03 21:47:01,4561,19.1356266,72.9102332,-22.5
2018-10-03 21:47:01,4580,19.1356266,72.9102332,-22.5
2018-10-03 21:47:01,4600,19.1356266,72.9102332,-22.5
2018-10-03 21:47:01,4620,19.1356266,72.9102332,-22.5
2018-10-03 21:47:01,4641,19.1356266,72.9102332,-22.5
2018-10-03 21:47:01,4660,19.1356266,72.9102332,-22.5
2018-10-03 21:47:01,4680,19.1356266,72.9102332,-22.5
2018-10-03 21:47:01,4701,19.1356266,72.9102332,-22.5
2018-10-03 21:47:01,4720,19.1356266,72.9102332,-22.5
2018-10-03 21:47:01,4741,19.1356266,72.9102332,-22.5
2018-10-03 21:47:01,4760,19.1356266,72.9102332,-22.5
2018-10-03 21:47:01,4780,19.1356266,72.9102332,-22.5
2018-10-03 21:47:01,4801,19.1356266,72.9102332,-22.5
2018-10-03 21:47:01,4820,19.1356266,72.9102332,-22.5
2018-10-03 21:47:01,4840,19.1356266,72.9102332,-22.5
2018-10-03 21:47:01,4860,19.1356266,72.9102332,-22.5
2018-10-03 21:47:01,4881,19.1356266,72.9102332,-22.5
2018-10-03 21:47:01,4900,19.1356266,72.9102332,-22.5
2018-10-03 21:47:01,4920,19.1356266,72.9102332,-22.5
2018-10-03 21:47:01,4940,19.1356266,72.9102332,-22.5
2018-10-03 21:47:01,4960,19.1356266,72.9102332,-22.5
2018-10-03 21:47:01,4980,19.1356266,72.9102332,-22.5
2018-10-03 21:47:01,5000,19.1356266,72.9102332,-22.5
2018-10-03 21:47:01,5021,19.1356266,72.9102332,-22.5
2018-10-03 21:47:01,5040,19.1356266,72.9102332,-22.5
2018-10-03 21:47:01,5060,19.1356266,72.9102332,-22.5
2018-10-03 21:47:01,5080,19.1356266,72.9102332,-22.5
2018-10-03 21:47:01,5100,19.1356266,72.9102332,-22.5
2018-10-03 21:47:01,5120,19.1356266,72.9102332,-22.5
2018-10-03 21:47:01,5140,19.1356266,72.9102332,-22.5
2018-10-03 21:47:01,5160,19.1356266,72.9102332,-22.5
2018-10-03 21:47:01,5180,19.1356266,72.9102332,-22.5
2018-10-03 21:47:01,5200,19.1356266,72.9102332,-22.5
2018-10-03 21:47:01,5220,19.1356266,72.9102332,-22.5
2018-10-03 21:47:01,5241,19.1356266,72.9102332,-22.5
2018-10-03 21:47:01,5260,19.1356266,72.9102332,-22.5
2018-10-03 21:47:02,5280,19.1356266,72.9102332,-22.5
2018-10-03 21:47:02,5300,19.1356266,72.9102332,-22.5
2018-10-03 21:47:02,5320,19.1356266,72.9102332,-22.5
2018-10-03 21:47:02,5340,19.1356266,72.9102332,-22.5
2018-10-03 21:47:02,5360,19.1356266,72.9102332,-22.5
2018-10-03 21:47:02,5380,19.1356266,72.9102332,-22.5
2018-10-03 21:47:02,5401,19.1356266,72.9102332,-22.5
2018-10-03 21:47:02,5420,19.1356266,72.9102332,-22.5
2018-10-03 21:47:02,5440,19.1356266,72.9102332,-22.5
2018-10-03 21:47:02,5461,19.1356266,72.9102332,-22.5
2018-10-03 21:47:02,5480,19.1356266,72.9102332,-22.5
2018-10-03 21:47:02,5500,19.1356266,72.9102332,-22.5
2018-10-03 21:47:02,5521,19.1356266,72.9102332,-22.5
2018-10-03 21:47:02,5540,19.1356266,72.9102332,-22.5
2018-10-03 21:47:02,5561,19.1356266,72.9102332,-22.5
2018-10-03 21:47:02,5580,19.1356266,72.9102332,-22.5
2018-10-03 21:47:02,5601,19.1356266,72.9102332,-22.5
2018-10-03 21:47:02,5620,19.1356266,72.9102332,-22.5
2018-10-03 21:47:02,5640,19.1356266,72.9102332,-22.5
2018-10-03 21:47:02,5661,19.1356266,72.9102332,-22.5
2018-10-03 21:47:02,5680,19.1356266,72.9102332,-22.5
2018-10-03 21:47:02,5700,19.1356266,72.9102332,-22.5
2018-10-03 21:47:02,5720,19.1356266,72.9102332,-22.5
2018-10-03 21:47:02,5740,19.1356266,72.9102332,-22.5
2018-10-03 21:47:02,5761,19.1356266,72.9102332,-22.5
2018-10-03 21:47:02,5780,19.1356266,72.9102332,-22.5
2018-10-03 21:47:02,5800,19.1356266,72.9102332,-22.5
2018-10-03 21:47:02,5820,19.1356266,72.9102332,-22.5
2018-10-03 21:47:02,5841,19.1356266,72.9102332,-22.5
2018-10-03 21:47:02,5860,19.1356266,72.9102332,-22.5
2018-10-03 21:47:02,5880,19.1356266,72.9102332,-22.5
2018-10-03 21:47:02,5900,19.1356266,72.9102332,-22.5
2018-10-03 21:47:02,5920,19.1356266,72.9102332,-22.5
2018-10-03 21:47:02,5940,19.1356266,72.9102332,-22.5
2018-10-03 21:47:02,5960,19.1356266,72.9102332,-22.5
2018-10-03 21:47:02,5980,19.1356266,72.9102332,-22.5
2018-10-03 21:47:02,6000,19.1356266,72.9102332,-22.5
2018-10-03 21:47:02,6021,19.1356266,72.9102332,-22.5
2018-10-03 21:47:02,6040,19.1356266,72.9102332,-22.5
2018-10-03 21:47:02,6060,19.1356266,72.9102332,-22.5
2018-10-03 21:47:02,6080,19.1356266,72.9102332,-22.5
2018-10-03 21:47:02,6100,19.1356266,72.9102332,-22.5
2018-10-03 21:47:02,6121,19.1356266,72.9102332,-22.5
2018-10-03 21:47:02,6140,19.1356266,72.9102332,-22.5
2018-10-03 21:47:02,6161,19.1356266,72.9102332,-22.5
2018-10-03 21:47:02,6180,19.1356266,72.9102332,-22.5
2018-10-03 21:47:02,6200,19.1356266,72.9102332,-22.5
2018-10-03 21:47:02,6220,19.1356266,72.9102332,-22.5
2018-10-03 21:47:02,6240,19.1356266,72.9102332,-22.5
2018-10-03 21:47:02,6260,19.1356266,72.9102332,-22.5
2018-10-03 21:47:03,6280,19.1356266,72.9102332,-22.5
2018-10-03 21:47:03,6301,19.1356266,72.9102332,-22.5
2018-10-03 21:47:03,6320,19.1356266,72.9102332,-22.5
2018-10-03 21:47:03,6340,19.1356266,72.9102332,-22.5
2018-10-03 21:47:03,6361,19.1356266,72.9102332,-22.5
2018-10-03 21:47:03,6380,19.1356266,72.9102332,-22.5
2018-10-03 21:47:03,6400,19.1356266,72.9102332,-22.5
2018-10-03 21:47:03,6420,19.1356266,72.9102332,-22.5
2018-10-03 21:47:03,6441,19.1356266,72.9102332,-22.5
2018-10-03 21:47:03,6460,19.1356266,72.9102332,-22.5
2018-10-03 21:47:03,6480,19.1356266,72.9102332,-22.5
2018-10-03 21:47:03,6500,19.1356266,72.9102332,-22.5
2018-10-03 21:47:03,6520,19.1356266,72.9102332,-22.5
2018-10-03 21:47:03,6541,19.1356266,72.9102332,-22.5
2018-10-03 21:47:03,6560,19.1356266,72.9102332,-22.5
2018-10-03 21:47:03,6580,19.1356266,72.9102332,-22.5
2018-10-03 21:47:03,6600,19.1356266,72.9102332,-22.5
2018-10-03 21:47:03,6621,19.1356266,72.9102332,-22.5
2018-10-03 21:47:03,6640,19.1356266,72.9102332,-22.5
2018-10-03 21:47:03,6661,19.1356266,72.9102332,-22.5
2018-10-03 21:47:03,6680,19.1356266,72.9102332,-22.5
2018-10-03 21:47:03,6700,19.1356266,72.9102332,-22.5
2018-10-03 21:47:03,6720,19.1356266,72.9102332,-22.5
2018-10-03 21:47:03,6741,19.1356266,72.9102332,-22.5
2018-10-03 21:47:03,6760,19.1356266,72.9102332,-22.5
2018-10-03 21:47:03,6781,19.1356266,72.9102332,-22.5
2018-10-03 21:47:03,6801,19.1356266,72.9102332,-22.5
2018-10-03 21:47:03,6820,19.1356266,72.9102332,-22.5
2018-10-03 21:47:03,6840,19.1356266,72.9102332,-22.5
2018-10-03 21:47:03,6860,19.1356266,72.9102332,-22.5
2018-10-03 21:47:03,6881,19.1356266,72.9102332,-22.5
2018-10-03 21:47:03,6900,19.1356266,72.9102332,-22.5
2018-10-03 21:47:03,6920,19.1356266,72.9102332,-22.5
2018-10-03 21:47:03,6941,19.1356266,72.9102332,-22.5
2018-10-03 21:47:03,6960,19.1356266,72.9102332,-22.5
2018-10-03 21:47:03,6980,19.1356266,72.9102332,-22.5
2018-10-03 21:47:03,7001,19.1356266,72.9102332,-22.5
2018-10-03 21:47:03,7020,19.1356266,72.9102332,-22.5
2018-10-03 21:47:03,7040,19.1356266,72.9102332,-22.5
2018-10-03 21:47:03,7060,19.1356266,72.9102332,-22.5
2018-10-03 21:47:03,7080,19.1356266,72.9102332,-22.5
2018-10-03 21:47:03,7101,19.1356266,72.9102332,-22.5
2018-10-03 21:47:03,7120,19.1356266,72.9102332,-22.5
2018-10-03 21:47:03,7140,19.1356266,72.9102332,-22.5
2018-10-03 21:47:03,7160,19.1356266,72.9102332,-22.5
2018-10-03 21:47:03,7180,19.1356266,72.9102332,-22.5
2018-10-03 21:47:03,7201,19.1356266,72.9102332,-22.5
2018-10-03 21:47:03,7220,19.1356266,72.9102332,-22.5
2018-10-03 21:47:03,7240,19.1356266,72.9102332,-22.5
2018-10-03 21:47:03,7261,19.1356266,72.9102332,-22.5
2018-10-03 21:47:04,7280,19.1356266,72.9102332,-22.5
2018-10-03 21:47:04,7300,19.1356266,72.9102332,-22.5
2018-10-03 21:47:04,7320,19.1356266,72.9102332,-22.5
2018-10-03 21:47:04,7341,19.1356266,72.9102332,-22.5
2018-10-03 21:47:04,7360,19.1356266,72.9102332,-22.5
2018-10-03 21:47:04,7380,19.1356266,72.9102332,-22.5
2018-10-03 21:47:04,7400,19.1356266,72.9102332,-22.5
2018-10-03 21:47:04,7421,19.1356266,72.9102332,-22.5
2018-10-03 21:47:04,7440,19.1356266,72.9102332,-22.5
2018-10-03 21:47:04,7461,19.1356266,72.9102332,-22.5
2018-10-03 21:47:04,7480,19.1356266,72.9102332,-22.5
2018-10-03 21:47:04,7500,19.1356266,72.9102332,-22.5
2018-10-03 21:47:04,7520,19.1356266,72.9102332,-22.5
2018-10-03 21:47:04,7541,19.1356266,72.9102332,-22.5
2018-10-03 21:47:04,7560,19.1356266,72.9102332,-22.5
2018-10-03 21:47:04,7581,19.1356266,72.9102332,-22.5
2018-10-03 21:47:04,7600,19.1356266,72.9102332,-22.5
2018-10-03 21:47:04,7620,19.1356266,72.9102332,-22.5
2018-10-03 21:47:04,7641,19.1356266,72.9102332,-22.5
2018-10-03 21:47:04,7660,19.1356266,72.9102332,-22.5
2018-10-03 21:47:04,7680,19.1356266,72.9102332,-22.5
2018-10-03 21:47:04,7700,19.1356266,72.9102332,-22.5
2018-10-03 21:47:04,7721,19.1356266,72.9102332,-22.5
2018-10-03 21:47:04,7740,19.1356266,72.9102332,-22.5
2018-10-03 21:47:04,7760,19.1356266,72.9102332,-22.5
2018-10-03 21:47:04,7781,19.1356266,72.9102332,-22.5
2018-10-03 21:47:04,7800,19.1356266,72.9102332,-22.5
2018-10-03 21:47:04,7820,19.1356266,72.9102332,-22.5
2018-10-03 21:47:04,7840,19.1356266,72.9102332,-22.5
2018-10-03 21:47:04,7861,19.1356266,72.9102332,-22.5
2018-10-03 21:47:04,7880,19.1356266,72.9102332,-22.5
2018-10-03 21:47:04,7900,19.1356266,72.9102332,-22.5
2018-10-03 21:47:04,7920,19.1356266,72.9102332,-22.5
2018-10-03 21:47:04,7941,19.1356266,72.9102332,-22.5
2018-10-03 21:47:04,7960,19.1356266,72.9102332,-22.5
2018-10-03 21:47:04,7980,19.1356266,72.9102332,-22.5
2018-10-03 21:47:04,8000,19.1356266,72.9102332,-22.5
2018-10-03 21:47:04,8021,19.1356266,72.9102332,-22.5
2018-10-03 21:47:04,8040,19.1356266,72.9102332,-22.5
2018-10-03 21:47:04,8061,19.1356266,72.9102332,-22.5
2018-10-03 21:47:04,8080,19.1356266,72.9102332,-22.5
2018-10-03 21:47:04,8100,19.1356266,72.9102332,-22.5
2018-10-03 21:47:04,8121,19.1356266,72.9102332,-22.5
2018-10-03 21:47:04,8140,19.1356266,72.9102332,-22.5
2018-10-03 21:47:04,8160,19.1356266,72.9102332,-22.5
2018-10-03 21:47:04,8180,19.1356266,72.9102332,-22.5
2018-10-03 21:47:04,8200,19.1356266,72.9102332,-22.5
2018-10-03 21:47:04,8221,19.1356266,72.9102332,-22.5
2018-10-03 21:47:04,8240,19.1356266,72.9102332,-22.5
2018-10-03 21:47:04,8260,19.1356266,72.9102332,-22.5
2018-10-03 21:47:05,8280,19.1356266,72.9102332,-22.5
2018-10-03 21:47:05,8301,19.1356266,72.9102332,-22.5
2018-10-03 21:47:05,8320,19.1356266,72.9102332,-22.5
2018-10-03 21:47:05,8340,19.1356266,72.9102332,-22.5
2018-10-03 21:47:05,8361,19.1356266,72.9102332,-22.5
2018-10-03 21:47:05,8380,19.1356266,72.9102332,-22.5
2018-10-03 21:47:05,8400,19.1356266,72.9102332,-22.5
2018-10-03 21:47:05,8421,19.1356266,72.9102332,-22.5
2018-10-03 21:47:05,8440,19.1356266,72.9102332,-22.5
2018-10-03 21:47:05,8460,19.1356266,72.9102332,-22.5
2018-10-03 21:47:05,8481,19.1356266,72.9102332,-22.5
2018-10-03 21:47:05,8500,19.1356266,72.9102332,-22.5
2018-10-03 21:47:05,8520,19.1356266,72.9102332,-22.5
2018-10-03 21:47:05,8540,19.1356266,72.9102332,-22.5
2018-10-03 21:47:05,8561,19.1356266,72.9102332,-22.5
2018-10-03 21:47:05,8580,19.1356266,72.9102332,-22.5
2018-10-03 21:47:05,8600,19.1356266,72.9102332,-22.5
2018-10-03 21:47:05,8620,19.1356266,72.9102332,-22.5
2018-10-03 21:47:05,8640,19.1356266,72.9102332,-22.5
2018-10-03 21:47:05,8660,19.1356266,72.9102332,-22.5
2018-10-03 21:47:05,8680,19.1356266,72.9102332,-22.5
2018-10-03 21:47:05,8700,19.1356266,72.9102332,-22.5
2018-10-03 21:47:05,8720,19.1356266,72.9102332,-22.5
2018-10-03 21:47:05,8741,19.1356266,72.9102332,-22.5
2018-10-03 21:47:05,8760,19.1356266,72.9102332,-22.5
2018-10-03 21:47:05,8780,19.1356266,72.9102332,-22.5
2018-10-03 21:47:05,8801,19.1356266,72.9102332,-22.5
2018-10-03 21:47:05,8820,19.1356266,72.9102332,-22.5
2018-10-03 21:47:05,8840,19.1356266,72.9102332,-22.5
2018-10-03 21:47:05,8860,19.1356266,72.9102332,-22.5
2018-10-03 21:47:05,8880,19.1356266,72.9102332,-22.5
2018-10-03 21:47:05,8901,19.1356266,72.9102332,-22.5
2018-10-03 21:47:05,8920,19.1356266,72.9102332,-22.5
2018-10-03 21:47:05,8941,19.1356266,72.9102332,-22.5
2018-10-03 21:47:05,8960,19.1356266,72.9102332,-22.5
2018-10-03 21:47:05,8981,19.1356266,72.9102332,-22.5
2018-10-03 21:47:05,9000,19.1356266,72.9102332,-22.5
2018-10-03 21:47:05,9021,19.1356266,72.9102332,-22.5
2018-10-03 21:47:05,9040,19.1356266,72.9102332,-22.5
2018-10-03 21:47:05,9060,19.1356266,72.9102332,-22.5
2018-10-03 21:47:05,9080,19.1356266,72.9102332,-22.5
2018-10-03 21:47:05,9101,19.1356266,72.9102332,-22.5
2018-10-03 21:47:05,9120,19.1356266,72.9102332,-22.5
2018-10-03 21:47:05,9140,19.1356266,72.9102332,-22.5
2018-10-03 21:47:05,9161,19.1356266,72.9102332,-22.5
2018-10-03 21:47:05,9180,19.1356266,72.9102332,-22.5
2018-10-03 21:47:05,9200,19.1356266,72.9102332,-22.5
2018-10-03 21:47:05,9220,19.1356266,72.9102332,-22.5
2018-10-03 21:47:05,9241,19.1356266,72.9102332,-22.5
2018-10-03 21:47:05,9260,19.1356266,72.9102332,-22.5
2018-10-03 21:47:06,9280,19.1356266,72.9102332,-22.5
2018-10-03 21:47:06,9300,19.1356266,72.9102332,-22.5
2018-10-03 21:47:06,9321,19.1356266,72.9102332,-22.5
2018-10-03 21:47:06,9340,19.1356266,72.9102332,-22.5
2018-10-03 21:47:06,9360,19.1356266,72.9102332,-22.5
2018-10-03 21:47:06,9381,19.1356266,72.9102332,-22.5
2018-10-03 21:47:06,9400,19.1356266,72.9102332,-22.5
2018-10-03 21:47:06,9420,19.1356266,72.9102332,-22.5
2018-10-03 21:47:06,9440,19.1356266,72.9102332,-22.5
2018-10-03 21:47:06,9460,19.1356266,72.9102332,-22.5
2018-10-03 21:47:06,9480,19.1356266,72.9102332,-22.5
2018-10-03 21:47:06,9501,19.1356266,72.9102332,-22.5
2018-10-03 21:47:06,9520,19.1356266,72.9102332,-22.5
2018-10-03 21:47:06,9540,19.1356266,72.9102332,-22.5
2018-10-03 21:47:06,9561,19.1356266,72.9102332,-22.5
2018-10-03 21:47:06,9580,19.1356266,72.9102332,-22.5
2018-10-03 21:47:06,9601,19.1356266,72.9102332,-22.5
2018-10-03 21:47:06,9620,19.1356266,72.9102332,-22.5
2018-10-03 21:47:06,9640,19.1356266,72.9102332,-22.5
2018-10-03 21:47:06,9660,19.1356266,72.9102332,-22.5
2018-10-03 21:47:06,9681,19.1356266,72.9102332,-22.5
2018-10-03 21:47:06,9700,19.1356266,72.9102332,-22.5
2018-10-03 21:47:06,9720,19.1356266,72.9102332,-22.5
2018-10-03 21:47:06,9741,19.1356266,72.9102332,-22.5
2018-10-03 21:47:06,9760,19.1356266,72.9102332,-22.5
2018-10-03 21:47:06,9780,19.1356266,72.9102332,-22.5
2018-10-03 21:47:06,9800,19.1356266,72.9102332,-22.5
2018-10-03 21:47:06,9820,19.1356266,72.9102332,-22.5
2018-10-03 21:47:06,9841,19.1356266,72.9102332,-22.5
2018-10-03 21:47:06,9860,19.1356266,72.9102332,-22.5
2018-10-03 21:47:06,9880,19.1356266,72.9102332,-22.5
2018-10-03 21:47:06,9900,19.1356266,72.9102332,-22.5
2018-10-03 21:47:06,9920,19.1356266,72.9102332,-22.5
2018-10-03 21:47:06,9940,19.1356266,72.9102332,-22.5
2018-10-03 21:47:06,9961,19.1356266,72.9102332,-22.5
2018-10-03 21:47:06,9980,19.1356266,72.9102332,-22.5
2018-10-03 21:47:06,10000,19.1356266,72.9102332,-22.5
2018-10-03 21:47:06,10020,19.1356266,72.9102332,-22.5
2018-10-03 21:47:06,10040,19.1356266,72.9102332,-22.5
2018-10-03 21:47:06,10060,19.1356266,72.9102332,-22.5
2018-10-03 21:47:06,10081,19.1356266,72.9102332,-22.5
2018-10-03 21:47:06,10100,19.1356266,72.9102332,-22.5
2018-10-03 21:47:06,10120,19.1356266,72.9102332,-22.5
2018-10-03 21:47:06,10140,19.1356266,72.9102332,-22.5
2018-10-03 21:47:06,10160,19.1356266,72.9102332,-22.5
2018-10-03 21:47:06,10180,19.1356266,72.9102332,-22.5
2018-10-03 21:47:06,10201,19.1356266,72.9102332,-22.5
2018-10-03 21:47:06,10220,19.1356266,72.9102332,-22.5
2018-10-03 21:47:06,10240,19.1356266,72.9102332,-22.5
2018-10-03 21:47:06,10260,19.1356266,72.9102332,-22.5
2018-10-03 21:47:07,10280,19.1356266,72.9102332,-22.5
2018-10-03 21:47:07,10300,19.1356266,72.9102332,-22.5
2018-10-03 21:47:07,10321,19.1356266,72.9102332,-22.5
2018-10-03 21:47:07,10340,19.1356266,72.9102332,-22.5
2018-10-03 21:47:07,10360,19.1356266,72.9102332,-22.5
2018-10-03 21:47:07,10380,19.1356266,72.9102332,-22.5
2018-10-03 21:47:07,10400,19.1356266,72.9102332,-22.5
2018-10-03 21:47:07,10420,19.1356266,72.9102332,-22.5
2018-10-03 21:47:07,10440,19.1356266,72.9102332,-22.5
2018-10-03 21:47:07,10460,19.1356266,72.9102332,-22.5
2018-10-03 21:47:07,10480,19.1356266,72.9102332,-22.5
2018-10-03 21:47:07,10501,19.1356266,72.9102332,-22.5
2018-10-03 21:47:07,10520,19.1356266,72.9102332,-22.5
2018-10-03 21:47:07,10540,19.1356266,72.9102332,-22.5
2018-10-03 21:47:07,10561,19.1356266,72.9102332,-22.5
2018-10-03 21:47:07,10580,19.1356266,72.9102332,-22.5
2018-10-03 21:47:07,10600,19.1356266,72.9102332,-22.5
2018-10-03 21:47:07,10620,19.1356266,72.9102332,-22.5
2018-10-03 21:47:07,10640,19.1356266,72.9102332,-22.5
2018-10-03 21:47:07,10661,19.1356266,72.9102332,-22.5
2018-10-03 21:47:07,10680,19.1356266,72.9102332,-22.5
2018-10-03 21:47:07,10700,19.1356266,72.9102332,-22.5
2018-10-03 21:47:07,10720,19.1356266,72.9102332,-22.5
2018-10-03 21:47:07,10740,19.1356266,72.9102332,-22.5
2018-10-03 21:47:07,10761,19.1356266,72.9102332,-22.5
2018-10-03 21:47:07,10780,19.1356266,72.9102332,-22.5
2018-10-03 21:47:07,10800,19.1356266,72.9102332,-22.5
2018-10-03 21:47:07,10820,19.1356266,72.9102332,-22.5
2018-10-03 21:47:07,10841,19.1356266,72.9102332,-22.5
2018-10-03 21:47:07,10860,19.1356266,72.9102332,-22.5
2018-10-03 21:47:07,10880,19.1356266,72.9102332,-22.5
2018-10-03 21:47:07,10901,19.1356266,72.9102332,-22.5
2018-10-03 21:47:07,10920,19.1356266,72.9102332,-22.5
2018-10-03 21:47:07,10940,19.1356266,72.9102332,-22.5
2018-10-03 21:47:07,10960,19.1356266,72.9102332,-22.5
2018-10-03 21:47:07,10981,19.1356266,72.9102332,-22.5
2018-10-03 21:47:07,11000,19.1356266,72.9102332,-22.5
2018-10-03 21:47:07,11020,19.1356266,72.9102332,-22.5
2018-10-03 21:47:07,11040,19.1356266,72.9102332,-22.5
2018-10-03 21:47:07,11061,19.1356266,72.9102332,-22.5
2018-10-03 21:47:07,11080,19.1356266,72.9102332,-22.5
2018-10-03 21:47:07,11100,19.1356266,72.9102332,-22.5
2018-10-03 21:47:07,11121,19.1356266,72.9102332,-22.5
2018-10-03 21:47:07,11140,19.1356266,72.9102332,-22.5
2018-10-03 21:47:07,11160,19.1356266,72.9102332,-22.5
2018-10-03 21:47:07,11181,19.1356266,72.9102332,-22.5
2018-10-03 21:47:07,11200,19.1356266,72.9102332,-22.5
2018-10-03 21:47:07,11220,19.1356266,72.9102332,-22.5
2018-10-03 21:47:07,11240,19.1356266,72.9102332,-22.5
2018-10-03 21:47:07,11261,19.1356266,72.9102332,-22.5
2018-10-03 21:47:08,11280,19.1356266,72.9102332,-22.5
2018-10-03 21:47:08,11300,19.1356266,72.9102332,-22.5
2018-10-03 21:47:08,11321,19.1356266,72.9102332,-22.5
2018-10-03 21:47:08,11340,19.1356266,72.9102332,-22.5
2018-10-03 21:47:08,11360,19.1356266,72.9102332,-22.5
2018-10-03 21:47:08,11380,19.1356266,72.9102332,-22.5
2018-10-03 21:47:08,11401,19.1356266,72.9102332,-22.5
2018-10-03 21:47:08,11420,19.1356266,72.9102332,-22.5
2018-10-03 21:47:08,11440,19.1356266,72.9102332,-22.5
2018-10-03 21:47:08,11460,19.1356266,72.9102332,-22.5
2018-10-03 21:47:08,11480,19.1356266,72.9102332,-22.5
2018-10-03 21:47:08,11500,19.1356266,72.9102332,-22.5
2018-10-03 21:47:08,11520,19.1356266,72.9102332,-22.5
2018-10-03 21:47:08,11540,19.1356266,72.9102332,-22.5
2018-10-03 21:47:08,11560,19.1356266,72.9102332,-22.5
2018-10-03 21:47:08,11581,19.1356266,72.9102332,-22.5
2018-10-03 21:47:08,11600,19.1356266,72.9102332,-22.5
2018-10-03 21:47:08,11620,19.1356266,72.9102332,-22.5
2018-10-03 21:47:08,11640,19.1356266,72.9102332,-22.5
2018-10-03 21:47:08,11661,19.1356266,72.9102332,-22.5
2018-10-03 21:47:08,11680,19.1356266,72.9102332,-22.5
2018-10-03 21:47:08,11700,19.1356266,72.9102332,-22.5
2018-10-03 21:47:08,11720,19.1356266,72.9102332,-22.5
2018-10-03 21:47:08,11741,19.1356266,72.9102332,-22.5
2018-10-03 21:47:08,11760,19.1356266,72.9102332,-22.5
2018-10-03 21:47:08,11780,19.1356266,72.9102332,-22.5
2018-10-03 21:47:08,11800,19.1356266,72.9102332,-22.5
2018-10-03 21:47:08,11821,19.1356266,72.9102332,-22.5
2018-10-03 21:47:08,11840,19.1356266,72.9102332,-22.5
2018-10-03 21:47:08,11860,19.1356266,72.9102332,-22.5
2018-10-03 21:47:08,11880,19.1356266,72.9102332,-22.5
2018-10-03 21:47:08,11901,19.1356266,72.9102332,-22.5
2018-10-03 21:47:08,11920,19.1356266,72.9102332,-22.5
2018-10-03 21:47:08,11940,19.1356266,72.9102332,-22.5
2018-10-03 21:47:08,11960,19.1356266,72.9102332,-22.5
2018-10-03 21:47:08,11980,19.1356266,72.9102332,-22.5
2018-10-03 21:47:08,12001,19.1356266,72.9102332,-22.5
2018-10-03 21:47:08,12020,19.1356266,72.9102332,-22.5
2018-10-03 21:47:08,12040,19.1356266,72.9102332,-22.5
2018-10-03 21:47:08,12060,19.1356266,72.9102332,-22.5
2018-10-03 21:47:08,12081,19.1356266,72.9102332,-22.5
2018-10-03 21:47:08,12100,19.1356266,72.9102332,-22.5
2018-10-03 21:47:08,12120,19.1356266,72.9102332,-22.5
2018-10-03 21:47:08,12140,19.1356266,72.9102332,-22.5
2018-10-03 21:47:08,12160,19.1356266,72.9102332,-22.5
2018-10-03 21:47:08,12181,19.1356266,72.9102332,-22.5
2018-10-03 21:47:08,12200,19.1356266,72.9102332,-22.5
2018-10-03 21:47:08,12220,19.1356266,72.9102332,-22.5
2018-10-03 21:47:08,12241,19.1356266,72.9102332,-22.5
2018-10-03 21:47:08,12260,19.1356266,72.9102332,-22.5
2018-10-03 21:47:09,12280,19.1356266,72.9102332,-22.5
2018-10-03 21:47:09,12301,19.1356266,72.9102332,-22.5
2018-10-03 21:47:09,12320,19.1356266,72.9102332,-22.5
2018-10-03 21:47:09,12340,19.1356266,72.9102332,-22.5
2018-10-03 21:47:09,12361,19.1356266,72.9102332,-22.5
2018-10-03 21:47:09,12380,19.1356266,72.9102332,-22.5
2018-10-03 21:47:09,12400,19.1356266,72.9102332,-22.5
2018-10-03 21:47:09,12421,19.1356266,72.9102332,-22.5
2018-10-03 21:47:09,12440,19.1356266,72.9102332,-22.5
2018-10-03 21:47:09,12460,19.1356266,72.9102332,-22.5
2018-10-03 21:47:09,12480,19.1356266,72.9102332,-22.5
2018-10-03 21:47:09,12500,19.1356266,72.9102332,-22.5
2018-10-03 21:47:09,12520,19.1356266,72.9102332,-22.5
2018-10-03 21:47:09,12541,19.1356266,72.9102332,-22.5
2018-10-03 21:47:09,12560,19.1356266,72.9102332,-22.5
2018-10-03 21:47:09,12580,19.1356266,72.9102332,-22.5
2018-10-03 21:47:09,12601,19.1356266,72.9102332,-22.5
2018-10-03 21:47:09,12620,19.1356266,72.9102332,-22.5
2018-10-03 21:47:09,12640,19.1356266,72.9102332,-22.5
2018-10-03 21:47:09,12660,19.1356266,72.9102332,-22.5
2018-10-03 21:47:09,12680,19.1356266,72.9102332,-22.5
2018-10-03 21:47:09,12700,19.1356266,72.9102332,-22.5
2018-10-03 21:47:09,12720,19.1356266,72.9102332,-22.5
2018-10-03 21:47:09,12741,19.1356266,72.9102332,-22.5
2018-10-03 21:47:09,12760,19.1356266,72.9102332,-22.5
2018-10-03 21:47:09,12780,19.1356266,72.9102332,-22.5
2018-10-03 21:47:09,12801,19.1356266,72.9102332,-22.5
2018-10-03 21:47:09,12820,19.1356266,72.9102332,-22.5
2018-10-03 21:47:09,12840,19.1356266,72.9102332,-22.5
2018-10-03 21:47:09,12860,19.1356266,72.9102332,-22.5
2018-10-03 21:47:09,12881,19.1356266,72.9102332,-22.5
2018-10-03 21:47:09,12900,19.1356266,72.9102332,-22.5
2018-10-03 21:47:09,12920,19.1356266,72.9102332,-22.5
2018-10-03 21:47:09,12941,19.1356266,72.9102332,-22.5
2018-10-03 21:47:09,12960,19.1356266,72.9102332,-22.5
2018-10-03 21:47:09,12980,19.1356266,72.9102332,-22.5
2018-10-03 21:47:09,13001,19.1356266,72.9102332,-22.5
2018-10-03 21:47:09,13020,19.1356266,72.9102332,-22.5
2018-10-03 21:47:09,13040,19.1356266,72.9102332,-22.5
2018-10-03 21:47:09,13061,19.1356266,72.9102332,-22.5
2018-10-03 21:47:09,13080,19.1356266,72.9102332,-22.5
2018-10-03 21:47:09,13100,19.1356266,72.9102332,-22.5
2018-10-03 21:47:09,13121,19.1356266,72.9102332,-22.5
2018-10-03 21:47:09,13140,19.1356266,72.9102332,-22.5
2018-10-03 21:47:09,13160,19.1356266,72.9102332,-22.5
2018-10-03 21:47:09,13181,19.1356266,72.9102332,-22.5
2018-10-03 21:47:09,13200,19.1356266,72.9102332,-22.5
2018-10-03 21:47:09,13220,19.1356266,72.9102332,-22.5
2018-10-03 21:47:09,13240,19.1356266,72.9102332,-22.5
2018-10-03 21:47:09,13260,19.1356266,72.9102332,-22.5
2018-10-03 21:47:10,13281,19.1356266,72.9102332,-22.5
2018-10-03 21:47:10,13300,19.1356266,72.9102332,-22.5
2018-10-03 21:47:10,13320,19.1356266,72.9102332,-22.5
2018-10-03 21:47:10,13340,19.1356266,72.9102332,-22.5
2018-10-03 21:47:10,13361,19.1356266,72.9102332,-22.5
2018-10-03 21:47:10,13380,19.1356266,72.9102332,-22.5
2018-10-03 21:47:10,13400,19.1356266,72.9102332,-22.5
2018-10-03 21:47:10,13420,19.1356266,72.9102332,-22.5
2018-10-03 21:47:10,13441,19.1356266,72.9102332,-22.5
2018-10-03 21:47:10,13460,19.1356266,72.9102332,-22.5
2018-10-03 21:47:10,13480,19.1356266,72.9102332,-22.5
2018-10-03 21:47:10,13500,19.1356266,72.9102332,-22.5
2018-10-03 21:47:10,13521,19.1356266,72.9102332,-22.5
2018-10-03 21:47:10,13540,19.1356266,72.9102332,-22.5
2018-10-03 21:47:10,13560,19.1356266,72.9102332,-22.5
2018-10-03 21:47:10,13580,19.1356266,72.9102332,-22.5
2018-10-03 21:47:10,13600,19.1356266,72.9102332,-22.5
2018-10-03 21:47:10,13620,19.1356266,72.9102332,-22.5
2018-10-03 21:47:10,13640,19.1356266,72.9102332,-22.5
2018-10-03 21:47:10,13661,19.1356266,72.9102332,-22.5
2018-10-03 21:47:10,13680,19.1356266,72.9102332,-22.5
2018-10-03 21:47:10,13700,19.1356266,72.9102332,-22.5
2018-10-03 21:47:10,13721,19.1356266,72.9102332,-22.5
2018-10-03 21:47:10,13740,19.1356266,72.9102332,-22.5
2018-10-03 21:47:10,13760,19.1356266,72.9102332,-22.5
2018-10-03 21:47:10,13780,19.1356266,72.9102332,-22.5
2018-10-03 21:47:10,13800,19.1356266,72.9102332,-22.5
2018-10-03 21:47:10,13821,19.1356266,72.9102332,-22.5
2018-10-03 21:47:10,13840,19.1356266,72.9102332,-22.5
2018-10-03 21:47:10,13860,19.1356266,72.9102332,-22.5
2018-10-03 21:47:10,13881,19.1356266,72.9102332,-22.5
2018-10-03 21:47:10,13900,19.1356266,72.9102332,-22.5
2018-10-03 21:47:10,13920,19.1356266,72.9102332,-22.5
2018-10-03 21:47:10,13940,19.1356266,72.9102332,-22.5
2018-10-03 21:47:10,13961,19.1356266,72.9102332,-22.5
2018-10-03 21:47:10,13980,19.1356266,72.9102332,-22.5
2018-10-03 21:47:10,14000,19.1356266,72.9102332,-22.5
2018-10-03 21:47:10,14020,19.1356266,72.9102332,-22.5
2018-10-03 21:47:10,14040,19.1356266,72.9102332,-22.5
2018-10-03 21:47:10,14060,19.1356266,72.9102332,-22.5
2018-10-03 21:47:10,14081,19.1356266,72.9102332,-22.5
2018-10-03 21:47:10,14100,19.1356266,72.9102332,-22.5
2018-10-03 21:47:10,14120,19.1356266,72.9102332,-22.5
2018-10-03 21:47:10,14140,19.1356266,72.9102332,-22.5
2018-10-03 21:47:10,14160,19.1356266,72.9102332,-22.5
2018-10-03 21:47:10,14180,19.1356266,72.9102332,-22.5
2018-10-03 21:47:10,14200,19.1356266,72.9102332,-22.5
2018-10-03 21:47:10,14221,19.1356266,72.9102332,-22.5
2018-10-03 21:47:10,14240,19.1356266,72.9102332,-22.5
2018-10-03 21:47:10,14260,19.1356266,72.9102332,-22.5
2018-10-03 21:47:11,14280,19.1356266,72.9102332,-22.5
2018-10-03 21:47:11,14300,19.1356266,72.9102332,-22.5
2018-10-03 21:47:11,14320,19.1356266,72.9102332,-22.5
2018-10-03 21:47:11,14340,19.1356266,72.9102332,-22.5
2018-10-03 21:47:11,14360,19.1356266,72.9102332,-22.5
2018-10-03 21:47:11,14381,19.1356266,72.9102332,-22.5
2018-10-03 21:47:11,14400,19.1356266,72.9102332,-22.5
2018-10-03 21:47:11,14420,19.1356266,72.9102332,-22.5
2018-10-03 21:47:11,14440,19.1356266,72.9102332,-22.5
2018-10-03 21:47:11,14461,19.1356266,72.9102332,-22.5
2018-10-03 21:47:11,14480,19.1356266,72.9102332,-22.5
2018-10-03 21:47:11,14500,19.1356266,72.9102332,-22.5
2018-10-03 21:47:11,14521,19.1356266,72.9102332,-22.5
2018-10-03 21:47:11,14540,19.1356266,72.9102332,-22.5
2018-10-03 21:47:11,14560,19.1356266,72.9102332,-22.5
2018-10-03 21:47:11,14580,19.1356266,72.9102332,-22.5
2018-10-03 21:47:11,14601,19.1356266,72.9102332,-22.5
2018-10-03 21:47:11,14620,19.1356266,72.9102332,-22.5
2018-10-03 21:47:11,14640,19.1356266,72.9102332,-22.5
2018-10-03 21:47:11,14661,19.1356266,72.9102332,-22.5
2018-10-03 21:47:11,14680,19.1356266,72.9102332,-22.5
2018-10-03 21:47:11,14701,19.1356266,72.9102332,-22.5
2018-10-03 21:47:11,14720,19.1356266,72.9102332,-22.5
2018-10-03 21:47:11,14740,19.1356266,72.9102332,-22.5
2018-10-03 21:47:11,14760,19.1356266,72.9102332,-22.5
2018-10-03 21:47:11,14780,19.1356266,72.9102332,-22.5
2018-10-03 21:47:11,14800,19.1356266,72.9102332,-22.5
2018-10-03 21:47:11,14821,19.1356266,72.9102332,-22.5
2018-10-03 21:47:11,14840,19.1356266,72.9102332,-22.5
2018-10-03 21:47:11,14860,19.1356266,72.9102332,-22.5
2018-10-03 21:47:11,14880,19.1356266,72.9102332,-22.5
2018-10-03 21:47:11,14900,19.1356266,72.9102332,-22.5
2018-10-03 21:47:11,14920,19.1356266,72.9102332,-22.5
2018-10-03 21:47:11,14940,19.1356266,72.9102332,-22.5
2018-10-03 21:47:11,14960,19.1356266,72.9102332,-22.5
2018-10-03 21:47:11,14981,19.1356266,72.9102332,-22.5
2018-10-03 21:47:11,15000,19.1356266,72.9102332,-22.5
2018-10-03 21:47:11,15020,19.1356266,72.9102332,-22.5
2018-10-03 21:47:11,15041,19.1356266,72.9102332,-22.5
2018-10-03 21:47:11,15060,19.1356266,72.9102332,-22.5
2018-10-03 21:47:11,15080,19.1356266,72.9102332,-22.5
2018-10-03 21:47:11,15101,19.1356266,72.9102332,-22.5
2018-10-03 21:47:11,15120,19.1356266,72.9102332,-22.5
2018-10-03 21:47:11,15140,19.1356266,72.9102332,-22.5
2018-10-03 21:47:11,15160,19.1356266,72.9102332,-22.5
2018-10-03 21:47:11,15181,19.1356266,72.9102332,-22.5
2018-10-03 21:47:11,15200,19.1356266,72.9102332,-22.5
2018-10-03 21:47:11,15220,19.1356266,72.9102332,-22.5
2018-10-03 21:47:11,15240,19.1356266,72.9102332,-22.5
2018-10-03 21:47:11,15261,19.1356266,72.9102332,-22.5
2018-10-03 21:47:12,15280,19.1356266,72.9102332,-22.5
2018-10-03 21:47:12,15300,19.1356266,72.9102332,-22.5
2018-10-03 21:47:12,15320,19.1356266,72.9102332,-22.5
2018-10-03 21:47:12,15341,19.1356266,72.9102332,-22.5
2018-10-03 21:47:12,15360,19.1356266,72.9102332,-22.5
2018-10-03 21:47:12,15381,19.1356266,72.9102332,-22.5
2018-10-03 21:47:12,15400,19.1356266,72.9102332,-22.5
2018-10-03 21:47:12,15421,19.1356266,72.9102332,-22.5
2018-10-03 21:47:12,15440,19.1356266,72.9102332,-22.5
2018-10-03 21:47:12,15460,19.1356266,72.9102332,-22.5
2018-10-03 21:47:12,15480,19.1356266,72.9102332,-22.5
2018-10-03 21:47:12,15501,19.1356266,72.9102332,-22.5
2018-10-03 21:47:12,15520,19.1356266,72.9102332,-22.5
2018-10-03 21:47:12,15540,19.1356266,72.9102332,-22.5
2018-10-03 21:47:12,15561,19.1356266,72.9102332,-22.5
2018-10-03 21:47:12,15580,19.1356266,72.9102332,-22.5
2018-10-03 21:47:12,15600,19.1356266,72.9102332,-22.5
2018-10-03 21:47:12,15621,19.1356266,72.9102332,-22.5
2018-10-03 21:47:12,15640,19.1356266,72.9102332,-22.5
2018-10-03 21:47:12,15661,19.1356266,72.9102332,-22.5
2018-10-03 21:47:12,15680,19.1356266,72.9102332,-22.5
2018-10-03 21:47:12,15700,19.1356266,72.9102332,-22.5
2018-10-03 21:47:12,15721,19.1356266,72.9102332,-22.5
2018-10-03 21:47:12,15740,19.1356266,72.9102332,-22.5
2018-10-03 21:47:12,15761,19.1356266,72.9102332,-22.5
2018-10-03 21:47:12,15780,19.1356266,72.9102332,-22.5
2018-10-03 21:47:12,15800,19.1356266,72.9102332,-22.5
2018-10-03 21:47:12,15820,19.1356266,72.9102332,-22.5
2018-10-03 21:47:12,15840,19.1356266,72.9102332,-22.5
2018-10-03 21:47:12,15861,19.1356266,72.9102332,-22.5
2018-10-03 21:47:12,15880,19.1356266,72.9102332,-22.5
2018-10-03 21:47:12,15900,19.1356266,72.9102332,-22.5
2018-10-03 21:47:12,15921,19.1356266,72.9102332,-22.5
2018-10-03 21:47:12,15940,19.1356266,72.9102332,-22.5
2018-10-03 21:47:12,15960,19.1356266,72.9102332,-22.5
2018-10-03 21:47:12,15980,19.1356266,72.9102332,-22.5
2018-10-03 21:47:12,16001,19.1356266,72.9102332,-22.5
2018-10-03 21:47:12,16020,19.1356266,72.9102332,-22.5
2018-10-03 21:47:12,16040,19.1356266,72.9102332,-22.5
2018-10-03 21:47:12,16061,19.1356266,72.9102332,-22.5
2018-10-03 21:47:12,16080,19.1356266,72.9102332,-22.5
2018-10-03 21:47:12,16100,19.1356266,72.9102332,-22.5
2018-10-03 21:47:12,16120,19.1356266,72.9102332,-22.5
2018-10-03 21:47:12,16140,19.1356266,72.9102332,-22.5
2018-10-03 21:47:12,16161,19.1356266,72.9102332,-22.5
2018-10-03 21:47:12,16180,19.1356266,72.9102332,-22.5
2018-10-03 21:47:12,16200,19.1356266,72.9102332,-22.5
2018-10-03 21:47:12,16220,19.1356266,72.9102332,-22.5
2018-10-03 21:47:12,16241,19.1356266,72.9102332,-22.5
2018-10-03 21:47:12,16260,19.1356266,72.9102332,-22.5
2018-10-03 21:47:13,16280,19.1356266,72.9102332,-22.5
2018-10-03 21:47:13,16301,19.1356266,72.9102332,-22.5
2018-10-03 21:47:13,16320,19.1356266,72.9102332,-22.5
2018-10-03 21:47:13,16340,19.1356266,72.9102332,-22.5
2018-10-03 21:47:13,16360,19.1356266,72.9102332,-22.5
2018-10-03 21:47:13,16381,19.1356266,72.9102332,-22.5
2018-10-03 21:47:13,16400,19.1356266,72.9102332,-22.5
2018-10-03 21:47:13,16420,19.1356266,72.9102332,-22.5
2018-10-03 21:47:13,16441,19.1356266,72.9102332,-22.5
2018-10-03 21:47:13,16460,19.1356266,72.9102332,-22.5
2018-10-03 21:47:13,16480,19.1356266,72.9102332,-22.5
2018-10-03 21:47:13,16501,19.1356266,72.9102332,-22.5
2018-10-03 21:47:13,16520,19.1356266,72.9102332,-22.5
2018-10-03 21:47:13,16540,19.1356266,72.9102332,-22.5
2018-10-03 21:47:13,16561,19.1356266,72.9102332,-22.5
2018-10-03 21:47:13,16580,19.1356266,72.9102332,-22.5
2018-10-03 21:47:13,16600,19.1356266,72.9102332,-22.5
2018-10-03 21:47:13,16620,19.1356266,72.9102332,-22.5
2018-10-03 21:47:13,16641,19.1356266,72.9102332,-22.5
2018-10-03 21:47:13,16660,19.1356266,72.9102332,-22.5
2018-10-03 21:47:13,16680,19.1356266,72.9102332,-22.5
2018-10-03 21:47:13,16701,19.1356266,72.9102332,-22.5
2018-10-03 21:47:13,16720,19.1356266,72.9102332,-22.5
2018-10-03 21:47:13,16740,19.1356266,72.9102332,-22.5
2018-10-03 21:47:13,16761,19.1356266,72.9102332,-22.5
2018-10-03 21:47:13,16780,19.1356266,72.9102332,-22.5
2018-10-03 21:47:13,16800,19.1356266,72.9102332,-22.5
2018-10-03 21:47:13,16820,19.1356266,72.9102332,-22.5
2018-10-03 21:47:13,16841,19.1356266,72.9102332,-22.5
2018-10-03 21:47:13,16860,19.1356266,72.9102332,-22.5
2018-10-03 21:47:13,16880,19.1356266,72.9102332,-22.5
2018-10-03 21:47:13,16900,19.1356266,72.9102332,-22.5
2018-10-03 21:47:13,16921,19.1356266,72.9102332,-22.5
2018-10-03 21:47:13,16940,19.1356266,72.9102332,-22.5
2018-10-03 21:47:13,16960,19.1356266,72.9102332,-22.5
2018-10-03 21:47:13,16981,19.1356266,72.9102332,-22.5
2018-10-03 21:47:13,17000,19.1356266,72.9102332,-22.5
2018-10-03 21:47:13,17020,19.1356266,72.9102332,-22.5
2018-10-03 21:47:13,17041,19.1356266,72.9102332,-22.5
2018-10-03 21:47:13,17060,19.1356266,72.9102332,-22.5
2018-10-03 21:47:13,17080,19.1356266,72.9102332,-22.5
2018-10-03 21:47:13,17101,19.1356266,72.9102332,-22.5
2018-10-03 21:47:13,17120,19.1356266,72.9102332,-22.5
2018-10-03 21:47:13,17140,19.1356266,72.9102332,-22.5
2018-10-03 21:47:13,17160,19.1356266,72.9102332,-22.5
2018-10-03 21:47:13,17181,19.1356266,72.9102332,-22.5
2018-10-03 21:47:13,17200,19.1356266,72.9102332,-22.5
2018-10-03 21:47:13,17220,19.1356266,72.9102332,-22.5
2018-10-03 21:47:13,17241,19.1356266,72.9102332,-22.5
2018-10-03 21:47:13,17260,19.1356266,72.9102332,-22.5
2018-10-03 21:47:14,17280,19.1356266,72.9102332,-22.5
2018-10-03 21:47:14,17300,19.1356266,72.9102332,-22.5
2018-10-03 21:47:14,17321,19.1356266,72.9102332,-22.5
2018-10-03 21:47:14,17340,19.1356266,72.9102332,-22.5
2018-10-03 21:47:14,17360,19.1356266,72.9102332,-22.5
2018-10-03 21:47:14,17381,19.1356266,72.9102332,-22.5
2018-10-03 21:47:14,17400,19.1356266,72.9102332,-22.5
2018-10-03 21:47:14,17420,19.1356266,72.9102332,-22.5
2018-10-03 21:47:14,17440,19.1356266,72.9102332,-22.5
2018-10-03 21:47:14,17460,19.1356266,72.9102332,-22.5
2018-10-03 21:47:14,17481,19.1356266,72.9102332,-22.5
2018-10-03 21:47:14,17500,19.1356266,72.9102332,-22.5
2018-10-03 21:47:14,17520,19.1356266,72.9102332,-22.5
2018-10-03 21:47:14,17540,19.1356266,72.9102332,-22.5
2018-10-03 21:47:14,17561,19.1356266,72.9102332,-22.5
2018-10-03 21:47:14,17580,19.1356266,72.9102332,-22.5
2018-10-03 21:47:14,17600,19.1356266,72.9102332,-22.5
2018-10-03 21:47:14,17620,19.1356266,72.9102332,-22.5
2018-10-03 21:47:14,17641,19.1356266,72.9102332,-22.5
2018-10-03 21:47:14,17660,19.1356266,72.9102332,-22.5
2018-10-03 21:47:14,17680,19.1356266,72.9102332,-22.5
2018-10-03 21:47:14,17700,19.1356266,72.9102332,-22.5
2018-10-03 21:47:14,17720,19.1356266,72.9102332,-22.5
2018-10-03 21:47:14,17740,19.1356266,72.9102332,-22.5
2018-10-03 21:47:14,17760,19.1356266,72.9102332,-22.5
2018-10-03 21:47:14,17781,19.1356266,72.9102332,-22.5
2018-10-03 21:47:14,17800,19.1356266,72.9102332,-22.5
2018-10-03 21:47:14,17820,19.1356266,72.9102332,-22.5
2018-10-03 21:47:14,17840,19.1356266,72.9102332,-22.5
2018-10-03 21:47:14,17861,19.1356266,72.9102332,-22.5
2018-10-03 21:47:14,17880,19.1356266,72.9102332,-22.5
2018-10-03 21:47:14,17900,19.1356266,72.9102332,-22.5
2018-10-03 21:47:14,17921,19.1356266,72.9102332,-22.5
2018-10-03 21:47:14,17940,19.1356266,72.9102332,-22.5
2018-10-03 21:47:14,17960,19.1356266,72.9102332,-22.5
2018-10-03 21:47:14,17980,19.1356266,72.9102332,-22.5
2018-10-03 21:47:14,18001,19.1356266,72.9102332,-22.5
2018-10-03 21:47:14,18020,19.1356266,72.9102332,-22.5
2018-10-03 21:47:14,18040,19.1356266,72.9102332,-22.5
2018-10-03 21:47:14,18060,19.1356266,72.9102332,-22.5
2018-10-03 21:47:14,18081,19.1356266,72.9102332,-22.5
2018-10-03 21:47:14,18100,19.1356266,72.9102332,-22.5
2018-10-03 21:47:14,18120,19.1356266,72.9102332,-22.5
2018-10-03 21:47:14,18141,19.1356266,72.9102332,-22.5
2018-10-03 21:47:14,18160,19.1356266,72.9102332,-22.5
2018-10-03 21:47:14,18180,19.1356266,72.9102332,-22.5
2018-10-03 21:47:14,18201,19.1356266,72.9102332,-22.5
2018-10-03 21:47:14,18220,19.1356266,72.9102332,-22.5
2018-10-03 21:47:14,18240,19.1356266,72.9102332,-22.5
2018-10-03 21:47:14,18260,19.1356266,72.9102332,-22.5
2018-10-03 21:47:15,18280,19.1356266,72.9102332,-22.5
2018-10-03 21:47:15,18301,19.1356266,72.9102332,-22.5
2018-10-03 21:47:15,18320,19.1356266,72.9102332,-22.5
2018-10-03 21:47:15,18340,19.1356266,72.9102332,-22.5
2018-10-03 21:47:15,18360,19.1356266,72.9102332,-22.5
2018-10-03 21:47:15,18381,19.1356266,72.9102332,-22.5
2018-10-03 21:47:15,18400,19.1356266,72.9102332,-22.5
2018-10-03 21:47:15,18420,19.1356266,72.9102332,-22.5
2018-10-03 21:47:15,18440,19.1356266,72.9102332,-22.5
2018-10-03 21:47:15,18462,19.1356266,72.9102332,-22.5
2018-10-03 21:47:15,18481,19.1356266,72.9102332,-22.5
2018-10-03 21:47:15,18500,19.1356266,72.9102332,-22.5
2018-10-03 21:47:15,18520,19.1356266,72.9102332,-22.5
2018-10-03 21:47:15,18540,19.1356266,72.9102332,-22.5
2018-10-03 21:47:15,18561,19.1356266,72.9102332,-22.5
2018-10-03 21:47:15,18580,19.1356266,72.9102332,-22.5
2018-10-03 21:47:15,18600,19.1356266,72.9102332,-22.5
2018-10-03 21:47:15,18620,19.1356266,72.9102332,-22.5
2018-10-03 21:47:15,18641,19.1356266,72.9102332,-22.5
2018-10-03 21:47:15,18660,19.1356266,72.9102332,-22.5
2018-10-03 21:47:15,18680,19.1356266,72.9102332,-22.5
2018-10-03 21:47:15,18700,19.1356266,72.9102332,-22.5
2018-10-03 21:47:15,18721,19.1356266,72.9102332,-22.5
2018-10-03 21:47:15,18740,19.1356266,72.9102332,-22.5
2018-10-03 21:47:15,18760,19.1356266,72.9102332,-22.5
2018-10-03 21:47:15,18780,19.1356266,72.9102332,-22.5
2018-10-03 21:47:15,18800,19.1356266,72.9102332,-22.5
2018-10-03 21:47:15,18821,19.1356266,72.9102332,-22.5
2018-10-03 21:47:15,18840,19.1356266,72.9102332,-22.5
2018-10-03 21:47:15,18861,19.1356266,72.9102332,-22.5
2018-10-03 21:47:15,18880,19.1356266,72.9102332,-22.5
2018-10-03 21:47:15,18901,19.1356266,72.9102332,-22.5
2018-10-03 21:47:15,18920,19.1356266,72.9102332,-22.5
2018-10-03 21:47:15,18940,19.1356266,72.9102332,-22.5
2018-10-03 21:47:15,18960,19.1356266,72.9102332,-22.5
2018-10-03 21:47:15,18980,19.1356266,72.9102332,-22.5
2018-10-03 21:47:15,19000,19.1356266,72.9102332,-22.5
2018-10-03 21:47:15,19021,19.1356266,72.9102332,-22.5
2018-10-03 21:47:15,19040,19.1356266,72.9102332,-22.5
2018-10-03 21:47:15,19060,19.1356266,72.9102332,-22.5
2018-10-03 21:47:15,19080,19.1356266,72.9102332,-22.5
2018-10-03 21:47:15,19101,19.1356266,72.9102332,-22.5
2018-10-03 21:47:15,19120,19.1356266,72.9102332,-22.5
2018-10-03 21:47:15,19140,19.1356266,72.9102332,-22.5
2018-10-03 21:47:15,19161,19.1356266,72.9102332,-22.5
2018-10-03 21:47:15,19180,19.1356266,72.9102332,-22.5
2018-10-03 21:47:15,19200,19.1356266,72.9102332,-22.5
2018-10-03 21:47:15,19221,19.1356266,72.9102332,-22.5
2018-10-03 21:47:15,19240,19.1356266,72.9102332,-22.5
2018-10-03 21:47:15,19260,19.1356266,72.9102332,-22.5
2018-10-03 21:47:16,19280,19.1356266,72.9102332,-22.5
2018-10-03 21:47:16,19301,19.1356266,72.9102332,-22.5
2018-10-03 21:47:16,19320,19.1356266,72.9102332,-22.5
2018-10-03 21:47:16,19341,19.1356266,72.9102332,-22.5
2018-10-03 21:47:16,19360,19.1356266,72.9102332,-22.5
2018-10-03 21:47:16,19380,19.1356266,72.9102332,-22.5
2018-10-03 21:47:16,19400,19.1356266,72.9102332,-22.5
2018-10-03 21:47:16,19421,19.1356266,72.9102332,-22.5
2018-10-03 21:47:16,19440,19.1356266,72.9102332,-22.5
2018-10-03 21:47:16,19460,19.1356266,72.9102332,-22.5
2018-10-03 21:47:16,19480,19.1356266,72.9102332,-22.5
2018-10-03 21:47:16,19500,19.1356266,72.9102332,-22.5
2018-10-03 21:47:16,19520,19.1356266,72.9102332,-22.5
2018-10-03 21:47:16,19540,19.1356266,72.9102332,-22.5
2018-10-03 21:47:16,19561,19.1356266,72.9102332,-22.5
2018-10-03 21:47:16,19580,19.1356266,72.9102332,-22.5
2018-10-03 21:47:16,19601,19.1356266,72.9102332,-22.5
2018-10-03 21:47:16,19620,19.1356266,72.9102332,-22.5
2018-10-03 21:47:16,19640,19.1356266,72.9102332,-22.5
2018-10-03 21:47:16,19660,19.1356266,72.9102332,-22.5
2018-10-03 21:47:16,19681,19.1356266,72.9102332,-22.5
2018-10-03 21:47:16,19700,19.1356266,72.9102332,-22.5
2018-10-03 21:47:16,19720,19.1356266,72.9102332,-22.5
2018-10-03 21:47:16,19741,19.1356266,72.9102332,-22.5
2018-10-03 21:47:16,19760,19.1356266,72.9102332,-22.5
2018-10-03 21:47:16,19780,19.1356266,72.9102332,-22.5
2018-10-03 21:47:16,19800,19.1356266,72.9102332,-22.5
2018-10-03 21:47:16,19821,19.1356266,72.9102332,-22.5
2018-10-03 21:47:16,19840,19.1356266,72.9102332,-22.5
2018-10-03 21:47:16,19860,19.1356266,72.9102332,-22.5
2018-10-03 21:47:16,19881,19.1356266,72.9102332,-22.5
2018-10-03 21:47:16,19900,19.1356266,72.9102332,-22.5
2018-10-03 21:47:16,19920,19.1356266,72.9102332,-22.5
2018-10-03 21:47:16,19941,19.1356266,72.9102332,-22.5
2018-10-03 21:47:16,19960,19.1356266,72.9102332,-22.5
2018-10-03 21:47:16,19980,19.1356266,72.9102332,-22.5
2018-10-03 21:47:16,20000,19.1356266,72.9102332,-22.5
2018-10-03 21:47:16,20020,19.136134343327758,72.91104868338913,-7.438850402832031
2018-10-03 21:47:16,20041,19.136134343327758,72.91104868338913,-7.438850402832031
2018-10-03 21:47:16,20060,19.136134343327758,72.91104868338913,-7.438850402832031
2018-10-03 21:47:16,20081,19.136134343327758,72.91104868338913,-7.438850402832031
2018-10-03 21:47:16,20100,19.136134343327758,72.91104868338913,-7.438850402832031
2018-10-03 21:47:16,20120,19.136134343327758,72.91104868338913,-7.438850402832031
2018-10-03 21:47:16,20140,19.136134343327758,72.91104868338913,-7.438850402832031
2018-10-03 21:47:16,20160,19.136134343327758,72.91104868338913,-7.438850402832031
2018-10-03 21:47:16,20181,19.136134343327758,72.91104868338913,-7.438850402832031
2018-10-03 21:47:16,20201,19.136134343327758,72.91104868338913,-7.438850402832031
2018-10-03 21:47:16,20220,19.136134343327758,72.91104868338913,-7.438850402832031
2018-10-03 21:47:16,20240,19.136134343327758,72.91104868338913,-7.438850402832031
2018-10-03 21:47:16,20260,19.136134343327758,72.91104868338913,-7.438850402832031
2018-10-03 21:47:17,20280,19.136134343327758,72.91104868338913,-7.438850402832031
2018-10-03 21:47:17,20300,19.136134343327758,72.91104868338913,-7.438850402832031
2018-10-03 21:47:17,20321,19.136134343327758,72.91104868338913,-7.438850402832031
2018-10-03 21:47:17,20340,19.136134343327758,72.91104868338913,-7.438850402832031
2018-10-03 21:47:17,20360,19.136134343327758,72.91104868338913,-7.438850402832031
2018-10-03 21:47:17,20380,19.136134343327758,72.91104868338913,-7.438850402832031
2018-10-03 21:47:17,20401,19.136134343327758,72.91104868338913,-7.438850402832031
2018-10-03 21:47:17,20420,19.136134343327758,72.91104868338913,-7.438850402832031
2018-10-03 21:47:17,20440,19.136134343327758,72.91104868338913,-7.438850402832031
2018-10-03 21:47:17,20460,19.136134343327758,72.91104868338913,-7.438850402832031
2018-10-03 21:47:17,20480,19.136134343327758,72.91104868338913,-7.438850402832031
2018-10-03 21:47:17,20500,19.136134343327758,72.91104868338913,-7.438850402832031
2018-10-03 21:47:17,20521,19.136134343327758,72.91104868338913,-7.438850402832031
2018-10-03 21:47:17,20540,19.136134343327758,72.91104868338913,-7.438850402832031
2018-10-03 21:47:17,20560,19.136134343327758,72.91104868338913,-7.438850402832031
2018-10-03 21:47:17,20581,19.136134343327758,72.91104868338913,-7.438850402832031
2018-10-03 21:47:17,20600,19.136134343327758,72.91104868338913,-7.438850402832031
2018-10-03 21:47:17,20621,19.136134343327758,72.91104868338913,-7.438850402832031
2018-10-03 21:47:17,20640,19.136134343327758,72.91104868338913,-7.438850402832031
2018-10-03 21:47:17,20660,19.136134343327758,72.91104868338913,-7.438850402832031
2018-10-03 21:47:17,20681,19.136134343327758,72.91104868338913,-7.438850402832031
2018-10-03 21:47:17,20700,19.136134343327758,72.91104868338913,-7.438850402832031
2018-10-03 21:47:17,20721,19.136134343327758,72.91104868338913,-7.438850402832031
2018-10-03 21:47:17,20740,19.136134343327758,72.91104868338913,-7.438850402832031
2018-10-03 21:47:17,20760,19.136134343327758,72.91104868338913,-7.438850402832031
2018-10-03 21:47:17,20781,19.136134343327758,72.91104868338913,-7.438850402832031
2018-10-03 21:47:17,20800,19.136134343327758,72.91104868338913,-7.438850402832031
2018-10-03 21:47:17,20820,19.136134343327758,72.91104868338913,-7.438850402832031
2018-10-03 21:47:17,20841,19.136134343327758,72.91104868338913,-7.438850402832031
2018-10-03 21:47:17,20860,19.136134343327758,72.91104868338913,-7.438850402832031
2018-10-03 21:47:17,20880,19.136134343327758,72.91104868338913,-7.438850402832031
2018-10-03 21:47:17,20901,19.136134343327758,72.91104868338913,-7.438850402832031
2018-10-03 21:47:17,20920,19.136134343327758,72.91104868338913,-7.438850402832031
2018-10-03 21:47:17,20940,19.136134343327758,72.91104868338913,-7.438850402832031
2018-10-03 21:47:17,20960,19.136134343327758,72.91104868338913,-7.438850402832031
2018-10-03 21:47:17,20981,19.136134343327758,72.91104868338913,-7.438850402832031
2018-10-03 21:47:17,21000,19.136134343327758,72.91104868338913,-7.438850402832031
2018-10-03 21:47:17,21020,19.136134343327758,72.91104868338913,-7.438850402832031
2018-10-03 21:47:17,21041,19.136134343327758,72.91104868338913,-7.438850402832031
2018-10-03 21:47:17,21060,19.136134343327758,72.91104868338913,-7.438850402832031
2018-10-03 21:47:17,21080,19.136134343327758,72.91104868338913,-7.438850402832031
2018-10-03 21:47:17,21100,19.136134343327758,72.91104868338913,-7.438850402832031
2018-10-03 21:47:17,21121,19.136134343327758,72.91104868338913,-7.438850402832031
2018-10-03 21:47:17,21140,19.136134343327758,72.91104868338913,-7.438850402832031
2018-10-03 21:47:17,21160,19.136134343327758,72.91104868338913,-7.438850402832031
2018-10-03 21:47:17,21181,19.136134343327758,72.91104868338913,-7.438850402832031
2018-10-03 21:47:17,21200,19.136134343327758,72.91104868338913,-7.438850402832031
2018-10-03 21:47:17,21220,19.136134343327758,72.91104868338913,-7.438850402832031
2018-10-03 21:47:17,21240,19.136134343327758,72.91104868338913,-7.438850402832031
2018-10-03 21:47:17,21261,19.136134343327758,72.91104868338913,-7.438850402832031
2018-10-03 21:47:18,21280,19.136134343327758,72.91104868338913,-7.438850402832031
2018-10-03 21:47:18,21300,19.136134343327758,72.91104868338913,-7.438850402832031
2018-10-03 21:47:18,21321,19.136134343327758,72.91104868338913,-7.438850402832031
2018-10-03 21:47:18,21340,19.136134343327758,72.91104868338913,-7.438850402832031
2018-10-03 21:47:18,21360,19.136134343327758,72.91104868338913,-7.438850402832031
2018-10-03 21:47:18,21381,19.136134343327758,72.91104868338913,-7.438850402832031
2018-10-03 21:47:18,21400,19.136134343327758,72.91104868338913,-7.438850402832031
2018-10-03 21:47:18,21421,19.136134343327758,72.91104868338913,-7.438850402832031
2018-10-03 21:47:18,21440,19.136134343327758,72.91104868338913,-7.438850402832031
2018-10-03 21:47:18,21460,19.136134343327758,72.91104868338913,-7.438850402832031
2018-10-03 21:47:18,21481,19.136134343327758,72.91104868338913,-7.438850402832031
2018-10-03 21:47:18,21500,19.136134343327758,72.91104868338913,-7.438850402832031
2018-10-03 21:47:18,21520,19.136134343327758,72.91104868338913,-7.438850402832031
2018-10-03 21:47:18,21540,19.136134343327758,72.91104868338913,-7.438850402832031
2018-10-03 21:47:18,21561,19.136134343327758,72.91104868338913,-7.438850402832031
2018-10-03 21:47:18,21580,19.136134343327758,72.91104868338913,-7.438850402832031
2018-10-03 21:47:18,21600,19.136134343327758,72.91104868338913,-7.438850402832031
2018-10-03 21:47:18,21621,19.136134343327758,72.91104868338913,-7.438850402832031
2018-10-03 21:47:18,21640,19.136134343327758,72.91104868338913,-7.438850402832031
2018-10-03 21:47:18,21660,19.136134343327758,72.91104868338913,-7.438850402832031
2018-10-03 21:47:18,21680,19.136134343327758,72.91104868338913,-7.438850402832031
2018-10-03 21:47:18,21701,19.136134343327758,72.91104868338913,-7.438850402832031
2018-10-03 21:47:18,21720,19.136134343327758,72.91104868338913,-7.438850402832031
2018-10-03 21:47:18,21740,19.136134343327758,72.91104868338913,-7.438850402832031
2018-10-03 21:47:18,21761,19.136134343327758,72.91104868338913,-7.438850402832031
2018-10-03 21:47:18,21780,19.136134343327758,72.91104868338913,-7.438850402832031
2018-10-03 21:47:18,21800,19.136134343327758,72.91104868338913,-7.438850402832031
2018-10-03 21:47:18,21820,19.136134343327758,72.91104868338913,-7.438850402832031
2018-10-03 21:47:18,21840,19.136134343327758,72.91104868338913,-7.438850402832031
2018-10-03 21:47:18,21860,19.136134343327758,72.91104868338913,-7.438850402832031
2018-10-03 21:47:18,21881,19.136134343327758,72.91104868338913,-7.438850402832031
2018-10-03 21:47:18,21900,19.136134343327758,72.91104868338913,-7.438850402832031
2018-10-03 21:47:18,21920,19.136134343327758,72.91104868338913,-7.438850402832031
2018-10-03 21:47:18,21941,19.136134343327758,72.91104868338913,-7.438850402832031
2018-10-03 21:47:18,21960,19.136134343327758,72.91104868338913,-7.438850402832031
2018-10-03 21:47:18,21980,19.136134343327758,72.91104868338913,-7.438850402832031
2018-10-03 21:47:18,22000,19.136134343327758,72.91104868338913,-7.438850402832031
2018-10-03 21:47:18,22020,19.136134343327758,72.91104868338913,-7.438850402832031
2018-10-03 21:47:18,22041,19.136134343327758,72.91104868338913,-7.438850402832031
2018-10-03 21:47:18,22060,19.136134343327758,72.91104868338913,-7.438850402832031
2018-10-03 21:47:18,22080,19.136134343327758,72.91104868338913,-7.438850402832031
2018-10-03 21:47:18,22100,19.136134343327758,72.91104868338913,-7.438850402832031
2018-10-03 21:47:18,22120,19.136134343327758,72.91104868338913,-7.438850402832031
2018-10-03 21:47:18,22141,19.136134343327758,72.91104868338913,-7.438850402832031
2018-10-03 21:47:18,22160,19.136134343327758,72.91104868338913,-7.438850402832031
2018-10-03 21:47:18,22180,19.136134343327758,72.91104868338913,-7.438850402832031
2018-10-03 21:47:18,22201,19.136134343327758,72.91104868338913,-7.438850402832031
2018-10-03 21:47:18,22220,19.136134343327758,72.91104868338913,-7.438850402832031
2018-10-03 21:47:18,22240,19.136134343327758,72.91104868338913,-7.438850402832031
2018-10-03 21:47:18,22260,19.136134343327758,72.91104868338913,-7.438850402832031
2018-10-03 21:47:19,22280,19.136134343327758,72.91104868338913,-7.438850402832031
2018-10-03 21:47:19,22300,19.136134343327758,72.91104868338913,-7.438850402832031
2018-10-03 21:47:19,22320,19.136134343327758,72.91104868338913,-7.438850402832031
2018-10-03 21:47:19,22341,19.136134343327758,72.91104868338913,-7.438850402832031
2018-10-03 21:47:19,22360,19.136134343327758,72.91104868338913,-7.438850402832031
2018-10-03 21:47:19,22380,19.136134343327758,72.91104868338913,-7.438850402832031
2018-10-03 21:47:19,22400,19.136134343327758,72.91104868338913,-7.438850402832031
2018-10-03 21:47:19,22421,19.136134343327758,72.91104868338913,-7.438850402832031
2018-10-03 21:47:19,22440,19.136134343327758,72.91104868338913,-7.438850402832031
2018-10-03 21:47:19,22460,19.136134343327758,72.91104868338913,-7.438850402832031
2018-10-03 21:47:19,22480,19.136134343327758,72.91104868338913,-7.438850402832031
2018-10-03 21:47:19,22500,19.136134343327758,72.91104868338913,-7.438850402832031
2018-10-03 21:47:19,22521,19.136134343327758,72.91104868338913,-7.438850402832031
2018-10-03 21:47:19,22540,19.136134343327758,72.91104868338913,-7.438850402832031
2018-10-03 21:47:19,22560,19.136134343327758,72.91104868338913,-7.438850402832031
2018-10-03 21:47:19,22580,19.136134343327758,72.91104868338913,-7.438850402832031
2018-10-03 21:47:19,22600,19.136134343327758,72.91104868338913,-7.438850402832031
2018-10-03 21:47:19,22621,19.136134343327758,72.91104868338913,-7.438850402832031
2018-10-03 21:47:19,22640,19.136134343327758,72.91104868338913,-7.438850402832031
2018-10-03 21:47:19,22660,19.136134343327758,72.91104868338913,-7.438850402832031
2018-10-03 21:47:19,22680,19.136134343327758,72.91104868338913,-7.438850402832031
2018-10-03 21:47:19,22701,19.136134343327758,72.91104868338913,-7.438850402832031
2018-10-03 21:47:19,22720,19.136134343327758,72.91104868338913,-7.438850402832031
2018-10-03 21:47:19,22741,19.136134343327758,72.91104868338913,-7.438850402832031
2018-10-03 21:47:19,22760,19.136134343327758,72.91104868338913,-7.438850402832031
2018-10-03 21:47:19,22780,19.136134343327758,72.91104868338913,-7.438850402832031
2018-10-03 21:47:19,22800,19.136134343327758,72.91104868338913,-7.438850402832031
2018-10-03 21:47:19,22820,19.136134343327758,72.91104868338913,-7.438850402832031
2018-10-03 21:47:19,22840,19.136134343327758,72.91104868338913,-7.438850402832031
2018-10-03 21:47:19,22861,19.136134343327758,72.91104868338913,-7.438850402832031
2018-10-03 21:47:19,22880,19.136134343327758,72.91104868338913,-7.438850402832031
2018-10-03 21:47:19,22900,19.136134343327758,72.91104868338913,-7.438850402832031
2018-10-03 21:47:19,22920,19.136134343327758,72.91104868338913,-7.438850402832031
2018-10-03 21:47:19,22940,19.136134343327758,72.91104868338913,-7.438850402832031
2018-10-03 21:47:19,22961,19.136134343327758,72.91104868338913,-7.438850402832031
2018-10-03 21:47:19,22980,19.136134343327758,72.91104868338913,-7.438850402832031
2018-10-03 21:47:19,23000,19.136134343327758,72.91104868338913,-7.438850402832031
2018-10-03 21:47:19,23020,19.136134343327758,72.91104868338913,-7.438850402832031
2018-10-03 21:47:19,23040,19.136134343327758,72.91104868338913,-7.438850402832031
2018-10-03 21:47:19,23060,19.136134343327758,72.91104868338913,-7.438850402832031
2018-10-03 21:47:19,23080,19.136134343327758,72.91104868338913,-7.438850402832031
2018-10-03 21:47:19,23100,19.136134343327758,72.91104868338913,-7.438850402832031
2018-10-03 21:47:19,23121,19.136134343327758,72.91104868338913,-7.438850402832031
2018-10-03 21:47:19,23140,19.136134343327758,72.91104868338913,-7.438850402832031
2018-10-03 21:47:19,23160,19.136134343327758,72.91104868338913,-7.438850402832031
2018-10-03 21:47:19,23181,19.136134343327758,72.91104868338913,-7.438850402832031
2018-10-03 21:47:19,23200,19.136134343327758,72.91104868338913,-7.438850402832031
2018-10-03 21:47:19,23220,19.136134343327758,72.91104868338913,-7.438850402832031
2018-10-03 21:47:19,23240,19.136134343327758,72.91104868338913,-7.438850402832031
2018-10-03 21:47:19,23260,19.136134343327758,72.91104868338913,-7.438850402832031
2018-10-03 21:47:20,23281,19.136134343327758,72.91104868338913,-7.438850402832031
2018-10-03 21:47:20,23300,19.136134343327758,72.91104868338913,-7.438850402832031
2018-10-03 21:47:20,23320,19.136134343327758,72.91104868338913,-7.438850402832031
2018-10-03 21:47:20,23341,19.136134343327758,72.91104868338913,-7.438850402832031
2018-10-03 21:47:20,23360,19.136134343327758,72.91104868338913,-7.438850402832031
2018-10-03 21:47:20,23381,19.136134343327758,72.91104868338913,-7.438850402832031
2018-10-03 21:47:20,23400,19.136134343327758,72.91104868338913,-7.438850402832031
2018-10-03 21:47:20,23420,19.136134343327758,72.91104868338913,-7.438850402832031
2018-10-03 21:47:20,23440,19.136134343327758,72.91104868338913,-7.438850402832031
2018-10-03 21:47:20,23460,19.136134343327758,72.91104868338913,-7.438850402832031
2018-10-03 21:47:20,23480,19.136134343327758,72.91104868338913,-7.438850402832031
2018-10-03 21:47:20,23501,19.136134343327758,72.91104868338913,-7.438850402832031
2018-10-03 21:47:20,23520,19.136134343327758,72.91104868338913,-7.438850402832031
2018-10-03 21:47:20,23540,19.136134343327758,72.91104868338913,-7.438850402832031
2018-10-03 21:47:20,23560,19.136134343327758,72.91104868338913,-7.438850402832031
2018-10-03 21:47:20,23580,19.136134343327758,72.91104868338913,-7.438850402832031
2018-10-03 21:47:20,23601,19.136134343327758,72.91104868338913,-7.438850402832031
2018-10-03 21:47:20,23620,19.136134343327758,72.91104868338913,-7.438850402832031
2018-10-03 21:47:20,23640,19.136134343327758,72.91104868338913,-7.438850402832031
2018-10-03 21:47:20,23661,19.136134343327758,72.91104868338913,-7.438850402832031
2018-10-03 21:47:20,23682,19.136134343327758,72.91104868338913,-7.438850402832031
2018-10-03 21:47:20,23700,19.136134343327758,72.91104868338913,-7.438850402832031
2018-10-03 21:47:20,23721,19.136134343327758,72.91104868338913,-7.438850402832031
2018-10-03 21:47:20,23740,19.136134343327758,72.91104868338913,-7.438850402832031
2018-10-03 21:47:20,23760,19.136134343327758,72.91104868338913,-7.438850402832031
2018-10-03 21:47:20,23780,19.136134343327758,72.91104868338913,-7.438850402832031
2018-10-03 21:47:20,23801,19.136134343327758,72.91104868338913,-7.438850402832031
2018-10-03 21:47:20,23820,19.136134343327758,72.91104868338913,-7.438850402832031
2018-10-03 21:47:20,23840,19.136134343327758,72.91104868338913,-7.438850402832031
2018-10-03 21:47:20,23861,19.136134343327758,72.91104868338913,-7.438850402832031
2018-10-03 21:47:20,23880,19.136134343327758,72.91104868338913,-7.438850402832031
2018-10-03 21:47:20,23900,19.136134343327758,72.91104868338913,-7.438850402832031
2018-10-03 21:47:20,23920,19.136134343327758,72.91104868338913,-7.438850402832031
2018-10-03 21:47:20,23941,19.136134343327758,72.91104868338913,-7.438850402832031
2018-10-03 21:47:20,23960,19.136134343327758,72.91104868338913,-7.438850402832031
2018-10-03 21:47:20,23980,19.136134343327758,72.91104868338913,-7.438850402832031
2018-10-03 21:47:20,24000,19.136134343327758,72.91104868338913,-7.438850402832031
2018-10-03 21:47:20,24021,19.136134343327758,72.91104868338913,-7.438850402832031
2018-10-03 21:47:20,24040,19.136134343327758,72.91104868338913,-7.438850402832031
2018-10-03 21:47:20,24060,19.136134343327758,72.91104868338913,-7.438850402832031
2018-10-03 21:47:20,24081,19.136134343327758,72.91104868338913,-7.438850402832031
2018-10-03 21:47:20,24100,19.136134343327758,72.91104868338913,-7.438850402832031
2018-10-03 21:47:20,24120,19.136134343327758,72.91104868338913,-7.438850402832031
2018-10-03 21:47:20,24140,19.136134343327758,72.91104868338913,-7.438850402832031
2018-10-03 21:47:20,24163,19.136134343327758,72.91104868338913,-7.438850402832031
2018-10-03 21:47:20,24180,19.136134343327758,72.91104868338913,-7.438850402832031
2018-10-03 21:47:20,24200,19.136134343327758,72.91104868338913,-7.438850402832031
2018-10-03 21:47:20,24220,19.136134343327758,72.91104868338913,-7.438850402832031
2018-10-03 21:47:20,24240,19.136134343327758,72.91104868338913,-7.438850402832031
2018-10-03 21:47:20,24261,19.136134343327758,72.91104868338913,-7.438850402832031
2018-10-03 21:47:21,24280,19.136134343327758,72.91104868338913,-7.438850402832031
2018-10-03 21:47:21,24300,19.136134343327758,72.91104868338913,-7.438850402832031
2018-10-03 21:47:21,24320,19.136134343327758,72.91104868338913,-7.438850402832031
2018-10-03 21:47:21,24341,19.136134343327758,72.91104868338913,-7.438850402832031
2018-10-03 21:47:21,24360,19.136134343327758,72.91104868338913,-7.438850402832031
2018-10-03 21:47:21,24380,19.136134343327758,72.91104868338913,-7.438850402832031
2018-10-03 21:47:21,24400,19.136134343327758,72.91104868338913,-7.438850402832031
2018-10-03 21:47:21,24421,19.136134343327758,72.91104868338913,-7.438850402832031
2018-10-03 21:47:21,24440,19.136134343327758,72.91104868338913,-7.438850402832031
2018-10-03 21:47:21,24460,19.136134343327758,72.91104868338913,-7.438850402832031
2018-10-03 21:47:21,24480,19.136134343327758,72.91104868338913,-7.438850402832031
2018-10-03 21:47:21,24500,19.136134343327758,72.91104868338913,-7.438850402832031
2018-10-03 21:47:21,24520,19.136134343327758,72.91104868338913,-7.438850402832031
2018-10-03 21:47:21,24540,19.136134343327758,72.91104868338913,-7.438850402832031
2018-10-03 21:47:21,24560,19.136134343327758,72.91104868338913,-7.438850402832031
2018-10-03 21:47:21,24581,19.136134343327758,72.91104868338913,-7.438850402832031
2018-10-03 21:47:21,24600,19.136134343327758,72.91104868338913,-7.438850402832031
2018-10-03 21:47:21,24620,19.136134343327758,72.91104868338913,-7.438850402832031
2018-10-03 21:47:21,24640,19.136134343327758,72.91104868338913,-7.438850402832031
2018-10-03 21:47:21,24660,19.136134343327758,72.91104868338913,-7.438850402832031
2018-10-03 21:47:21,24680,19.136134343327758,72.91104868338913,-7.438850402832031
2018-10-03 21:47:21,24700,19.136134343327758,72.91104868338913,-7.438850402832031
2018-10-03 21:47:21,24721,19.136134343327758,72.91104868338913,-7.438850402832031
2018-10-03 21:47:21,24740,19.136134343327758,72.91104868338913,-7.438850402832031
2018-10-03 21:47:21,24760,19.136134343327758,72.91104868338913,-7.438850402832031
2018-10-03 21:47:21,24781,19.136134343327758,72.91104868338913,-7.438850402832031
2018-10-03 21:47:21,24800,19.136134343327758,72.91104868338913,-7.438850402832031
2018-10-03 21:47:21,24820,19.136134343327758,72.91104868338913,-7.438850402832031
2018-10-03 21:47:21,24840,19.136134343327758,72.91104868338913,-7.438850402832031
2018-10-03 21:47:21,24860,19.136134343327758,72.91104868338913,-7.438850402832031
2018-10-03 21:47:21,24881,19.136134343327758,72.91104868338913,-7.438850402832031
2018-10-03 21:47:21,24900,19.136134343327758,72.91104868338913,-7.438850402832031
2018-10-03 21:47:21,24920,19.136134343327758,72.91104868338913,-7.438850402832031
2018-10-03 21:47:21,24940,19.136134343327758,72.91104868338913,-7.438850402832031
2018-10-03 21:47:21,24961,19.136134343327758,72.91104868338913,-7.438850402832031
2018-10-03 21:47:21,24980,19.136134343327758,72.91104868338913,-7.438850402832031
2018-10-03 21:47:21,25000,19.136134343327758,72.91104868338913,-7.438850402832031
2018-10-03 21:47:21,25020,19.136134343327758,72.91104868338913,-7.438850402832031
2018-10-03 21:47:21,25041,19.136134343327758,72.91104868338913,-7.438850402832031
2018-10-03 21:47:21,25060,19.136134343327758,72.91104868338913,-7.438850402832031
2018-10-03 21:47:21,25080,19.136134343327758,72.91104868338913,-7.438850402832031
2018-10-03 21:47:21,25100,19.136134343327758,72.91104868338913,-7.438850402832031
2018-10-03 21:47:21,25121,19.136134343327758,72.91104868338913,-7.438850402832031
2018-10-03 21:47:21,25140,19.136134343327758,72.91104868338913,-7.438850402832031
2018-10-03 21:47:21,25160,19.136134343327758,72.91104868338913,-7.438850402832031
2018-10-03 21:47:21,25180,19.136134343327758,72.91104868338913,-7.438850402832031
2018-10-03 21:47:21,25200,19.136134343327758,72.91104868338913,-7.438850402832031
2018-10-03 21:47:21,25220,19.136134343327758,72.91104868338913,-7.438850402832031
2018-10-03 21:47:21,25240,19.136134343327758,72.91104868338913,-7.438850402832031
2018-10-03 21:47:21,25260,19.136134343327758,72.91104868338913,-7.438850402832031
2018-10-03 21:47:22,25281,19.136134343327758,72.91104868338913,-7.438850402832031
2018-10-03 21:47:22,25300,19.136134343327758,72.91104868338913,-7.438850402832031
2018-10-03 21:47:22,25320,19.136134343327758,72.91104868338913,-7.438850402832031
2018-10-03 21:47:22,25340,19.136134343327758,72.91104868338913,-7.438850402832031
2018-10-03 21:47:22,25361,19.136134343327758,72.91104868338913,-7.438850402832031
2018-10-03 21:47:22,25380,19.136134343327758,72.91104868338913,-7.438850402832031
2018-10-03 21:47:22,25400,19.136134343327758,72.91104868338913,-7.438850402832031
2018-10-03 21:47:22,25421,19.136134343327758,72.91104868338913,-7.438850402832031
2018-10-03 21:47:22,25440,19.136134343327758,72.91104868338913,-7.438850402832031
2018-10-03 21:47:22,25460,19.136134343327758,72.91104868338913,-7.438850402832031
2018-10-03 21:47:22,25480,19.136134343327758,72.91104868338913,-7.438850402832031
2018-10-03 21:47:22,25501,19.136134343327758,72.91104868338913,-7.438850402832031
2018-10-03 21:47:22,25520,19.136134343327758,72.91104868338913,-7.438850402832031
2018-10-03 21:47:22,25540,19.136134343327758,72.91104868338913,-7.438850402832031
2018-10-03 21:47:22,25561,19.136134343327758,72.91104868338913,-7.438850402832031
2018-10-03 21:47:22,25580,19.136134343327758,72.91104868338913,-7.438850402832031
2018-10-03 21:47:22,25600,19.136134343327758,72.91104868338913,-7.438850402832031
2018-10-03 21:47:22,25621,19.136134343327758,72.91104868338913,-7.438850402832031
2018-10-03 21:47:22,25640,19.136134343327758,72.91104868338913,-7.438850402832031
2018-10-03 21:47:22,25660,19.136134343327758,72.91104868338913,-7.438850402832031
2018-10-03 21:47:22,25680,19.136134343327758,72.91104868338913,-7.438850402832031
2018-10-03 21:47:22,25701,19.136134343327758,72.91104868338913,-7.438850402832031
2018-10-03 21:47:22,25720,19.136134343327758,72.91104868338913,-7.438850402832031
2018-10-03 21:47:22,25740,19.136134343327758,72.91104868338913,-7.438850402832031
2018-10-03 21:47:22,25761,19.136134343327758,72.91104868338913,-7.438850402832031
2018-10-03 21:47:22,25780,19.136134343327758,72.91104868338913,-7.438850402832031
2018-10-03 21:47:22,25800,19.136134343327758,72.91104868338913,-7.438850402832031
2018-10-03 21:47:22,25820,19.136134343327758,72.91104868338913,-7.438850402832031
2018-10-03 21:47:22,25840,19.136134343327758,72.91104868338913,-7.438850402832031
2018-10-03 21:47:22,25861,19.136134343327758,72.91104868338913,-7.438850402832031
2018-10-03 21:47:22,25880,19.136134343327758,72.91104868338913,-7.438850402832031
2018-10-03 21:47:22,25900,19.136134343327758,72.91104868338913,-7.438850402832031
2018-10-03 21:47:22,25920,19.136134343327758,72.91104868338913,-7.438850402832031
2018-10-03 21:47:22,25941,19.1356346,72.9102638,-22.5
2018-10-03 21:47:22,25960,19.1356346,72.9102638,-22.5
2018-10-03 21:47:22,25981,19.1356346,72.9102638,-22.5
2018-10-03 21:47:22,26000,19.1356346,72.9102638,-22.5
2018-10-03 21:47:22,26020,19.1356346,72.9102638,-22.5
2018-10-03 21:47:22,26040,19.1356346,72.9102638,-22.5
2018-10-03 21:47:22,26060,19.1356346,72.9102638,-22.5
2018-10-03 21:47:22,26080,19.1356346,72.9102638,-22.5
2018-10-03 21:47:22,26100,19.1356346,72.9102638,-22.5
2018-10-03 21:47:22,26120,19.1356346,72.9102638,-22.5
2018-10-03 21:47:22,26140,19.1356346,72.9102638,-22.5
2018-10-03 21:47:22,26161,19.1356346,72.9102638,-22.5
2018-10-03 21:47:22,26180,19.1356346,72.9102638,-22.5
2018-10-03 21:47:22,26200,19.1356346,72.9102638,-22.5
2018-10-03 21:47:22,26220,19.1356346,72.9102638,-22.5
2018-10-03 21:47:22,26241,19.1356346,72.9102638,-22.5
2018-10-03 21:47:22,26260,19.1356346,72.9102638,-22.5
2018-10-03 21:47:23,26280,19.1356346,72.9102638,-22.5
2018-10-03 21:47:23,26300,19.1356346,72.9102638,-22.5
2018-10-03 21:47:23,26321,19.1356346,72.9102638,-22.5
2018-10-03 21:47:23,26340,19.1356346,72.9102638,-22.5
2018-10-03 21:47:23,26360,19.1356346,72.9102638,-22.5
2018-10-03 21:47:23,26380,19.1356346,72.9102638,-22.5
2018-10-03 21:47:23,26400,19.1356346,72.9102638,-22.5
2018-10-03 21:47:23,26421,19.1356346,72.9102638,-22.5
2018-10-03 21:47:23,26440,19.1356346,72.9102638,-22.5
2018-10-03 21:47:23,26460,19.1356346,72.9102638,-22.5
2018-10-03 21:47:23,26480,19.1356346,72.9102638,-22.5
2018-10-03 21:47:23,26500,19.1356346,72.9102638,-22.5
2018-10-03 21:47:23,26521,19.1356346,72.9102638,-22.5
2018-10-03 21:47:23,26540,19.1356346,72.9102638,-22.5
2018-10-03 21:47:23,26560,19.1356346,72.9102638,-22.5
2018-10-03 21:47:23,26580,19.1356346,72.9102638,-22.5
2018-10-03 21:47:23,26601,19.1356346,72.9102638,-22.5
2018-10-03 21:47:23,26620,19.1356346,72.9102638,-22.5
2018-10-03 21:47:23,26640,19.1356346,72.9102638,-22.5
2018-10-03 21:47:23,26660,19.1356346,72.9102638,-22.5
2018-10-03 21:47:23,26681,19.1356346,72.9102638,-22.5
2018-10-03 21:47:23,26700,19.1356346,72.9102638,-22.5
2018-10-03 21:47:23,26720,19.1356346,72.9102638,-22.5
2018-10-03 21:47:23,26741,19.1356346,72.9102638,-22.5
2018-10-03 21:47:23,26760,19.1356346,72.9102638,-22.5
2018-10-03 21:47:23,26780,19.1356346,72.9102638,-22.5
2018-10-03 21:47:23,26800,19.1356346,72.9102638,-22.5
2018-10-03 21:47:23,26820,19.1356346,72.9102638,-22.5
2018-10-03 21:47:23,26841,19.1356346,72.9102638,-22.5
2018-10-03 21:47:23,26860,19.1356346,72.9102638,-22.5
2018-10-03 21:47:23,26880,19.1356346,72.9102638,-22.5
2018-10-03 21:47:23,26901,19.1356346,72.9102638,-22.5
2018-10-03 21:47:23,26920,19.1356346,72.9102638,-22.5
2018-10-03 21:47:23,26940,19.1356346,72.9102638,-22.5
2018-10-03 21:47:23,26960,19.1356346,72.9102638,-22.5
2018-10-03 21:47:23,26981,19.1356346,72.9102638,-22.5
2018-10-03 21:47:23,27000,19.1356346,72.9102638,-22.5
2018-10-03 21:47:23,27020,19.1356346,72.9102638,-22.5
2018-10-03 21:47:23,27041,19.1356346,72.9102638,-22.5
2018-10-03 21:47:23,27060,19.1356346,72.9102638,-22.5
2018-10-03 21:47:23,27080,19.1356346,72.9102638,-22.5
2018-10-03 21:47:23,27100,19.1356346,72.9102638,-22.5
2018-10-03 21:47:23,27121,19.1356346,72.9102638,-22.5
2018-10-03 21:47:23,27140,19.1356346,72.9102638,-22.5
2018-10-03 21:47:23,27160,19.1356346,72.9102638,-22.5
2018-10-03 21:47:23,27181,19.1356346,72.9102638,-22.5
2018-10-03 21:47:23,27200,19.1356346,72.9102638,-22.5
2018-10-03 21:47:23,27220,19.1356346,72.9102638,-22.5
2018-10-03 21:47:23,27241,19.1356346,72.9102638,-22.5
2018-10-03 21:47:23,27260,19.1356346,72.9102638,-22.5
2018-10-03 21:47:24,27280,19.1356346,72.9102638,-22.5
2018-10-03 21:47:24,27301,19.1356346,72.9102638,-22.5
2018-10-03 21:47:24,27320,19.1356346,72.9102638,-22.5
2018-10-03 21:47:24,27341,19.1356346,72.9102638,-22.5
2018-10-03 21:47:24,27360,19.1356346,72.9102638,-22.5
2018-10-03 21:47:24,27380,19.1356346,72.9102638,-22.5
2018-10-03 21:47:24,27400,19.1356346,72.9102638,-22.5
2018-10-03 21:47:24,27420,19.1356346,72.9102638,-22.5
2018-10-03 21:47:24,27440,19.1356346,72.9102638,-22.5
2018-10-03 21:47:24,27461,19.1356346,72.9102638,-22.5
2018-10-03 21:47:24,27480,19.1356346,72.9102638,-22.5
2018-10-03 21:47:24,27500,19.1356346,72.9102638,-22.5
2018-10-03 21:47:24,27520,19.1356346,72.9102638,-22.5
2018-10-03 21:47:24,27541,19.1356346,72.9102638,-22.5
2018-10-03 21:47:24,27560,19.1356346,72.9102638,-22.5
2018-10-03 21:47:24,27580,19.1356346,72.9102638,-22.5
2018-10-03 21:47:24,27600,19.1356346,72.9102638,-22.5
2018-10-03 21:47:24,27620,19.1356346,72.9102638,-22.5
2018-10-03 21:47:24,27641,19.1356346,72.9102638,-22.5
2018-10-03 21:47:24,27660,19.1356346,72.9102638,-22.5
2018-10-03 21:47:24,27680,19.1356346,72.9102638,-22.5
2018-10-03 21:47:24,27701,19.1356346,72.9102638,-22.5
2018-10-03 21:47:24,27720,19.1356346,72.9102638,-22.5
2018-10-03 21:47:24,27740,19.1356346,72.9102638,-22.5
2018-10-03 21:47:24,27760,19.1356346,72.9102638,-22.5
2018-10-03 21:47:24,27781,19.1356346,72.9102638,-22.5
2018-10-03 21:47:24,27800,19.1356346,72.9102638,-22.5
2018-10-03 21:47:24,27820,19.1356346,72.9102638,-22.5
2018-10-03 21:47:24,27840,19.1356346,72.9102638,-22.5
2018-10-03 21:47:24,27861,19.1356346,72.9102638,-22.5
2018-10-03 21:47:24,27880,19.1356346,72.9102638,-22.5
2018-10-03 21:47:24,27900,19.1356346,72.9102638,-22.5
2018-10-03 21:47:24,27920,19.1356346,72.9102638,-22.5
2018-10-03 21:47:24,27941,19.1356346,72.9102638,-22.5
2018-10-03 21:47:24,27960,19.1356346,72.9102638,-22.5
2018-10-03 21:47:24,27980,19.1356346,72.9102638,-22.5
2018-10-03 21:47:24,28000,19.1356346,72.9102638,-22.5
2018-10-03 21:47:24,28020,19.1356346,72.9102638,-22.5
2018-10-03 21:47:24,28040,19.1356346,72.9102638,-22.5
2018-10-03 21:47:24,28061,19.1356346,72.9102638,-22.5
2018-10-03 21:47:24,28080,19.1356346,72.9102638,-22.5
2018-10-03 21:47:24,28100,19.1356346,72.9102638,-22.5
2018-10-03 21:47:24,28120,19.1356346,72.9102638,-22.5
2018-10-03 21:47:24,28141,19.1356346,72.9102638,-22.5
2018-10-03 21:47:24,28160,19.1356346,72.9102638,-22.5
2018-10-03 21:47:24,28180,19.1356346,72.9102638,-22.5
2018-10-03 21:47:24,28200,19.1356346,72.9102638,-22.5
2018-10-03 21:47:24,28220,19.1356346,72.9102638,-22.5
2018-10-03 21:47:24,28241,19.1356346,72.9102638,-22.5
2018-10-03 21:47:24,28260,19.1356346,72.9102638,-22.5
2018-10-03 21:47:25,28280,19.1356346,72.9102638,-22.5
2018-10-03 21:47:25,28301,19.1356346,72.9102638,-22.5
2018-10-03 21:47:25,28320,19.1356346,72.9102638,-22.5
2018-10-03 21:47:25,28340,19.1356346,72.9102638,-22.5
2018-10-03 21:47:25,28360,19.1356346,72.9102638,-22.5
2018-10-03 21:47:25,28380,19.1356346,72.9102638,-22.5
2018-10-03 21:47:25,28400,19.1356346,72.9102638,-22.5
2018-10-03 21:47:25,28421,19.1356346,72.9102638,-22.5
2018-10-03 21:47:25,28440,19.1356346,72.9102638,-22.5
2018-10-03 21:47:25,28460,19.1356346,72.9102638,-22.5
2018-10-03 21:47:25,28480,19.1356346,72.9102638,-22.5
2018-10-03 21:47:25,28500,19.1356346,72.9102638,-22.5
2018-10-03 21:47:25,28521,19.1356346,72.9102638,-22.5
2018-10-03 21:47:25,28540,19.1356346,72.9102638,-22.5
2018-10-03 21:47:25,28560,19.1356346,72.9102638,-22.5
2018-10-03 21:47:25,28580,19.1356346,72.9102638,-22.5
2018-10-03 21:47:25,28601,19.1356346,72.9102638,-22.5
2018-10-03 21:47:25,28620,19.1356346,72.9102638,-22.5
2018-10-03 21:47:25,28640,19.1356346,72.9102638,-22.5
2018-10-03 21:47:25,28661,19.1356346,72.9102638,-22.5
2018-10-03 21:47:25,28680,19.1356346,72.9102638,-22.5
2018-10-03 21:47:25,28700,19.1356346,72.9102638,-22.5
2018-10-03 21:47:25,28720,19.1356346,72.9102638,-22.5
2018-10-03 21:47:25,28741,19.1356346,72.9102638,-22.5
2018-10-03 21:47:25,28760,19.1356346,72.9102638,-22.5
2018-10-03 21:47:25,28780,19.1356346,72.9102638,-22.5
2018-10-03 21:47:25,28800,19.1356346,72.9102638,-22.5
2018-10-03 21:47:25,28821,19.1356346,72.9102638,-22.5
2018-10-03 21:47:25,28840,19.1356346,72.9102638,-22.5
2018-10-03 21:47:25,28860,19.1356346,72.9102638,-22.5
2018-10-03 21:47:25,28880,19.1356346,72.9102638,-22.5
2018-10-03 21:47:25,28901,19.1356346,72.9102638,-22.5
2018-10-03 21:47:25,28920,19.1356346,72.9102638,-22.5
2018-10-03 21:47:25,28940,19.1356346,72.9102638,-22.5
2018-10-03 21:47:25,28960,19.1356346,72.9102638,-22.5
2018-10-03 21:47:25,28980,19.1356346,72.9102638,-22.5
2018-10-03 21:47:25,29001,19.1356346,72.9102638,-22.5
2018-10-03 21:47:25,29020,19.1356346,72.9102638,-22.5
2018-10-03 21:47:25,29040,19.1356346,72.9102638,-22.5
2018-10-03 21:47:25,29060,19.1356346,72.9102638,-22.5
2018-10-03 21:47:25,29081,19.1356346,72.9102638,-22.5
2018-10-03 21:47:25,29100,19.1356346,72.9102638,-22.5
2018-10-03 21:47:25,29120,19.1356346,72.9102638,-22.5
2018-10-03 21:47:25,29140,19.1356346,72.9102638,-22.5
2018-10-03 21:47:25,29160,19.1356346,72.9102638,-22.5
2018-10-03 21:47:25,29181,19.1356346,72.9102638,-22.5
2018-10-03 21:47:25,29200,19.1356346,72.9102638,-22.5
2018-10-03 21:47:25,29221,19.1356346,72.9102638,-22.5
2018-10-03 21:47:25,29240,19.1356346,72.9102638,-22.5
2018-10-03 21:47:25,29260,19.1356346,72.9102638,-22.5
2018-10-03 21:47:26,29280,19.1356346,72.9102638,-22.5
2018-10-03 21:47:26,29301,19.1356346,72.9102638,-22.5
2018-10-03 21:47:26,29320,19.1356346,72.9102638,-22.5
2018-10-03 21:47:26,29340,19.1356346,72.9102638,-22.5
2018-10-03 21:47:26,29360,19.1356346,72.9102638,-22.5
2018-10-03 21:47:26,29380,19.1356346,72.9102638,-22.5
2018-10-03 21:47:26,29400,19.1356346,72.9102638,-22.5
2018-10-03 21:47:26,29421,19.1356346,72.9102638,-22.5
2018-10-03 21:47:26,29440,19.1356346,72.9102638,-22.5
2018-10-03 21:47:26,29460,19.1356346,72.9102638,-22.5
2018-10-03 21:47:26,29480,19.1356346,72.9102638,-22.5
2018-10-03 21:47:26,29501,19.1356346,72.9102638,-22.5
2018-10-03 21:47:26,29520,19.1356346,72.9102638,-22.5
2018-10-03 21:47:26,29540,19.1356346,72.9102638,-22.5
2018-10-03 21:47:26,29560,19.1356346,72.9102638,-22.5
2018-10-03 21:47:26,29581,19.1356346,72.9102638,-22.5
2018-10-03 21:47:26,29600,19.1356346,72.9102638,-22.5
2018-10-03 21:47:26,29620,19.1356346,72.9102638,-22.5
2018-10-03 21:47:26,29640,19.1356346,72.9102638,-22.5
2018-10-03 21:47:26,29661,19.1356346,72.9102638,-22.5
2018-10-03 21:47:26,29680,19.1356346,72.9102638,-22.5
2018-10-03 21:47:26,29700,19.1356346,72.9102638,-22.5
2018-10-03 21:47:26,29721,19.1356346,72.9102638,-22.5
2018-10-03 21:47:26,29740,19.1356346,72.9102638,-22.5
2018-10-03 21:47:26,29761,19.1356346,72.9102638,-22.5
2018-10-03 21:47:26,29780,19.1356346,72.9102638,-22.5
2018-10-03 21:47:26,29800,19.1356346,72.9102638,-22.5
2018-10-03 21:47:26,29820,19.1356346,72.9102638,-22.5
2018-10-03 21:47:26,29841,19.1356346,72.9102638,-22.5
2018-10-03 21:47:26,29860,19.1356346,72.9102638,-22.5
2018-10-03 21:47:26,29881,19.1356346,72.9102638,-22.5
2018-10-03 21:47:26,29900,19.1356346,72.9102638,-22.5
2018-10-03 21:47:26,29920,19.1356346,72.9102638,-22.5
2018-10-03 21:47:26,29940,19.1356346,72.9102638,-22.5
2018-10-03 21:47:26,29961,19.1356346,72.9102638,-22.5
2018-10-03 21:47:26,29980,19.1356346,72.9102638,-22.5
2018-10-03 21:47:26,30000,19.1356346,72.9102638,-22.5
2018-10-03 21:47:26,30020,19.1356346,72.9102638,-22.5
2018-10-03 21:47:26,30040,19.1356346,72.9102638,-22.5
2018-10-03 21:47:26,30060,19.1356346,72.9102638,-22.5
2018-10-03 21:47:26,30080,19.1356346,72.9102638,-22.5
2018-10-03 21:47:26,30101,19.1356346,72.9102638,-22.5
2018-10-03 21:47:26,30120,19.1356346,72.9102638,-22.5
2018-10-03 21:47:26,30140,19.1356346,72.9102638,-22.5
2018-10-03 21:47:26,30160,19.1356346,72.9102638,-22.5
2018-10-03 21:47:26,30180,19.1356346,72.9102638,-22.5
2018-10-03 21:47:26,30200,19.1356346,72.9102638,-22.5
2018-10-03 21:47:26,30221,19.1356346,72.9102638,-22.5
2018-10-03 21:47:26,30240,19.1356346,72.9102638,-22.5
2018-10-03 21:47:26,30260,19.1356346,72.9102638,-22.5
2018-10-03 21:47:27,30280,19.1356346,72.9102638,-22.5
2018-10-03 21:47:27,30301,19.1356346,72.9102638,-22.5
2018-10-03 21:47:27,30320,19.1356346,72.9102638,-22.5
2018-10-03 21:47:27,30340,19.1356346,72.9102638,-22.5
2018-10-03 21:47:27,30360,19.1356346,72.9102638,-22.5
2018-10-03 21:47:27,30381,19.1356346,72.9102638,-22.5
2018-10-03 21:47:27,30400,19.1356346,72.9102638,-22.5
2018-10-03 21:47:27,30420,19.1356346,72.9102638,-22.5
2018-10-03 21:47:27,30440,19.1356346,72.9102638,-22.5
2018-10-03 21:47:27,30461,19.1356346,72.9102638,-22.5
2018-10-03 21:47:27,30480,19.1356346,72.9102638,-22.5
2018-10-03 21:47:27,30500,19.1356346,72.9102638,-22.5
2018-10-03 21:47:27,30520,19.1356346,72.9102638,-22.5
2018-10-03 21:47:27,30541,19.1356346,72.9102638,-22.5
2018-10-03 21:47:27,30560,19.1356346,72.9102638,-22.5
2018-10-03 21:47:27,30580,19.1356346,72.9102638,-22.5
2018-10-03 21:47:27,30601,19.1356346,72.9102638,-22.5
2018-10-03 21:47:27,30620,19.1356346,72.9102638,-22.5
2018-10-03 21:47:27,30641,19.1356346,72.9102638,-22.5
2018-10-03 21:47:27,30660,19.1356346,72.9102638,-22.5
2018-10-03 21:47:27,30680,19.1356346,72.9102638,-22.5
2018-10-03 21:47:27,30700,19.1356346,72.9102638,-22.5
2018-10-03 21:47:27,30721,19.1356346,72.9102638,-22.5
2018-10-03 21:47:27,30740,19.1356346,72.9102638,-22.5
2018-10-03 21:47:27,30760,19.1356346,72.9102638,-22.5
2018-10-03 21:47:27,30781,19.1356346,72.9102638,-22.5
2018-10-03 21:47:27,30800,19.1356346,72.9102638,-22.5
2018-10-03 21:47:27,30820,19.1356346,72.9102638,-22.5
2018-10-03 21:47:27,30840,19.1356346,72.9102638,-22.5
2018-10-03 21:47:27,30861,19.1356346,72.9102638,-22.5
2018-10-03 21:47:27,30880,19.1356346,72.9102638,-22.5
2018-10-03 21:47:27,30900,19.1356346,72.9102638,-22.5
2018-10-03 21:47:27,30921,19.1356346,72.9102638,-22.5
2018-10-03 21:47:27,30940,19.1356346,72.9102638,-22.5
2018-10-03 21:47:27,30960,19.1359607,72.9106554,-22.299999237060547
2018-10-03 21:47:27,30981,19.1359607,72.9106554,-22.299999237060547
2018-10-03 21:47:27,31000,19.1359607,72.9106554,-22.299999237060547
2018-10-03 21:47:27,31020,19.1359607,72.9106554,-22.299999237060547
2018-10-03 21:47:27,31040,19.1359607,72.9106554,-22.299999237060547
2018-10-03 21:47:27,31060,19.1359607,72.9106554,-22.299999237060547
2018-10-03 21:47:27,31081,19.1359607,72.9106554,-22.299999237060547
2018-10-03 21:47:27,31100,19.1359607,72.9106554,-22.299999237060547
2018-10-03 21:47:27,31120,19.1359607,72.9106554,-22.299999237060547
2018-10-03 21:47:27,31140,19.1359607,72.9106554,-22.299999237060547
2018-10-03 21:47:27,31161,19.1359607,72.9106554,-22.299999237060547
2018-10-03 21:47:27,31180,19.1359607,72.9106554,-22.299999237060547
2018-10-03 21:47:27,31200,19.1359607,72.9106554,-22.299999237060547
2018-10-03 21:47:27,31221,19.1359607,72.9106554,-22.299999237060547
2018-10-03 21:47:27,31240,19.1359607,72.9106554,-22.299999237060547
2018-10-03 21:47:27,31260,19.1359607,72.9106554,-22.299999237060547
2018-10-03 21:47:28,31280,19.1359607,72.9106554,-22.299999237060547
2018-10-03 21:47:28,31301,19.1359607,72.9106554,-22.299999237060547
2018-10-03 21:47:28,31320,19.1359607,72.9106554,-22.299999237060547
2018-10-03 21:47:28,31340,19.1359607,72.9106554,-22.299999237060547
2018-10-03 21:47:28,31361,19.1359607,72.9106554,-22.299999237060547
2018-10-03 21:47:28,31380,19.1359607,72.9106554,-22.299999237060547
2018-10-03 21:47:28,31400,19.1359607,72.9106554,-22.299999237060547
2018-10-03 21:47:28,31420,19.1359607,72.9106554,-22.299999237060547
2018-10-03 21:47:28,31441,19.1359607,72.9106554,-22.299999237060547
2018-10-03 21:47:28,31460,19.1359607,72.9106554,-22.299999237060547
2018-10-03 21:47:28,31481,19.1359607,72.9106554,-22.299999237060547
2018-10-03 21:47:28,31500,19.1359607,72.9106554,-22.299999237060547
2018-10-03 21:47:28,31521,19.1359607,72.9106554,-22.299999237060547
2018-10-03 21:47:28,31540,19.1359607,72.9106554,-22.299999237060547
2018-10-03 21:47:28,31560,19.1359607,72.9106554,-22.299999237060547
2018-10-03 21:47:28,31581,19.1359607,72.9106554,-22.299999237060547
2018-10-03 21:47:28,31600,19.1359607,72.9106554,-22.299999237060547
2018-10-03 21:47:28,31620,19.1359607,72.9106554,-22.299999237060547
2018-10-03 21:47:28,31640,19.1359607,72.9106554,-22.299999237060547
2018-10-03 21:47:28,31660,19.1359607,72.9106554,-22.299999237060547
2018-10-03 21:47:28,31683,19.1359607,72.9106554,-22.299999237060547
2018-10-03 21:47:28,31700,19.1359607,72.9106554,-22.299999237060547
2018-10-03 21:47:28,31721,19.1359607,72.9106554,-22.299999237060547
2018-10-03 21:47:28,31740,19.1359607,72.9106554,-22.299999237060547
2018-10-03 21:47:28,31760,19.1359607,72.9106554,-22.299999237060547
2018-10-03 21:47:28,31780,19.1359607,72.9106554,-22.299999237060547
2018-10-03 21:47:28,31801,19.1359607,72.9106554,-22.299999237060547
2018-10-03 21:47:28,31820,19.1359607,72.9106554,-22.299999237060547
2018-10-03 21:47:28,31840,19.1359607,72.9106554,-22.299999237060547
2018-10-03 21:47:28,31860,19.1359607,72.9106554,-22.299999237060547
2018-10-03 21:47:28,31881,19.1359607,72.9106554,-22.299999237060547
2018-10-03 21:47:28,31900,19.1359607,72.9106554,-22.299999237060547
2018-10-03 21:47:28,31920,19.1359607,72.9106554,-22.299999237060547
2018-10-03 21:47:28,31941,19.1359607,72.9106554,-22.299999237060547
2018-10-03 21:47:28,31960,19.1359607,72.9106554,-22.299999237060547
2018-10-03 21:47:28,31980,19.1359607,72.9106554,-22.299999237060547
2018-10-03 21:47:28,32001,19.1359607,72.9106554,-22.299999237060547
2018-10-03 21:47:28,32020,19.1359607,72.9106554,-22.299999237060547
2018-10-03 21:47:28,32041,19.1359607,72.9106554,-22.299999237060547
2018-10-03 21:47:28,32060,19.1359607,72.9106554,-22.299999237060547
2018-10-03 21:47:28,32080,19.1359607,72.9106554,-22.299999237060547
2018-10-03 21:47:28,32101,19.1359607,72.9106554,-22.299999237060547
2018-10-03 21:47:28,32120,19.1359607,72.9106554,-22.299999237060547
2018-10-03 21:47:28,32140,19.1359607,72.9106554,-22.299999237060547
2018-10-03 21:47:28,32161,19.1359607,72.9106554,-22.299999237060547
2018-10-03 21:47:28,32180,19.1359607,72.9106554,-22.299999237060547
2018-10-03 21:47:28,32200,19.1359607,72.9106554,-22.299999237060547
2018-10-03 21:47:28,32221,19.1359607,72.9106554,-22.299999237060547
2018-10-03 21:47:28,32240,19.1359607,72.9106554,-22.299999237060547
2018-10-03 21:47:28,32261,19.1359607,72.9106554,-22.299999237060547
2018-10-03 21:47:29,32280,19.1359607,72.9106554,-22.299999237060547
2018-10-03 21:47:29,32301,19.1359607,72.9106554,-22.299999237060547
2018-10-03 21:47:29,32320,19.1359607,72.9106554,-22.299999237060547
2018-10-03 21:47:29,32340,19.1359607,72.9106554,-22.299999237060547
2018-10-03 21:47:29,32360,19.1359607,72.9106554,-22.299999237060547
2018-10-03 21:47:29,32381,19.1359607,72.9106554,-22.299999237060547
2018-10-03 21:47:29,32400,19.1359607,72.9106554,-22.299999237060547
2018-10-03 21:47:29,32420,19.1359607,72.9106554,-22.299999237060547
2018-10-03 21:47:29,32441,19.1359607,72.9106554,-22.299999237060547
2018-10-03 21:47:29,32460,19.1359607,72.9106554,-22.299999237060547
2018-10-03 21:47:29,32480,19.1359607,72.9106554,-22.299999237060547
