Timestamp,Milliseconds,X,Y,Z
2018-09-11 16:56:14,2,0.58904105,4.3067966,8.790615
2018-09-11 16:56:14,22,0.56742597,4.31609,8.787478
2018-09-11 16:56:14,42,0.5568074,4.284156,8.80377
2018-09-11 16:56:14,61,0.55579305,4.234689,8.827733
2018-09-11 16:56:14,81,0.5623479,4.1617804,8.861926
2018-09-11 16:56:14,101,0.5931942,4.0916123,8.892537
2018-09-11 16:56:14,122,0.6407747,4.1006255,8.885081
2018-09-11 16:56:14,141,0.68601245,4.215598,8.827712
2018-09-11 16:56:14,162,0.7487124,4.4136987,8.725199
2018-09-11 16:56:14,181,0.96329176,4.6596417,8.574975
2018-09-11 16:56:14,201,1.2519798,4.956437,8.368791
2018-09-11 16:56:14,222,1.6030517,5.2912455,8.099587
2018-09-11 16:56:14,241,1.9246114,5.6590204,7.774429
2018-09-11 16:56:14,262,2.3035626,6.10247,7.32283
2018-09-11 16:56:14,281,2.5609834,6.3153105,7.0518517
2018-09-11 16:56:14,301,2.9495783,6.5032077,6.721508
2018-09-11 16:56:14,322,3.5396633,6.56744,6.364738
2018-09-11 16:56:14,341,4.3021827,6.5026,5.947925
2018-09-11 16:56:14,362,5.138134,6.3491616,5.427532
2018-09-11 16:56:14,381,5.9425898,6.198233,4.7368674
2018-09-11 16:56:14,401,6.6206093,6.0759835,3.9268749
2018-09-11 16:56:14,421,7.0402026,5.9236474,3.3935711
2018-09-11 16:56:14,442,7.3725667,5.7494006,2.9597337
2018-09-11 16:56:14,461,7.81792,5.4628997,2.2819383
2018-09-11 16:56:14,481,8.255158,5.0344615,1.6361411
2018-09-11 16:56:14,501,8.547426,4.6111355,1.3599001
2018-09-11 16:56:14,522,8.806624,4.1476955,1.1875882
2018-09-11 16:56:14,542,8.981166,3.7944362,1.054186
2018-09-11 16:56:14,561,9.240831,3.2279592,0.59807914
2018-09-11 16:56:14,582,9.4082155,2.766168,-0.06474261
2018-09-11 16:56:14,601,9.512264,2.2914822,-0.6605296
2018-09-11 16:56:14,621,9.590753,1.7608852,-1.0426645
2018-09-11 16:56:14,642,9.642376,1.1657733,-1.3549769
2018-09-11 16:56:15,662,9.622798,0.58689976,-1.7965809
2018-09-11 16:56:15,681,9.501444,0.035186335,-2.4272845
2018-09-11 16:56:15,701,9.292556,-0.54591095,-3.0855763
2018-09-11 16:56:15,721,9.060989,-1.0821595,-3.5913494
2018-09-11 16:56:15,742,8.849244,-1.5335144,-3.9382236
2018-09-11 16:56:15,761,8.693566,-1.4711181,-4.2927966
2018-09-11 16:56:15,781,8.7911825,-1.4940131,-4.08086
2018-09-11 16:56:15,801,8.859009,-1.3706586,-3.976133
2018-09-11 16:56:15,822,8.777677,-1.1133591,-4.228855
2018-09-11 16:56:15,841,8.645173,-0.8120938,-4.55762
2018-09-11 16:56:15,861,8.530636,-0.45606756,-4.815665
2018-09-11 16:56:15,882,8.411945,-0.041145332,-5.040622
2018-09-11 16:56:15,901,8.190262,0.35064602,-5.3821034
2018-09-11 16:56:15,921,7.856498,0.5323685,-5.844862
2018-09-11 16:56:15,942,7.556175,0.5960102,-6.2224903
2018-09-11 16:56:15,961,7.392225,0.7687531,-6.3980007
2018-09-11 16:56:15,981,7.389775,1.100523,-6.3522015
2018-09-11 16:56:15,1002,7.382945,1.5453663,-6.2669253
2018-09-11 16:56:15,1021,7.3726964,1.9998012,-6.1493526
2018-09-11 16:56:15,1041,7.3501253,2.4366,-6.017394
2018-09-11 16:56:15,1062,7.472686,2.823308,-5.688434
2018-09-11 16:56:15,1081,7.788358,2.986235,-5.1569614
2018-09-11 16:56:15,1101,8.1319685,3.0328114,-4.5654726
2018-09-11 16:56:15,1121,8.342573,3.040095,-4.1628942
2018-09-11 16:56:15,1142,8.39173,2.9481046,-4.1301227
2018-09-11 16:56:15,1161,8.371116,2.7699533,-4.2921047
2018-09-11 16:56:15,1181,8.379825,2.7153115,-4.3099904
2018-09-11 16:56:15,1201,8.397399,2.7998705,-4.2207584
2018-09-11 16:56:15,1222,8.390417,3.0174868,-4.082407
2018-09-11 16:56:15,1241,8.337863,3.213574,-4.040221
2018-09-11 16:56:15,1261,8.267277,3.4179358,-4.017492
2018-09-11 16:56:15,1281,8.322888,3.527775,-3.801936
2018-09-11 16:56:15,1302,8.3866415,3.5021098,-3.683728
2018-09-11 16:56:15,1321,8.35693,3.4221592,-3.8237329
2018-09-11 16:56:15,1341,8.311578,3.3816302,-3.9563425
2018-09-11 16:56:15,1362,8.21623,3.366608,-4.1629186
2018-09-11 16:56:15,1381,8.198013,3.1917202,-4.3331146
2018-09-11 16:56:15,1401,8.3233385,2.9108818,-4.291757
2018-09-11 16:56:15,1421,8.472752,2.73455,-4.1115804
2018-09-11 16:56:15,1442,8.524457,2.7674859,-3.980583
2018-09-11 16:56:15,1462,8.533969,2.8599885,-3.893871
2018-09-11 16:56:15,1481,8.511232,2.958742,-3.8697739
2018-09-11 16:56:15,1502,8.4400425,3.0469193,-3.956306
2018-09-11 16:56:15,1521,8.365231,3.0553308,-4.1058807
2018-09-11 16:56:15,1541,8.355145,2.9191306,-4.223814
2018-09-11 16:56:15,1562,8.360683,2.7266154,-4.3399234
2018-09-11 16:56:15,1581,8.366853,2.5199273,-4.45153
2018-09-11 16:56:15,1602,8.40936,2.2571115,-4.51204
2018-09-11 16:56:15,1621,8.497881,2.0357847,-4.4510655
2018-09-11 16:56:15,1641,8.532787,1.9849336,-4.407037
2018-09-11 16:56:16,1662,8.525085,2.011664,-4.409821
2018-09-11 16:56:16,1681,8.533002,1.9861237,-4.406084
2018-09-11 16:56:16,1701,8.539283,1.9499401,-4.4100766
2018-09-11 16:56:16,1722,8.56103,1.8902979,-4.393851
2018-09-11 16:56:16,1741,8.58706,1.8073963,-4.377912
2018-09-11 16:56:16,1761,8.608671,1.7299085,-4.3667583
2018-09-11 16:56:16,1781,8.645047,1.700353,-4.3060837
2018-09-11 16:56:16,1802,8.689776,1.7123319,-4.210236
2018-09-11 16:56:16,1821,8.717306,1.73212,-4.144721
2018-09-11 16:56:16,1841,8.743199,1.7422115,-4.0855303
2018-09-11 16:56:16,1862,8.756537,1.8204542,-4.0223603
2018-09-11 16:56:16,1881,8.775883,1.8923192,-3.9463143
2018-09-11 16:56:16,1901,8.720704,2.1253855,-3.9499948
2018-09-11 16:56:16,1922,8.724043,2.2353265,-3.8813372
2018-09-11 16:56:16,1941,8.741618,2.2678185,-3.8224983
2018-09-11 16:56:16,1961,8.735206,2.2847548,-3.827069
2018-09-11 16:56:16,1982,8.743887,2.2880716,-3.805199
2018-09-11 16:56:16,2001,8.78448,2.3163416,-3.692948
2018-09-11 16:56:16,2022,8.821509,2.371766,-3.5673635
2018-09-11 16:56:16,2041,8.824955,2.4486382,-3.5063848
2018-09-11 16:56:16,2062,8.802662,2.5475533,-3.4919195
2018-09-11 16:56:16,2081,8.748486,2.6382704,-3.560045
2018-09-11 16:56:16,2101,8.648875,2.673771,-3.770715
2018-09-11 16:56:16,2121,8.437843,2.5307937,-4.3090925
2018-09-11 16:56:16,2141,8.219493,2.3198047,-4.81963
2018-09-11 16:56:16,2162,8.098202,2.240767,-5.056527
2018-09-11 16:56:16,2181,8.085192,2.1457896,-5.118168
2018-09-11 16:56:16,2202,8.147985,2.0288827,-5.065998
2018-09-11 16:56:16,2221,8.197636,1.8767004,-5.044517
2018-09-11 16:56:16,2242,8.250866,1.7364562,-5.007826
2018-09-11 16:56:16,2261,8.304894,1.6873068,-4.9347863
2018-09-11 16:56:16,2281,8.352335,1.6491774,-4.867146
2018-09-11 16:56:16,2302,8.473414,1.5507271,-4.6868834
2018-09-11 16:56:16,2321,8.583647,1.4099135,-4.5280843
2018-09-11 16:56:16,2341,8.616225,1.1975217,-4.5273614
2018-09-11 16:56:16,2361,8.602658,0.8948084,-4.6221185
2018-09-11 16:56:16,2382,8.547059,0.56206167,-4.7751727
2018-09-11 16:56:16,2401,8.483359,0.21722467,-4.9148564
2018-09-11 16:56:16,2422,8.505575,-0.13096802,-4.8793883
2018-09-11 16:56:16,2441,8.540591,-0.5261577,-4.7908087
2018-09-11 16:56:16,2461,8.583723,-0.9648076,-4.643191
2018-09-11 16:56:16,2482,8.601361,-1.2663724,-4.53688
2018-09-11 16:56:16,2501,8.661299,-1.3881602,-4.3846664
2018-09-11 16:56:16,2521,8.741197,-1.4512075,-4.201886
2018-09-11 16:56:16,2541,8.813047,-1.6054655,-3.9903727
2018-09-11 16:56:16,2561,8.845023,-1.8045274,-3.831401
2018-09-11 16:56:16,2582,8.8263855,-1.9568787,-3.7994645
2018-09-11 16:56:16,2601,8.806063,-1.9759394,-3.836574
2018-09-11 16:56:16,2621,8.780359,-1.9864236,-3.8897047
2018-09-11 16:56:16,2641,8.721248,-2.0329196,-3.9971824
2018-09-11 16:56:17,2661,8.654926,-2.1142306,-4.097884
2018-09-11 16:56:17,2682,8.6898155,-2.106544,-4.0274024
2018-09-11 16:56:17,2701,8.813168,-2.097204,-3.7550242
2018-09-11 16:56:17,2722,9.014409,-1.9652054,-3.3239694
2018-09-11 16:56:17,2741,9.197547,-1.8092558,-2.8813407
2018-09-11 16:56:17,2761,9.24374,-1.6650547,-2.8197935
2018-09-11 16:56:17,2781,9.150177,-1.5155663,-3.1855462
2018-09-11 16:56:17,2801,9.086653,-1.3976082,-3.4131858
2018-09-11 16:56:17,2822,9.068621,-1.3027989,-3.497601
2018-09-11 16:56:17,2841,9.073496,-1.1750505,-3.5300593
2018-09-11 16:56:17,2862,9.140414,-0.8847446,-3.4409916
2018-09-11 16:56:17,2881,9.209792,-0.4908023,-3.3330514
2018-09-11 16:56:17,2901,9.25596,-0.25404367,-3.2300224
2018-09-11 16:56:17,2921,9.266131,-0.23649962,-3.202072
2018-09-11 16:56:17,2942,9.270816,-0.20545164,-3.1906347
2018-09-11 16:56:17,2961,9.28251,-0.18615225,-3.1576493
2018-09-11 16:56:17,2981,9.299455,-0.16296937,-3.1086922
2018-09-11 16:56:17,3002,9.3117895,-0.14194278,-3.0725927
2018-09-11 16:56:17,3022,9.325338,-0.119590186,-3.0321867
2018-09-11 16:56:17,3041,9.339941,-0.09753805,-2.9877024
2018-09-11 16:56:17,3062,9.357397,-0.07496253,-2.933239
2018-09-11 16:56:17,3081,9.377467,-0.054638997,-2.8688896
2018-09-11 16:56:17,3101,9.395747,-0.038580477,-2.8087087
2018-09-11 16:56:17,3122,9.410829,-0.025599563,-2.7579048
2018-09-11 16:56:17,3141,9.421733,-0.017518628,-2.7204866
2018-09-11 16:56:17,3161,9.441085,-0.0020056728,-2.6526015
2018-09-11 16:56:17,3182,9.456631,0.009542965,-2.5966215
2018-09-11 16:56:17,3201,9.468716,0.019473922,-2.5521395
2018-09-11 16:56:17,3221,9.477452,0.03092414,-2.5193896
2018-09-11 16:56:17,3242,9.484347,0.04503087,-2.493098
2018-09-11 16:56:17,3261,9.488333,0.05688738,-2.4776378
2018-09-11 16:56:17,3281,9.487679,0.064445965,-2.4799564
2018-09-11 16:56:17,3301,9.484179,0.065513,-2.4932802
2018-09-11 16:56:17,3321,9.478572,0.0647978,-2.514533
2018-09-11 16:56:17,3341,9.475009,0.062280197,-2.5279841
2018-09-11 16:56:17,3361,9.474406,0.058951385,-2.530324
2018-09-11 16:56:17,3382,9.4759,0.057030972,-2.5247693
2018-09-11 16:56:17,3401,9.478562,0.054260693,-2.5148125
2018-09-11 16:56:17,3421,9.480667,0.052250944,-2.5069134
2018-09-11 16:56:17,3441,9.484753,0.0531388,-2.491392
2018-09-11 16:56:17,3462,9.489415,0.05190123,-2.4736001
2018-09-11 16:56:17,3481,9.496853,0.051153906,-2.4449043
2018-09-11 16:56:17,3501,9.508403,0.049335685,-2.3996317
2018-09-11 16:56:17,3522,9.516872,0.0459487,-2.365887
2018-09-11 16:56:17,3541,9.522294,0.0402379,-2.3440757
2018-09-11 16:56:17,3562,9.52795,0.031808715,-2.3211114
2018-09-11 16:56:17,3581,9.535693,0.024478357,-2.2891757
2018-09-11 16:56:17,3601,9.543973,0.018782668,-2.2544649
2018-09-11 16:56:17,3622,9.550483,0.019011,-2.2267218
2018-09-11 16:56:17,3641,9.555947,0.018857654,-2.2031577
2018-09-11 16:56:18,3662,9.55771,0.020412449,-2.1954865
2018-09-11 16:56:18,3681,9.557382,0.022020597,-2.1968935
2018-09-11 16:56:18,3701,9.555078,0.026777644,-2.2068431
2018-09-11 16:56:18,3722,9.549913,0.031622455,-2.2290192
2018-09-11 16:56:18,3741,9.541289,0.030385977,-2.2656693
2018-09-11 16:56:18,3761,9.529895,0.024249097,-2.3132017
2018-09-11 16:56:18,3781,9.518917,0.015329914,-2.3580453
2018-09-11 16:56:18,3802,9.514013,0.01515046,-2.377755
2018-09-11 16:56:18,3821,9.512634,0.01710355,-2.3832557
2018-09-11 16:56:18,3841,9.507734,0.024473792,-2.4026613
2018-09-11 16:56:18,3861,9.50322,0.02845915,-2.4204128
2018-09-11 16:56:18,3881,9.4978485,0.02650018,-2.4414222
2018-09-11 16:56:18,3902,9.491144,0.023345225,-2.4673953
2018-09-11 16:56:18,3921,9.4904375,0.028112104,-2.4700592
2018-09-11 16:56:18,3941,9.494989,0.036952656,-2.4523873
2018-09-11 16:56:18,3961,9.496059,0.045003895,-2.4481058
2018-09-11 16:56:18,3982,9.495704,0.057946395,-2.4492128
2018-09-11 16:56:18,4001,9.49714,0.071028695,-2.4432929
2018-09-11 16:56:18,4021,9.49671,0.08046281,-2.444672
2018-09-11 16:56:18,4042,9.49775,0.0849496,-2.4404764
2018-09-11 16:56:18,4061,9.504502,0.09244528,-2.4137669
2018-09-11 16:56:18,4082,9.513628,0.105682336,-2.3769898
2018-09-11 16:56:18,4101,9.519016,0.11764243,-2.3547554
2018-09-11 16:56:18,4121,9.518036,0.12316372,-2.3584378
2018-09-11 16:56:18,4142,9.513571,0.12076305,-2.376503
2018-09-11 16:56:18,4161,9.5115385,0.11881468,-2.3847222
2018-09-11 16:56:18,4181,9.51781,0.11540625,-2.3597395
2018-09-11 16:56:18,4201,9.521405,0.11982873,-2.344966
2018-09-11 16:56:18,4221,9.522866,0.124926694,-2.3387616
2018-09-11 16:56:18,4242,9.522901,0.12737882,-2.338489
2018-09-11 16:56:18,4261,9.521438,0.12676209,-2.3444726
2018-09-11 16:56:18,4281,9.52159,0.1224928,-2.3440747
2018-09-11 16:56:18,4301,9.523616,0.12525025,-2.3356888
2018-09-11 16:56:18,4322,9.529275,0.1306763,-2.31219
2018-09-11 16:56:18,4342,9.535477,0.137472,-2.2860842
2018-09-11 16:56:18,4361,9.539741,0.13774934,-2.2682025
2018-09-11 16:56:18,4382,9.534559,0.12915793,-2.29039
2018-09-11 16:56:18,4401,9.529139,0.12944211,-2.3128235
2018-09-11 16:56:18,4421,9.5317955,0.13860297,-2.3013136
2018-09-11 16:56:18,4441,9.533718,0.14991534,-2.2926254
2018-09-11 16:56:18,4462,9.5275545,0.15061983,-2.3180664
2018-09-11 16:56:18,4481,9.516953,0.14193031,-2.361746
2018-09-11 16:56:18,4501,9.504966,0.13243291,-2.4100757
2018-09-11 16:56:18,4521,9.491741,0.11385428,-2.4625719
2018-09-11 16:56:18,4542,9.486078,0.10170087,-2.4848244
2018-09-11 16:56:18,4561,9.483191,0.09063414,-2.4962494
2018-09-11 16:56:18,4581,9.4838705,0.08396799,-2.4938993
2018-09-11 16:56:18,4601,9.482271,0.07851568,-2.5001516
2018-09-11 16:56:18,4622,9.478908,0.0751912,-2.5129762
2018-09-11 16:56:18,4641,9.47177,0.06694857,-2.5399737
2018-09-11 16:56:19,4661,9.461932,0.055953637,-2.5766442
2018-09-11 16:56:19,4681,9.449978,0.03735676,-2.620479
2018-09-11 16:56:19,4702,9.452357,0.028121304,-2.6119986
2018-09-11 16:56:19,4721,9.458638,0.014728838,-2.5892744
2018-09-11 16:56:19,4741,9.462433,0.003506639,-2.5754106
2018-09-11 16:56:19,4761,9.464632,-0.008924184,-2.5673015
2018-09-11 16:56:19,4782,9.469239,-0.011485215,-2.5502448
2018-09-11 16:56:19,4801,9.481893,-0.007040387,-2.5028086
2018-09-11 16:56:19,4821,9.496632,-0.0032799505,-2.4462986
2018-09-11 16:56:19,4841,9.507796,-0.003938123,-2.402539
2018-09-11 16:56:19,4861,9.513259,-0.01428871,-2.3807762
2018-09-11 16:56:19,4882,9.523381,-0.01785203,-2.339933
2018-09-11 16:56:19,4901,9.542316,-0.013635014,-2.2615037
2018-09-11 16:56:19,4921,9.557923,-0.0039953273,-2.1946437
2018-09-11 16:56:19,4942,9.567986,2.5485686E-4,-2.150358
2018-09-11 16:56:19,4961,9.573925,0.0020018746,-2.123755
2018-09-11 16:56:19,4981,9.581359,0.007165417,-2.0899494
2018-09-11 16:56:19,5002,9.586755,0.011858521,-2.0650415
2018-09-11 16:56:19,5021,9.586948,0.017155282,-2.0641
2018-09-11 16:56:19,5041,9.584489,0.017199723,-2.0754943
2018-09-11 16:56:19,5061,9.57847,0.014928774,-2.1031141
2018-09-11 16:56:19,5082,9.569665,0.010137629,-2.1428468
2018-09-11 16:56:19,5101,9.559392,0.007447059,-2.1882312
2018-09-11 16:56:19,5121,9.550796,0.010671248,-2.225437
2018-09-11 16:56:19,5141,9.545572,0.016343053,-2.2477074
2018-09-11 16:56:19,5162,9.5439005,0.021324359,-2.2547526
2018-09-11 16:56:19,5181,9.541821,0.01983182,-2.2635512
2018-09-11 16:56:19,5201,9.534743,0.012219647,-2.2932289
2018-09-11 16:56:19,5222,9.524198,0.0030902755,-2.3366723
2018-09-11 16:56:19,5241,9.524079,0.0024262455,-2.337157
2018-09-11 16:56:19,5262,9.53177,0.009927135,-2.3055704
2018-09-11 16:56:19,5281,9.536964,0.021966876,-2.283901
2018-09-11 16:56:19,5301,9.535137,0.026989734,-2.29147
2018-09-11 16:56:19,5322,9.53418,0.023419145,-2.2954838
2018-09-11 16:56:19,5341,9.537889,0.023367118,-2.2800264
2018-09-11 16:56:19,5361,9.550855,0.03060559,-2.2249975
2018-09-11 16:56:19,5382,9.563576,0.037811905,-2.1695583
2018-09-11 16:56:19,5401,9.573745,0.04285705,-2.1241379
2018-09-11 16:56:19,5421,9.580048,0.048396252,-2.095404
2018-09-11 16:56:19,5442,9.592494,0.060306698,-2.037353
2018-09-11 16:56:19,5461,9.600559,0.065230034,-1.9988499
2018-09-11 16:56:19,5481,9.610835,0.0653926,-1.9488368
2018-09-11 16:56:19,5501,9.615898,0.06032183,-1.9238628
2018-09-11 16:56:19,5521,9.620717,0.046794876,-1.8999993
2018-09-11 16:56:19,5542,9.625003,0.025214564,-1.878583
2018-09-11 16:56:19,5561,9.627558,0.012502766,-1.8655705
2018-09-11 16:56:19,5582,9.634212,0.0033271373,-1.8309442
2018-09-11 16:56:19,5601,9.634918,-0.0040756147,-1.8272197
2018-09-11 16:56:19,5625,9.630294,-0.018508157,-1.8513469
2018-09-11 16:56:19,5641,9.626181,-0.032345176,-1.8724324
2018-09-11 16:56:20,5661,9.624177,-0.038055,-1.8825969
2018-09-11 16:56:20,5681,9.621591,-0.037787814,-1.8957694
2018-09-11 16:56:20,5702,9.616793,-0.041482616,-1.9198902
2018-09-11 16:56:20,5721,9.609369,-0.053150214,-1.956421
2018-09-11 16:56:20,5741,9.604188,-0.05899511,-1.9815392
2018-09-11 16:56:20,5762,9.604687,-0.06370267,-1.9789665
2018-09-11 16:56:20,5781,9.606347,-0.057817876,-1.9710736
2018-09-11 16:56:20,5801,9.604684,-0.048362534,-1.9794185
2018-09-11 16:56:20,5821,9.598256,-0.043217946,-2.0104685
2018-09-11 16:56:20,5841,9.597153,-0.03468254,-2.015904
2018-09-11 16:56:20,5862,9.6044,-0.028496793,-1.9811804
2018-09-11 16:56:20,5881,9.609537,-0.017951833,-1.9562405
2018-09-11 16:56:20,5901,9.6114435,-0.006771537,-1.9469192
2018-09-11 16:56:20,5921,9.615263,-0.0030633095,-1.9279761
2018-09-11 16:56:20,5941,9.620658,0.0046670455,-1.9008673
2018-09-11 16:56:20,5962,9.626504,0.0063932985,-1.8710315
2018-09-11 16:56:20,5981,9.632547,6.7811416E-5,-1.8396784
2018-09-11 16:56:20,6001,9.637899,-0.009300797,-1.8114092
2018-09-11 16:56:20,6022,9.641422,-0.015648048,-1.7925148
2018-09-11 16:56:20,6041,9.648971,-0.03154945,-1.7512136
2018-09-11 16:56:20,6061,9.651249,-0.072875805,-1.7373716
2018-09-11 16:56:20,6082,9.6441345,-0.11288416,-1.7743516
2018-09-11 16:56:20,6101,9.6490555,-0.12960073,-1.7462344
2018-09-11 16:56:20,6121,9.662695,-0.13944593,-1.6683173
2018-09-11 16:56:20,6142,9.662163,-0.171146,-1.6684437
2018-09-11 16:56:20,6161,9.651284,-0.21531017,-1.7253246
2018-09-11 16:56:20,6181,9.646505,-0.24922739,-1.7473414
2018-09-11 16:56:20,6201,9.643076,-0.28402197,-1.7609158
2018-09-11 16:56:20,6222,9.631997,-0.3266877,-1.8133615
2018-09-11 16:56:20,6241,9.627814,-0.36630514,-1.8279488
2018-09-11 16:56:20,6261,9.628501,-0.37542918,-1.8224703
2018-09-11 16:56:20,6281,9.622569,-0.3809916,-1.8524019
2018-09-11 16:56:20,6301,9.612584,-0.38172725,-1.9033889
2018-09-11 16:56:20,6321,9.600604,-0.36761183,-1.9656166
2018-09-11 16:56:20,6342,9.594557,-0.35884026,-1.9965236
2018-09-11 16:56:20,6361,9.588822,-0.35670474,-2.024262
2018-09-11 16:56:20,6382,9.581687,-0.34838358,-2.0591996
2018-09-11 16:56:20,6401,9.580819,-0.31390512,-2.0687582
2018-09-11 16:56:20,6421,9.588377,-0.28298098,-2.037975
2018-09-11 16:56:20,6441,9.592032,-0.24922101,-2.0251377
2018-09-11 16:56:20,6462,9.598597,-0.2136514,-1.9979182
2018-09-11 16:56:20,6481,9.604972,-0.17612076,-1.9707558
2018-09-11 16:56:20,6501,9.604342,-0.13350444,-1.9771615
2018-09-11 16:56:20,6521,9.611683,-0.08184264,-1.9440298
2018-09-11 16:56:20,6541,9.624982,-0.015983753,-1.8787938
2018-09-11 16:56:20,6561,9.623443,0.023482334,-1.8865807
2018-09-11 16:56:20,6581,9.603227,0.038268473,-1.9866958
2018-09-11 16:56:20,6601,9.599228,0.07236158,-2.0049884
2018-09-11 16:56:20,6622,9.611727,0.100868225,-1.9429164
2018-09-11 16:56:20,6641,9.615264,0.12895001,-1.92366
2018-09-11 16:56:21,6661,9.610671,0.13319276,-1.946188
2018-09-11 16:56:21,6682,9.6031065,0.117665224,-1.9841621
2018-09-11 16:56:21,6701,9.592449,0.09245926,-2.0363603
2018-09-11 16:56:21,6722,9.579793,0.067442976,-2.0960472
2018-09-11 16:56:21,6741,9.572507,0.048144255,-2.1295948
2018-09-11 16:56:21,6761,9.571556,0.03256402,-2.134163
2018-09-11 16:56:21,6782,9.565688,0.010382132,-2.1605332
2018-09-11 16:56:21,6801,9.542753,-0.014699989,-2.2596543
2018-09-11 16:56:21,6821,9.51499,-0.029761797,-2.373703
2018-09-11 16:56:21,6842,9.503736,-0.043832038,-2.4181514
2018-09-11 16:56:21,6861,9.501605,-0.059206154,-2.4261894
2018-09-11 16:56:21,6881,9.4972,-0.06478925,-2.4432323
2018-09-11 16:56:21,6901,9.499409,-0.05945884,-2.4347656
2018-09-11 16:56:21,6921,9.5127945,-0.05005063,-2.382144
2018-09-11 16:56:21,6941,9.522402,-0.03616363,-2.343702
2018-09-11 16:56:21,6962,9.526566,-0.027529921,-2.3268373
2018-09-11 16:56:21,6981,9.525021,-0.019258725,-2.333232
2018-09-11 16:56:21,7001,9.530204,-0.0041069356,-2.3120515
2018-09-11 16:56:21,7022,9.560687,0.031270914,-2.18235
2018-09-11 16:56:21,7041,9.57309,0.053459443,-2.126853
2018-09-11 16:56:21,7061,9.578306,0.07230866,-2.1026635
2018-09-11 16:56:21,7082,9.581019,0.095667966,-2.0893314
2018-09-11 16:56:21,7102,9.583764,0.112070836,-2.0758848
2018-09-11 16:56:21,7121,9.580342,0.12059967,-2.0911481
2018-09-11 16:56:21,7142,9.5727825,0.12940475,-2.1249619
2018-09-11 16:56:21,7161,9.567014,0.12952161,-2.1507816
2018-09-11 16:56:21,7181,9.5648,0.12881109,-2.1606455
2018-09-11 16:56:21,7202,9.556458,0.12997204,-2.1971796
2018-09-11 16:56:21,7222,9.554138,0.1361322,-2.206872
2018-09-11 16:56:21,7241,9.554253,0.12381534,-2.2071002
2018-09-11 16:56:21,7261,9.539337,0.09880036,-2.2719333
2018-09-11 16:56:21,7282,9.519461,0.07572707,-2.354678
2018-09-11 16:56:21,7301,9.512683,0.06443819,-2.3822465
2018-09-11 16:56:21,7322,9.511439,0.06261232,-2.3872561
2018-09-11 16:56:21,7341,9.507055,0.06689729,-2.404543
2018-09-11 16:56:21,7361,9.505352,0.086740464,-2.4106297
2018-09-11 16:56:21,7381,9.50685,0.10196932,-2.4041176
2018-09-11 16:56:21,7401,9.503795,0.11004292,-2.4158158
2018-09-11 16:56:21,7422,9.500902,0.11276038,-2.4270394
2018-09-11 16:56:21,7441,9.499902,0.11095041,-2.431035
2018-09-11 16:56:21,7462,9.501534,0.109610215,-2.4247112
2018-09-11 16:56:21,7481,9.505116,0.11260109,-2.410491
2018-09-11 16:56:21,7501,9.515686,0.12016048,-2.3680534
2018-09-11 16:56:21,7522,9.524586,0.12615857,-2.3316765
2018-09-11 16:56:21,7541,9.527136,0.1268771,-2.3212006
2018-09-11 16:56:21,7561,9.532919,0.12548216,-2.297411
2018-09-11 16:56:21,7581,9.5404825,0.12440336,-2.265854
2018-09-11 16:56:21,7602,9.548427,0.1230574,-2.23222
2018-09-11 16:56:21,7621,9.5524435,0.12018897,-2.2151191
2018-09-11 16:56:21,7641,9.55572,0.115793854,-2.2011755
2018-09-11 16:56:22,7662,9.559616,0.10874641,-2.1845605
2018-09-11 16:56:22,7681,9.558754,0.097473696,-2.1888568
2018-09-11 16:56:22,7701,9.554135,0.08469784,-2.209466
2018-09-11 16:56:22,7722,9.554102,0.07268224,-2.2100325
2018-09-11 16:56:22,7741,9.555697,0.053602163,-2.2036688
2018-09-11 16:56:22,7761,9.5492325,0.030854525,-2.2319484
2018-09-11 16:56:22,7782,9.544565,0.012351647,-2.2520006
2018-09-11 16:56:22,7801,9.552184,0.011692335,-2.2194667
2018-09-11 16:56:22,7821,9.559875,0.014585775,-2.1860905
2018-09-11 16:56:22,7841,9.55624,0.0058466056,-2.2019596
2018-09-11 16:56:22,7862,9.550014,-9.2386466E-4,-2.2288203
2018-09-11 16:56:22,7881,9.551675,6.3524774E-4,-2.221689
2018-09-11 16:56:22,7901,9.555815,0.0021565012,-2.2038114
2018-09-11 16:56:22,7921,9.560997,0.0074232244,-2.181207
2018-09-11 16:56:22,7942,9.5635605,0.021138158,-2.1698506
2018-09-11 16:56:22,7962,9.561002,0.027005062,-2.1810288
2018-09-11 16:56:22,7982,9.559457,0.035746425,-2.1876667
2018-09-11 16:56:22,8001,9.565188,0.04919844,-2.1622076
2018-09-11 16:56:22,8021,9.573715,0.06899482,-2.1235833
2018-09-11 16:56:22,8041,9.569572,0.08080062,-2.141759
2018-09-11 16:56:22,8061,9.565708,0.09375634,-2.1584318
2018-09-11 16:56:22,8082,9.564913,0.102060996,-2.1615791
2018-09-11 16:56:22,8101,9.557838,0.10596124,-2.1924605
2018-09-11 16:56:22,8121,9.556407,0.116391964,-2.1981628
2018-09-11 16:56:22,8142,9.56156,0.1308312,-2.1748195
2018-09-11 16:56:22,8161,9.555092,0.1332261,-2.2029212
2018-09-11 16:56:22,8181,9.546983,0.13989747,-2.2373953
2018-09-11 16:56:22,8202,9.554257,0.1636739,-2.204486
2018-09-11 16:56:22,8221,9.563157,0.1889094,-2.1634953
2018-09-11 16:56:22,8241,9.56138,0.20340282,-2.170028
2018-09-11 16:56:22,8262,9.557147,0.2120323,-2.1877801
2018-09-11 16:56:22,8281,9.556776,0.22297628,-2.188312
2018-09-11 16:56:22,8301,9.56442,0.24033618,-2.1527877
2018-09-11 16:56:22,8321,9.572336,0.25708005,-2.1153412
2018-09-11 16:56:22,8342,9.576281,0.2662225,-2.096273
2018-09-11 16:56:22,8361,9.57567,0.26729968,-2.098921
2018-09-11 16:56:22,8381,9.573953,0.2640665,-2.1071506
2018-09-11 16:56:22,8402,9.579051,0.26446217,-2.0837982
2018-09-11 16:56:22,8421,9.587214,0.26672554,-2.0456207
2018-09-11 16:56:22,8442,9.588836,0.26530942,-2.0381906
2018-09-11 16:56:22,8461,9.588991,0.2643431,-2.0375881
2018-09-11 16:56:22,8481,9.587354,0.25733167,-2.0461667
2018-09-11 16:56:22,8502,9.581312,0.23734696,-2.0766532
2018-09-11 16:56:22,8521,9.579451,0.23167296,-2.0858674
2018-09-11 16:56:22,8541,9.5856695,0.2405024,-2.0560853
2018-09-11 16:56:22,8561,9.581709,0.2336172,-2.075249
2018-09-11 16:56:22,8581,9.573142,0.21543187,-2.1163461
2018-09-11 16:56:22,8602,9.575119,0.20343627,-2.1085768
2018-09-11 16:56:22,8621,9.579969,0.19612172,-2.0871282
2018-09-11 16:56:22,8641,9.580564,0.18202604,-2.0856776
2018-09-11 16:56:23,8662,9.582416,0.16785406,-2.0783482
2018-09-11 16:56:23,8681,9.58501,0.15899421,-2.0670502
2018-09-11 16:56:23,8701,9.587723,0.15970074,-2.0543735
2018-09-11 16:56:23,8722,9.591548,0.16813715,-2.035757
2018-09-11 16:56:23,8741,9.592239,0.1680693,-2.0325112
2018-09-11 16:56:23,8762,9.592954,0.16095653,-2.0297134
2018-09-11 16:56:23,8781,9.597284,0.15223852,-2.0098112
2018-09-11 16:56:23,8801,9.601053,0.13628256,-1.9928862
2018-09-11 16:56:23,8822,9.604876,0.12741213,-1.974974
2018-09-11 16:56:23,8841,9.610945,0.12774704,-1.9452021
2018-09-11 16:56:23,8862,9.612238,0.12928419,-1.9386986
2018-09-11 16:56:23,8881,9.608773,0.12008013,-1.9563828
2018-09-11 16:56:23,8901,9.602135,0.112118416,-1.9891795
2018-09-11 16:56:23,8921,9.602404,0.109168954,-1.988041
2018-09-11 16:56:23,8942,9.596787,0.105001986,-2.0152063
2018-09-11 16:56:23,8961,9.591598,0.102339625,-2.039893
2018-09-11 16:56:23,8981,9.592794,0.10781911,-2.0339773
2018-09-11 16:56:23,9001,9.58976,0.11210296,-2.048007
2018-09-11 16:56:23,9021,9.580924,0.1064738,-2.0892434
2018-09-11 16:56:23,9042,9.574635,0.104956605,-2.1179588
2018-09-11 16:56:23,9061,9.576202,0.10680292,-2.1107626
2018-09-11 16:56:23,9081,9.580171,0.110175796,-2.0925043
2018-09-11 16:56:23,9101,9.5824995,0.10912778,-2.0818667
2018-09-11 16:56:23,9122,9.584634,0.105579376,-2.0722058
2018-09-11 16:56:23,9141,9.591527,0.104962446,-2.040092
2018-09-11 16:56:23,9161,9.597992,0.10425865,-2.0094955
2018-09-11 16:56:23,9181,9.600493,0.102247454,-1.9976131
2018-09-11 16:56:23,9201,9.603631,0.10280328,-1.982441
2018-09-11 16:56:23,9222,9.606759,0.10471049,-1.9671301
2018-09-11 16:56:23,9241,9.607843,0.10698,-1.9617056
2018-09-11 16:56:23,9261,9.606308,0.101840794,-1.9694822
2018-09-11 16:56:23,9282,9.605299,0.091223985,-1.9749156
2018-09-11 16:56:23,9301,9.603373,0.07966018,-1.9847622
2018-09-11 16:56:23,9321,9.599571,0.0609324,-2.0037222
2018-09-11 16:56:23,9343,9.5982685,0.049345046,-2.0102732
2018-09-11 16:56:23,9361,9.601684,0.044925176,-1.9940027
2018-09-11 16:56:23,9382,9.600519,0.03525539,-1.9997933
2018-09-11 16:56:23,9402,9.59108,0.022773951,-2.0447636
2018-09-11 16:56:23,9421,9.583875,0.015625592,-2.0783381
2018-09-11 16:56:23,9442,9.584328,0.02397542,-2.0761695
2018-09-11 16:56:23,9461,9.586408,0.027342478,-2.0665004
2018-09-11 16:56:23,9482,9.582841,0.026225353,-2.0829914
2018-09-11 16:56:23,9501,9.578446,0.023882722,-2.1031349
2018-09-11 16:56:23,9522,9.579589,0.033934135,-2.0977845
2018-09-11 16:56:23,9542,9.585225,0.049574934,-2.0715694
2018-09-11 16:56:23,9561,9.591744,0.06455225,-2.0407505
2018-09-11 16:56:23,9582,9.591549,0.07188202,-2.0414205
2018-09-11 16:56:23,9602,9.590553,0.07414639,-2.0460186
2018-09-11 16:56:23,9621,9.591346,0.079117514,-2.0421147
2018-09-11 16:56:23,9642,9.596728,0.10036989,-2.0157187
2018-09-11 16:56:24,9661,9.597869,0.11494081,-2.0094948
2018-09-11 16:56:24,9681,9.596473,0.12482387,-2.015564
2018-09-11 16:56:24,9702,9.593497,0.12836659,-2.0294614
2018-09-11 16:56:24,9722,9.592207,0.12775174,-2.0355945
2018-09-11 16:56:24,9741,9.590198,0.13802649,-2.044371
2018-09-11 16:56:24,9762,9.588485,0.14155483,-2.0521479
2018-09-11 16:56:24,9781,9.579013,0.13999647,-2.0960205
2018-09-11 16:56:24,9801,9.569468,0.13617766,-2.1394234
2018-09-11 16:56:24,9821,9.568877,0.14202245,-2.1416826
2018-09-11 16:56:24,9841,9.572681,0.14851427,-2.1241689
2018-09-11 16:56:24,9862,9.567649,0.14384246,-2.1470418
2018-09-11 16:56:24,9881,9.557625,0.13632892,-2.1917126
2018-09-11 16:56:24,9902,9.556719,0.12757695,-2.1961856
2018-09-11 16:56:24,9921,9.556942,0.12689628,-2.195254
2018-09-11 16:56:24,9942,9.559417,0.12831457,-2.1843734
2018-09-11 16:56:24,9961,9.566839,0.12922394,-2.1515768
2018-09-11 16:56:24,9983,9.568707,0.12598035,-2.143444
2018-09-11 16:56:24,10001,9.564535,0.11209335,-2.1627522
2018-09-11 16:56:24,10021,9.565289,0.09135464,-2.160391
2018-09-11 16:56:24,10042,9.571015,0.08010335,-2.1353276
2018-09-11 16:56:24,10061,9.57406,0.06397117,-2.1221797
2018-09-11 16:56:24,10081,9.575414,0.048978325,-2.1164649
2018-09-11 16:56:24,10102,9.574749,0.033054188,-2.1197846
2018-09-11 16:56:24,10121,9.577988,0.016590077,-2.1052973
2018-09-11 16:56:24,10141,9.579106,5.886119E-4,-2.1002665
2018-09-11 16:56:24,10162,9.573775,-0.020872697,-2.1243308
2018-09-11 16:56:24,10181,9.570474,-0.048659667,-2.138705
2018-09-11 16:56:24,10201,9.575187,-0.07220993,-2.1168308
2018-09-11 16:56:24,10221,9.581621,-0.091413245,-2.086758
2018-09-11 16:56:24,10242,9.583842,-0.11357906,-2.0754411
2018-09-11 16:56:24,10261,9.5894165,-0.1306644,-2.0485141
2018-09-11 16:56:24,10281,9.593665,-0.15532547,-2.02679
2018-09-11 16:56:24,10302,9.58901,-0.1760748,-2.0470128
2018-09-11 16:56:24,10321,9.589522,-0.18782197,-2.0435686
2018-09-11 16:56:24,10341,9.5949,-0.18692492,-2.0182545
2018-09-11 16:56:24,10361,9.593243,-0.18213862,-2.0265496
2018-09-11 16:56:24,10382,9.593505,-0.17766106,-2.025707
2018-09-11 16:56:24,10401,9.596162,-0.17039967,-2.0137115
2018-09-11 16:56:24,10421,9.5948715,-0.16671667,-2.020161
2018-09-11 16:56:24,10441,9.595748,-0.16470648,-2.0161514
2018-09-11 16:56:24,10461,9.594307,-0.16124865,-2.0232782
2018-09-11 16:56:24,10481,9.587868,-0.16545668,-2.0532422
2018-09-11 16:56:24,10501,9.583824,-0.16868192,-2.0717707
2018-09-11 16:56:24,10521,9.585082,-0.16694026,-2.0660918
2018-09-11 16:56:24,10541,9.588771,-0.17008589,-2.0486403
2018-09-11 16:56:24,10562,9.587681,-0.17297657,-2.0534976
2018-09-11 16:56:24,10581,9.585945,-0.17840014,-2.061114
2018-09-11 16:56:24,10601,9.590447,-0.18049704,-2.0398827
2018-09-11 16:56:24,10622,9.594557,-0.18599658,-2.0199702
2018-09-11 16:56:24,10641,9.594546,-0.20048459,-2.0186322
2018-09-11 16:56:25,10665,9.594602,-0.2092473,-2.0174775
2018-09-11 16:56:25,10682,9.599822,-0.22013532,-1.9913194
2018-09-11 16:56:25,10701,9.6064625,-0.22920951,-1.9579922
2018-09-11 16:56:25,10721,9.607917,-0.23513117,-1.9501357
2018-09-11 16:56:25,10741,9.608792,-0.24246666,-1.9449197
2018-09-11 16:56:25,10762,9.614203,-0.23912622,-1.9184091
2018-09-11 16:56:25,10781,9.617695,-0.23965088,-1.9007584
2018-09-11 16:56:25,10801,9.618183,-0.24712345,-1.8973297
2018-09-11 16:56:25,10821,9.618842,-0.24610761,-1.8941197
2018-09-11 16:56:25,10841,9.619346,-0.24193157,-1.8921055
2018-09-11 16:56:25,10862,9.619962,-0.23962572,-1.8892558
2018-09-11 16:56:25,10881,9.616348,-0.2423259,-1.9072256
2018-09-11 16:56:25,10901,9.610355,-0.24852371,-1.936412
2018-09-11 16:56:25,10922,9.611261,-0.24967965,-1.9317617
2018-09-11 16:56:25,10941,9.615125,-0.24521133,-1.9130212
2018-09-11 16:56:25,10961,9.611457,-0.24721132,-1.9311078
2018-09-11 16:56:25,10982,9.607379,-0.24936233,-1.9510194
2018-09-11 16:56:25,11001,9.613743,-0.24247228,-1.9203031
2018-09-11 16:56:25,11022,9.62142,-0.23565336,-1.8823227
2018-09-11 16:56:25,11042,9.618844,-0.23362085,-1.8956958
2018-09-11 16:56:25,11062,9.618568,-0.23276415,-1.8971916
2018-09-11 16:56:25,11081,9.627717,-0.22422062,-1.8512577
2018-09-11 16:56:25,11102,9.6366625,-0.21142527,-1.8056684
2018-09-11 16:56:25,11122,9.641042,-0.20360686,-1.7830411
2018-09-11 16:56:25,11141,9.646314,-0.19704579,-1.7550485
2018-09-11 16:56:25,11161,9.648035,-0.19928935,-1.7453036
2018-09-11 16:56:25,11182,9.65077,-0.20939301,-1.7289246
2018-09-11 16:56:25,11201,9.653867,-0.21702653,-1.7105957
2018-09-11 16:56:25,11221,9.65214,-0.2311575,-1.7184668
2018-09-11 16:56:25,11242,9.648199,-0.24315688,-1.7388287
2018-09-11 16:56:25,11261,9.651204,-0.24430548,-1.721906
2018-09-11 16:56:25,11282,9.654402,-0.24131578,-1.7043084
2018-09-11 16:56:25,11301,9.650005,-0.24598446,-1.7283707
2018-09-11 16:56:25,11321,9.641856,-0.2590133,-1.771417
2018-09-11 16:56:25,11341,9.642775,-0.2572954,-1.7666556
2018-09-11 16:56:25,11362,9.647842,-0.2607639,-1.7382555
2018-09-11 16:56:25,11381,9.646703,-0.2642326,-1.7440461
2018-09-11 16:56:25,11402,9.641603,-0.26541945,-1.7718391
2018-09-11 16:56:25,11421,9.645063,-0.2592062,-1.753837
2018-09-11 16:56:25,11441,9.648915,-0.2481348,-1.7341436
2018-09-11 16:56:25,11461,9.650597,-0.24005501,-1.7259014
2018-09-11 16:56:25,11482,9.655017,-0.22284597,-1.7033439
2018-09-11 16:56:25,11501,9.659972,-0.20842464,-1.6768652
2018-09-11 16:56:25,11522,9.662583,-0.19687304,-1.6631607
2018-09-11 16:56:25,11541,9.668794,-0.18049851,-1.6285679
2018-09-11 16:56:25,11561,9.678084,-0.1573979,-1.5748919
2018-09-11 16:56:25,11582,9.682793,-0.1372109,-1.5476103
2018-09-11 16:56:25,11601,9.686909,-0.120260015,-1.5230665
2018-09-11 16:56:25,11622,9.696392,-0.100542314,-1.4629568
2018-09-11 16:56:25,11641,9.704307,-0.08258093,-1.4106758
2018-09-11 16:56:26,11661,9.708503,-0.07403144,-1.381985
2018-09-11 16:56:26,11682,9.712704,-0.06796085,-1.3524625
2018-09-11 16:56:26,11701,9.716853,-0.06304641,-1.322564
2018-09-11 16:56:26,11721,9.720433,-0.06230529,-1.2960218
2018-09-11 16:56:26,11741,9.721913,-0.07276758,-1.284327
2018-09-11 16:56:26,11762,9.723487,-0.08532453,-1.271577
2018-09-11 16:56:26,11781,9.728012,-0.0926816,-1.2359581
2018-09-11 16:56:26,11801,9.728217,-0.10577426,-1.2332919
2018-09-11 16:56:26,11822,9.721159,-0.12757352,-1.2857578
2018-09-11 16:56:26,11841,9.715307,-0.14897689,-1.3270282
2018-09-11 16:56:26,11862,9.713925,-0.15877895,-1.3359715
2018-09-11 16:56:26,11881,9.709926,-0.17781466,-1.3623912
2018-09-11 16:56:26,11901,9.704597,-0.1981118,-1.3971136
2018-09-11 16:56:26,11922,9.702499,-0.21800235,-1.4086787
2018-09-11 16:56:26,11941,9.701739,-0.2356505,-1.4110667
2018-09-11 16:56:26,11962,9.701385,-0.25396112,-1.4103295
2018-09-11 16:56:26,11981,9.7025,-0.26433557,-1.4007217
2018-09-11 16:56:26,12002,9.702471,-0.2666606,-1.4004798
2018-09-11 16:56:26,12021,9.699577,-0.26215854,-1.4212205
2018-09-11 16:56:26,12041,9.70123,-0.25459427,-1.4112762
2018-09-11 16:56:26,12062,9.707768,-0.24197228,-1.3678646
2018-09-11 16:56:26,12081,9.711935,-0.23458931,-1.3392842
2018-09-11 16:56:26,12101,9.716133,-0.23162295,-1.309
2018-09-11 16:56:26,12121,9.722126,-0.22753534,-1.2644669
2018-09-11 16:56:26,12142,9.731678,-0.22443448,-1.1893048
2018-09-11 16:56:26,12161,9.734989,-0.22588234,-1.161617
2018-09-11 16:56:26,12181,9.736899,-0.23932685,-1.1427541
2018-09-11 16:56:26,12201,9.738255,-0.24868989,-1.1291326
2018-09-11 16:56:26,12222,9.740857,-0.24838461,-1.1065242
2018-09-11 16:56:26,12241,9.741612,-0.24330755,-1.100986
2018-09-11 16:56:26,12261,9.738516,-0.24689688,-1.1272681
2018-09-11 16:56:26,12281,9.7324505,-0.25148538,-1.1775138
2018-09-11 16:56:26,12302,9.728644,-0.24652027,-1.2095792
2018-09-11 16:56:26,12321,9.72577,-0.23991665,-1.2337834
2018-09-11 16:56:26,12341,9.718513,-0.24431957,-1.2888776
2018-09-11 16:56:26,12362,9.70891,-0.25615746,-1.3571383
2018-09-11 16:56:26,12381,9.703738,-0.2606388,-1.3928134
2018-09-11 16:56:26,12402,9.70322,-0.26186404,-1.3961833
2018-09-11 16:56:26,12421,9.699086,-0.26561344,-1.423931
2018-09-11 16:56:26,12441,9.689744,-0.27054322,-1.4852811
2018-09-11 16:56:26,12462,9.683412,-0.2787613,-1.5245384
2018-09-11 16:56:26,12481,9.682912,-0.2749847,-1.528399
2018-09-11 16:56:26,12501,9.683596,-0.27279127,-1.5244555
2018-09-11 16:56:26,12521,9.678585,-0.2722302,-1.5560441
2018-09-11 16:56:26,12542,9.672196,-0.27524424,-1.5947578
2018-09-11 16:56:26,12561,9.671771,-0.27221465,-1.5978551
2018-09-11 16:56:26,12582,9.673362,-0.26789176,-1.5889245
2018-09-11 16:56:26,12601,9.672167,-0.25990856,-1.5975055
2018-09-11 16:56:26,12621,9.672259,-0.2484812,-1.5987616
2018-09-11 16:56:26,12642,9.669778,-0.24610151,-1.6140703
2018-09-11 16:56:27,12661,9.66769,-0.24512543,-1.6266761
2018-09-11 16:56:27,12681,9.671497,-0.23405607,-1.6055367
2018-09-11 16:56:27,12701,9.672554,-0.21817599,-1.6014001
2018-09-11 16:56:27,12722,9.665642,-0.22273667,-1.6419929
2018-09-11 16:56:27,12741,9.659069,-0.23057157,-1.6791698
2018-09-11 16:56:27,12761,9.657974,-0.23365426,-1.6850294
2018-09-11 16:56:27,12782,9.657222,-0.23650402,-1.6889423
2018-09-11 16:56:27,12801,9.655997,-0.2448601,-1.6947433
2018-09-11 16:56:27,12821,9.657183,-0.2525775,-1.6868347
2018-09-11 16:56:27,12842,9.66211,-0.25706914,-1.6576858
2018-09-11 16:56:27,12861,9.661623,-0.2684945,-1.6587162
2018-09-11 16:56:27,12882,9.658092,-0.2768978,-1.6777906
2018-09-11 16:56:27,12901,9.662329,-0.2727518,-1.6539049
2018-09-11 16:56:27,12921,9.665618,-0.26638773,-1.6356262
2018-09-11 16:56:27,12941,9.663162,-0.2683794,-1.6497422
2018-09-11 16:56:27,12962,9.659106,-0.27296606,-1.6725856
2018-09-11 16:56:27,12981,9.658972,-0.2736168,-1.6732564
2018-09-11 16:56:27,13001,9.660614,-0.27490708,-1.6635342
2018-09-11 16:56:27,13022,9.663316,-0.2702149,-1.6485416
2018-09-11 16:56:27,13042,9.6620655,-0.27637145,-1.6548423
2018-09-11 16:56:27,13061,9.652588,-0.29477823,-1.7061759
2018-09-11 16:56:27,13081,9.643896,-0.31710178,-1.7507467
2018-09-11 16:56:27,13101,9.644248,-0.3215016,-1.7479956
2018-09-11 16:56:27,13122,9.648501,-0.31976524,-1.7246921
2018-09-11 16:56:27,13141,9.646757,-0.3223361,-1.7339401
2018-09-11 16:56:27,13161,9.64009,-0.32957074,-1.7693044
2018-09-11 16:56:27,13181,9.634837,-0.33996695,-1.7957546
2018-09-11 16:56:27,13202,9.6397915,-0.3364171,-1.7696452
2018-09-11 16:56:27,13221,9.651376,-0.3254349,-1.7074629
2018-09-11 16:56:27,13241,9.656426,-0.31802306,-1.6800796
2018-09-11 16:56:27,13262,9.659235,-0.3136983,-1.664677
2018-09-11 16:56:27,13281,9.667054,-0.29869527,-1.621486
2018-09-11 16:56:27,13301,9.672795,-0.28632414,-1.5891596
2018-09-11 16:56:27,13321,9.6702795,-0.28867206,-1.6039821
2018-09-11 16:56:27,13342,9.666761,-0.29119256,-1.624598
2018-09-11 16:56:27,13361,9.669002,-0.28300163,-1.6126715
2018-09-11 16:56:27,13381,9.674713,-0.26609924,-1.5809863
2018-09-11 16:56:27,13402,9.675453,-0.25889286,-1.5776453
2018-09-11 16:56:27,13421,9.669244,-0.26668945,-1.6139961
2018-09-11 16:56:27,13441,9.667559,-0.26952317,-1.623588
2018-09-11 16:56:27,13462,9.6692095,-0.25812012,-1.6155956
2018-09-11 16:56:27,13481,9.666807,-0.2577845,-1.6299654
2018-09-11 16:56:27,13501,9.6608925,-0.26777264,-1.6630821
2018-09-11 16:56:27,13522,9.660786,-0.26552913,-1.6640592
2018-09-11 16:56:27,13541,9.667488,-0.25461438,-1.6264191
2018-09-11 16:56:27,13561,9.674754,-0.2393279,-1.5850031
2018-09-11 16:56:27,13582,9.6768465,-0.22800653,-1.5738653
2018-09-11 16:56:27,13601,9.6772,-0.227536,-1.5717492
2018-09-11 16:56:27,13622,9.679332,-0.21929051,-1.5597572
2018-09-11 16:56:27,13642,9.683521,-0.20771159,-1.5351443
2018-09-11 16:56:28,13662,9.684346,-0.18447903,-1.5328977
2018-09-11 16:56:28,13681,9.682822,-0.15562153,-1.5456777
2018-09-11 16:56:28,13701,9.684559,-0.12918623,-1.5372105
2018-09-11 16:56:28,13722,9.688214,-0.109993644,-1.5155237
2018-09-11 16:56:28,13741,9.681663,-0.110931695,-1.556757
2018-09-11 16:56:28,13761,9.670795,-0.12259845,-1.6220582
2018-09-11 16:56:28,13782,9.679865,-0.11211463,-1.5678115
2018-09-11 16:56:28,13801,9.690894,-0.09919293,-1.4990416
2018-09-11 16:56:28,13821,9.69792,-0.08728395,-1.4536604
2018-09-11 16:56:28,13841,9.703445,-0.07276995,-1.4171215
2018-09-11 16:56:28,13861,9.712038,-0.052971676,-1.3578973
2018-09-11 16:56:28,13882,9.7237625,-0.032278813,-1.2719258
2018-09-11 16:56:28,13901,9.726901,-0.028077979,-1.2477946
2018-09-11 16:56:28,13921,9.728509,-0.017531352,-1.235391
2018-09-11 16:56:28,13941,9.733835,-0.012893578,-1.1927627
2018-09-11 16:56:28,13962,9.740354,0.00473235,-1.1383569
2018-09-11 16:56:28,13981,9.7448015,0.017004631,-1.0995153
2018-09-11 16:56:28,14001,9.746929,0.025406161,-1.0803266
2018-09-11 16:56:28,14021,9.746302,0.02361051,-1.0860186
2018-09-11 16:56:28,14041,9.743946,0.009649001,-1.1071622
2018-09-11 16:56:28,14061,9.738404,-0.010212326,-1.1548922
2018-09-11 16:56:28,14082,9.736791,-0.0045726397,-1.1684495
2018-09-11 16:56:28,14101,9.74316,0.035424285,-1.1135354
2018-09-11 16:56:28,14121,9.748294,0.06501843,-1.0662705
2018-09-11 16:56:28,14142,9.74246,0.065733396,-1.118279
2018-09-11 16:56:28,14161,9.7343235,0.04518187,-1.1879779
2018-09-11 16:56:28,14181,9.733797,0.04172895,-1.1924095
2018-09-11 16:56:28,14202,9.7386675,0.05151933,-1.1515603
2018-09-11 16:56:28,14221,9.742431,0.04920469,-1.1193844
2018-09-11 16:56:28,14241,9.746693,0.051457807,-1.0815402
2018-09-11 16:56:28,14261,9.7529745,0.06335485,-1.0226635
2018-09-11 16:56:28,14282,9.7585535,0.073049426,-0.96731216
2018-09-11 16:56:28,14301,9.76252,0.07145396,-0.92654175
2018-09-11 16:56:28,14321,9.766055,0.06630972,-0.88891804
2018-09-11 16:56:28,14342,9.771985,0.07202532,-0.8206733
2018-09-11 16:56:28,14361,9.776962,0.07576964,-0.75872463
2018-09-11 16:56:28,14381,9.779013,0.072077826,-0.73218805
2018-09-11 16:56:28,14402,9.7792015,0.05928036,-0.7308059
2018-09-11 16:56:28,14421,9.780716,0.054851063,-0.71062213
2018-09-11 16:56:28,14441,9.783852,0.056851525,-0.6658812
2018-09-11 16:56:28,14462,9.783523,0.036513425,-0.67211086
2018-09-11 16:56:28,14481,9.780163,-0.004687493,-0.72026145
2018-09-11 16:56:28,14501,9.782856,-0.014918556,-0.6825687
2018-09-11 16:56:28,14521,9.784246,-0.008455632,-0.6624499
2018-09-11 16:56:28,14542,9.781981,-0.017411232,-0.6949301
2018-09-11 16:56:28,14562,9.778381,-0.027000826,-0.7435896
2018-09-11 16:56:28,14581,9.775028,-0.042858746,-0.78573775
2018-09-11 16:56:28,14602,9.768196,-0.083477095,-0.8635687
2018-09-11 16:56:28,14621,9.762519,-0.1064355,-0.9231937
2018-09-11 16:56:28,14642,9.75885,-0.11388998,-0.9603408
2018-09-11 16:56:29,14661,9.761023,-0.0949187,-0.94012773
2018-09-11 16:56:29,14682,9.758589,-0.094257556,-0.9651221
2018-09-11 16:56:29,14701,9.749926,-0.10610708,-1.047902
2018-09-11 16:56:29,14722,9.750155,-0.09747145,-1.0465965
2018-09-11 16:56:29,14741,9.756918,-0.06339467,-0.98434377
2018-09-11 16:56:29,14762,9.759704,-0.038319286,-0.9576619
2018-09-11 16:56:29,14781,9.755868,-0.039783746,-0.9959122
2018-09-11 16:56:29,14801,9.753389,-0.040026817,-1.0198932
2018-09-11 16:56:29,14822,9.760123,-0.0052130376,-0.95412964
2018-09-11 16:56:29,14841,9.764094,0.024586998,-0.91227144
2018-09-11 16:56:29,14861,9.763625,0.03390919,-0.91698724
2018-09-11 16:56:29,14881,9.763893,0.03624258,-0.9140408
2018-09-11 16:56:29,14902,9.763514,0.03207559,-0.9182419
2018-09-11 16:56:29,14921,9.760426,0.026865695,-0.950664
2018-09-11 16:56:29,14941,9.758189,0.03586174,-0.97306037
2018-09-11 16:56:29,14961,9.756856,0.042150296,-0.98608476
2018-09-11 16:56:29,14982,9.748836,0.022653138,-1.0630575
2018-09-11 16:56:29,15001,9.731919,-0.023585426,-1.208128
2018-09-11 16:56:29,15021,9.722548,-0.04759742,-1.2807
2018-09-11 16:56:29,15041,9.724927,-0.04281422,-1.2626743
2018-09-11 16:56:29,15062,9.726738,-0.04926009,-1.2484055
2018-09-11 16:56:29,15081,9.716981,-0.07405069,-1.3210533
2018-09-11 16:56:29,15102,9.708573,-0.10762114,-1.379275
2018-09-11 16:56:29,15122,9.708386,-0.12723704,-1.378928
2018-09-11 16:56:29,15141,9.709348,-0.14474581,-1.3704053
2018-09-11 16:56:29,15162,9.707537,-0.16395634,-1.3810323
2018-09-11 16:56:29,15181,9.706804,-0.17351106,-1.384999
2018-09-11 16:56:29,15201,9.710356,-0.17639484,-1.3595046
2018-09-11 16:56:29,15221,9.713935,-0.17465709,-1.3339226
2018-09-11 16:56:29,15242,9.718313,-0.16668358,-1.30269
2018-09-11 16:56:29,15261,9.723486,-0.16357797,-1.2639036
2018-09-11 16:56:29,15281,9.723158,-0.16608135,-1.266099
2018-09-11 16:56:29,15301,9.718929,-0.18079636,-1.2961973
2018-09-11 16:56:29,15322,9.725532,-0.17464219,-1.2465684
2018-09-11 16:56:29,15341,9.732538,-0.16441642,-1.1920791
2018-09-11 16:56:29,15361,9.735688,-0.1582267,-1.1669341
2018-09-11 16:56:29,15381,9.730515,-0.17241502,-1.207369
2018-09-11 16:56:29,15402,9.727011,-0.18349838,-1.2336876
2018-09-11 16:56:29,15421,9.731301,-0.17215209,-1.2010494
2018-09-11 16:56:29,15441,9.73504,-0.15514174,-1.1727384
2018-09-11 16:56:29,15461,9.731296,-0.14531334,-1.2046428
2018-09-11 16:56:29,15481,9.727453,-0.13785793,-1.2361301
2018-09-11 16:56:29,15502,9.724485,-0.13583867,-1.2594885
2018-09-11 16:56:29,15521,9.723276,-0.12912545,-1.2694914
2018-09-11 16:56:29,15541,9.725966,-0.11903619,-1.2497251
2018-09-11 16:56:29,15562,9.726391,-0.11931935,-1.2463802
2018-09-11 16:56:29,15581,9.722217,-0.13215926,-1.2772726
2018-09-11 16:56:29,15601,9.718981,-0.15056966,-1.2996658
2018-09-11 16:56:29,15621,9.719886,-0.15839438,-1.2919468
2018-09-11 16:56:29,15642,9.721139,-0.1672731,-1.2813559
2018-09-11 16:56:30,15662,9.717477,-0.17674704,-1.3075839
2018-09-11 16:56:30,15681,9.711365,-0.19017443,-1.3504151
2018-09-11 16:56:30,15701,9.707941,-0.2022791,-1.3730841
2018-09-11 16:56:30,15722,9.707922,-0.20984623,-1.3720782
2018-09-11 16:56:30,15742,9.706941,-0.21729559,-1.3778528
2018-09-11 16:56:30,15761,9.7026825,-0.23114012,-1.4053195
2018-09-11 16:56:30,15781,9.696333,-0.253014,-1.4448191
2018-09-11 16:56:30,15802,9.692884,-0.27480498,-1.4638534
2018-09-11 16:56:30,15821,9.693644,-0.29171246,-1.4555305
2018-09-11 16:56:30,15841,9.693656,-0.30450442,-1.4528242
2018-09-11 16:56:30,15861,9.689832,-0.31251082,-1.4764426
2018-09-11 16:56:30,15881,9.685481,-0.31962126,-1.5032252
2018-09-11 16:56:30,15903,9.683388,-0.3246387,-1.515587
2018-09-11 16:56:30,15922,9.6827345,-0.3253015,-1.5196173
2018-09-11 16:56:30,15941,9.681859,-0.32367104,-1.5255226
2018-09-11 16:56:30,15961,9.680073,-0.32455266,-1.5366331
2018-09-11 16:56:30,15982,9.67735,-0.3229496,-1.5540264
2018-09-11 16:56:30,16001,9.677264,-0.31923428,-1.5553261
2018-09-11 16:56:30,16021,9.678384,-0.31610665,-1.548984
2018-09-11 16:56:30,16041,9.675359,-0.31795675,-1.5673964
2018-09-11 16:56:30,16061,9.670914,-0.32131797,-1.593914
2018-09-11 16:56:30,16082,9.6724,-0.3178821,-1.585555
2018-09-11 16:56:30,16101,9.675218,-0.31371704,-1.5691172
2018-09-11 16:56:30,16121,9.673877,-0.31471154,-1.5771646
2018-09-11 16:56:30,16141,9.669722,-0.32295248,-1.6008043
2018-09-11 16:56:30,16161,9.668057,-0.33149943,-1.6090922
2018-09-11 16:56:30,16182,9.668403,-0.33617055,-1.6060419
2018-09-11 16:56:30,16201,9.6680975,-0.34214574,-1.6066135
2018-09-11 16:56:30,16221,9.663331,-0.35031727,-1.6333057
2018-09-11 16:56:30,16241,9.657854,-0.36250508,-1.6627802
2018-09-11 16:56:30,16262,9.656043,-0.36960617,-1.6717068
2018-09-11 16:56:30,16281,9.657451,-0.36977935,-1.6635177
2018-09-11 16:56:30,16301,9.659204,-0.37497967,-1.652142
2018-09-11 16:56:30,16321,9.655507,-0.38079745,-1.6722935
2018-09-11 16:56:30,16342,9.646109,-0.3983298,-1.7217144
2018-09-11 16:56:30,16361,9.642685,-0.40714535,-1.7387484
2018-09-11 16:56:30,16381,9.642938,-0.4121398,-1.7361753
2018-09-11 16:56:30,16401,9.642836,-0.41796878,-1.735339
2018-09-11 16:56:30,16422,9.640875,-0.42224768,-1.7451723
2018-09-11 16:56:30,16441,9.635555,-0.43067124,-1.772283
2018-09-11 16:56:30,16462,9.628151,-0.44070283,-1.8096582
2018-09-11 16:56:30,16481,9.62346,-0.44355145,-1.8337556
2018-09-11 16:56:30,16501,9.624195,-0.43908718,-1.8309708
2018-09-11 16:56:30,16522,9.62334,-0.4413863,-1.8349085
2018-09-11 16:56:30,16541,9.613292,-0.44884294,-1.8850881
2018-09-11 16:56:30,16561,9.602577,-0.4566465,-1.9371064
2018-09-11 16:56:30,16582,9.6007,-0.4562758,-1.9464687
2018-09-11 16:56:30,16601,9.602581,-0.45602995,-1.9372298
2018-09-11 16:56:30,16622,9.599844,-0.4568831,-1.9505477
2018-09-11 16:56:30,16641,9.59656,-0.4614472,-1.9655802
2018-09-11 16:56:31,16661,9.593639,-0.4687436,-1.9780623
2018-09-11 16:56:31,16681,9.588966,-0.47201964,-1.9998283
2018-09-11 16:56:31,16701,9.592438,-0.46217492,-1.9854226
2018-09-11 16:56:31,16722,9.600741,-0.44722906,-1.9483719
2018-09-11 16:56:31,16741,9.601716,-0.42705733,-1.9480919
2018-09-11 16:56:31,16761,9.598879,-0.40649763,-1.9663821
2018-09-11 16:56:31,16781,9.596868,-0.3854152,-1.9804001
2018-09-11 16:56:31,16802,9.595083,-0.36103982,-1.9935923
2018-09-11 16:56:31,16821,9.596143,-0.3359507,-1.9928826
2018-09-11 16:56:31,16841,9.600394,-0.31327215,-1.976023
2018-09-11 16:56:31,16862,9.606357,-0.2964565,-1.9494653
2018-09-11 16:56:31,16881,9.608594,-0.2863705,-1.9399196
2018-09-11 16:56:31,16901,9.612317,-0.28167635,-1.922083
2018-09-11 16:56:31,16922,9.6184435,-0.28076503,-1.8913258
2018-09-11 16:56:31,16941,9.621999,-0.28036746,-1.8732122
2018-09-11 16:56:31,16961,9.628301,-0.28211638,-1.8402764
2018-09-11 16:56:31,16982,9.639874,-0.2807029,-1.778884
2018-09-11 16:56:31,17001,9.642049,-0.2809603,-1.7670149
2018-09-11 16:56:31,17021,9.644976,-0.27888897,-1.7512974
2018-09-11 16:56:31,17042,9.653963,-0.27752262,-1.7012868
2018-09-11 16:56:31,17062,9.655464,-0.28163674,-1.6920588
2018-09-11 16:56:31,17081,9.655092,-0.28266352,-1.6940154
2018-09-11 16:56:31,17101,9.656262,-0.28287014,-1.6872933
2018-09-11 16:56:31,17122,9.658636,-0.2773783,-1.674576
2018-09-11 16:56:31,17141,9.65851,-0.27835697,-1.6751393
2018-09-11 16:56:31,17161,9.659223,-0.27584133,-1.671441
2018-09-11 16:56:31,17181,9.657887,-0.27099296,-1.6799282
2018-09-11 16:56:31,17202,9.6527,-0.27266026,-1.7092191
2018-09-11 16:56:31,17221,9.640819,-0.27879393,-1.7740552
2018-09-11 16:56:31,17241,9.639314,-0.2749279,-1.7828141
2018-09-11 16:56:31,17262,9.639957,-0.26469287,-1.7808801
2018-09-11 16:56:31,17281,9.6308975,-0.2604376,-1.8298587
2018-09-11 16:56:31,17301,9.61707,-0.26302642,-1.9008267
2018-09-11 16:56:31,17321,9.607929,-0.26702088,-1.9459668
2018-09-11 16:56:31,17342,9.598962,-0.27258018,-1.9889785
2018-09-11 16:56:31,17361,9.590664,-0.282195,-2.0272918
2018-09-11 16:56:31,17381,9.583552,-0.29563937,-2.0587678
2018-09-11 16:56:31,17402,9.570948,-0.30658096,-2.115032
2018-09-11 16:56:31,17421,9.5585785,-0.31560487,-2.168956
2018-09-11 16:56:31,17442,9.552109,-0.32255408,-2.196262
2018-09-11 16:56:31,17461,9.543021,-0.3281954,-2.2345955
2018-09-11 16:56:31,17481,9.529519,-0.33328143,-2.290759
2018-09-11 16:56:31,17502,9.517431,-0.34057978,-2.3394225
2018-09-11 16:56:31,17521,9.507455,-0.34822243,-2.3785336
2018-09-11 16:56:31,17541,9.497448,-0.3599093,-2.4164717
2018-09-11 16:56:31,17561,9.484075,-0.37700495,-2.4658847
2018-09-11 16:56:31,17581,9.472275,-0.39254817,-2.5084445
2018-09-11 16:56:31,17602,9.471337,-0.40153697,-2.5105612
2018-09-11 16:56:31,17622,9.473105,-0.40813988,-2.5028138
2018-09-11 16:56:31,17641,9.472694,-0.41675285,-2.502948
2018-09-11 16:56:32,17661,9.472629,-0.4206316,-2.5025523
2018-09-11 16:56:32,17682,9.4759245,-0.42006877,-2.490138
2018-09-11 16:56:32,17701,9.477356,-0.41630837,-2.4853156
2018-09-11 16:56:32,17721,9.47181,-0.4123677,-2.507023
2018-09-11 16:56:32,17742,9.46845,-0.40180036,-2.521389
2018-09-11 16:56:32,17761,9.47509,-0.38879746,-2.4983761
2018-09-11 16:56:32,17782,9.48278,-0.37532905,-2.4711123
2018-09-11 16:56:32,17801,9.481782,-0.358546,-2.4774244
2018-09-11 16:56:32,17822,9.479214,-0.33960548,-2.489894
2018-09-11 16:56:32,17841,9.481653,-0.33029613,-2.4818423
2018-09-11 16:56:32,17861,9.486655,-0.31970242,-2.4640512
2018-09-11 16:56:32,17882,9.491658,-0.30610642,-2.446447
2018-09-11 16:56:32,17901,9.489824,-0.2968434,-2.4546902
2018-09-11 16:56:32,17922,9.473141,-0.30255497,-2.5176263
2018-09-11 16:56:32,17942,9.461488,-0.3118394,-2.5599594
2018-09-11 16:56:32,17961,9.458114,-0.31374794,-2.5721657
2018-09-11 16:56:32,17981,9.464587,-0.3070602,-2.5490537
2018-09-11 16:56:32,18002,9.467068,-0.3055188,-2.540015
2018-09-11 16:56:32,18021,9.456486,-0.30987692,-2.578611
2018-09-11 16:56:32,18042,9.437024,-0.32357433,-2.6473134
2018-09-11 16:56:32,18061,9.428289,-0.33132455,-2.6773088
2018-09-11 16:56:32,18081,9.428038,-0.33524388,-2.677707
2018-09-11 16:56:32,18102,9.42615,-0.3324519,-2.684689
2018-09-11 16:56:32,18121,9.419597,-0.32884255,-2.7080362
2018-09-11 16:56:32,18142,9.413121,-0.3326534,-2.729991
2018-09-11 16:56:32,18161,9.400409,-0.34192008,-2.772328
2018-09-11 16:56:32,18182,9.3840885,-0.35238057,-2.8257928
2018-09-11 16:56:32,18201,9.382225,-0.35624903,-2.831487
2018-09-11 16:56:32,18221,9.388904,-0.36157897,-2.8085825
2018-09-11 16:56:32,18241,9.386596,-0.37173492,-2.8149648
2018-09-11 16:56:32,18261,9.377508,-0.37760136,-2.844319
2018-09-11 16:56:32,18282,9.366613,-0.3801376,-2.87966
2018-09-11 16:56:32,18301,9.359074,-0.3803522,-2.904044
2018-09-11 16:56:32,18321,9.356836,-0.38011238,-2.9112766
2018-09-11 16:56:32,18342,9.351823,-0.37851846,-2.9275455
2018-09-11 16:56:32,18361,9.343994,-0.37418833,-2.9529886
2018-09-11 16:56:32,18381,9.341732,-0.3662591,-2.9611304
2018-09-11 16:56:32,18401,9.343511,-0.35876963,-2.9564292
2018-09-11 16:56:32,18422,9.340057,-0.35072443,-2.9682841
2018-09-11 16:56:32,18441,9.330732,-0.3424966,-2.9984224
2018-09-11 16:56:32,18461,9.321734,-0.33307186,-3.0273278
2018-09-11 16:56:32,18481,9.318832,-0.32161325,-3.037483
2018-09-11 16:56:32,18502,9.325353,-0.30821756,-3.018805
2018-09-11 16:56:32,18521,9.328562,-0.29456994,-3.010241
2018-09-11 16:56:32,18542,9.319737,-0.28225008,-3.038619
2018-09-11 16:56:32,18561,9.313174,-0.272935,-3.0595255
2018-09-11 16:56:32,18581,9.310987,-0.26331764,-3.0670106
2018-09-11 16:56:32,18602,9.306942,-0.2501116,-3.0803678
2018-09-11 16:56:32,18622,9.308229,-0.23573427,-3.0776103
2018-09-11 16:56:32,18641,9.319236,-0.2272535,-3.044765
2018-09-11 16:56:33,18661,9.322746,-0.2208109,-3.0344734
2018-09-11 16:56:33,18682,9.317044,-0.20088482,-3.053314
2018-09-11 16:56:33,18701,9.320329,-0.18690069,-3.0441625
2018-09-11 16:56:33,18721,9.325929,-0.17903042,-3.0274422
2018-09-11 16:56:33,18742,9.322837,-0.1636549,-3.0378175
2018-09-11 16:56:33,18761,9.315225,-0.13540903,-3.0624552
2018-09-11 16:56:33,18781,9.312131,-0.10753307,-3.0729523
2018-09-11 16:56:33,18801,9.308717,-0.072165385,-3.0843112
2018-09-11 16:56:33,18821,9.307211,-0.054748703,-3.089208
2018-09-11 16:56:33,18841,9.313348,-0.04058315,-3.070881
2018-09-11 16:56:33,18862,9.320653,-0.039583363,-3.0486474
2018-09-11 16:56:33,18881,9.327077,-0.045191146,-3.0288565
2018-09-11 16:56:33,18901,9.336275,-0.055165295,-3.000221
2018-09-11 16:56:33,18922,9.342244,-0.07559082,-2.981135
2018-09-11 16:56:33,18941,9.339237,-0.09944719,-2.9898407
2018-09-11 16:56:33,18961,9.34155,-0.12004481,-2.981848
2018-09-11 16:56:33,18981,9.357451,-0.1314532,-2.9310775
2018-09-11 16:56:33,19001,9.36453,-0.13455574,-2.9082398
2018-09-11 16:56:33,19022,9.350607,-0.1449765,-2.9522045
2018-09-11 16:56:33,19041,9.325558,-0.15633492,-3.0298362
2018-09-11 16:56:33,19062,9.320979,-0.176051,-3.042821
2018-09-11 16:56:33,19081,9.342611,-0.18797795,-2.9750073
2018-09-11 16:56:33,19101,9.350588,-0.18675011,-2.9499195
2018-09-11 16:56:33,19122,9.335841,-0.18783982,-2.9961922
2018-09-11 16:56:33,19141,9.326622,-0.19795817,-3.024124
2018-09-11 16:56:33,19161,9.328837,-0.21013324,-3.0164573
2018-09-11 16:56:33,19182,9.33845,-0.21374846,-2.9863083
2018-09-11 16:56:33,19201,9.348878,-0.19929036,-2.9545157
2018-09-11 16:56:33,19221,9.354336,-0.185518,-2.9380865
2018-09-11 16:56:33,19242,9.353768,-0.17378372,-2.9406142
2018-09-11 16:56:33,19261,9.353357,-0.15277229,-2.943087
2018-09-11 16:56:33,19281,9.361328,-0.122563034,-2.91906
2018-09-11 16:56:33,19302,9.369116,-0.09161076,-2.8951116
2018-09-11 16:56:33,19321,9.365109,-0.06788423,-2.908693
2018-09-11 16:56:33,19342,9.3558235,-0.04212724,-2.9389122
2018-09-11 16:56:33,19361,9.357043,-0.011728183,-2.9353
2018-09-11 16:56:33,19381,9.357699,0.017099008,-2.9331803
2018-09-11 16:56:33,19402,9.352705,0.041111525,-2.9488337
2018-09-11 16:56:33,19421,9.353224,0.0588815,-2.9468803
2018-09-11 16:56:33,19441,9.356127,0.07348819,-2.9373233
2018-09-11 16:56:33,19462,9.361889,0.09217339,-2.918379
2018-09-11 16:56:33,19481,9.377503,0.1042611,-2.8673937
2018-09-11 16:56:33,19501,9.389217,0.11161148,-2.8285186
2018-09-11 16:56:33,19522,9.398455,0.12033379,-2.797314
2018-09-11 16:56:33,19541,9.404571,0.13750246,-2.7758863
2018-09-11 16:56:33,19561,9.424456,0.17551705,-2.705404
2018-09-11 16:56:33,19582,9.442421,0.1955783,-2.6406095
2018-09-11 16:56:33,19601,9.447623,0.20713238,-2.6210482
2018-09-11 16:56:33,19621,9.45101,0.2096393,-2.6086094
2018-09-11 16:56:33,19642,9.464056,0.22324905,-2.5597274
2018-09-11 16:56:34,19661,9.470783,0.23359305,-2.5337892
2018-09-11 16:56:34,19682,9.458782,0.23409224,-2.5781834
2018-09-11 16:56:34,19701,9.431141,0.2196732,-2.678752
2018-09-11 16:56:34,19721,9.411316,0.18957223,-2.7498322
2018-09-11 16:56:34,19742,9.407825,0.16671984,-2.7632244
2018-09-11 16:56:34,19761,9.409465,0.13866594,-2.7591915
2018-09-11 16:56:34,19781,9.406141,0.11000654,-2.7717867
2018-09-11 16:56:34,19801,9.396483,0.08738282,-2.8051507
2018-09-11 16:56:34,19821,9.388461,0.066524826,-2.8324468
2018-09-11 16:56:34,19842,9.37935,0.040765934,-2.8629568
2018-09-11 16:56:34,19861,9.38833,0.0369896,-2.8334217
2018-09-11 16:56:34,19882,9.409531,0.0483422,-2.7620265
2018-09-11 16:56:34,19901,9.426624,0.06662222,-2.7027225
2018-09-11 16:56:34,19921,9.423671,0.0871291,-2.712419
2018-09-11 16:56:34,19941,9.403645,0.119788885,-2.7798388
2018-09-11 16:56:34,19961,9.406579,0.15296695,-2.76826
2018-09-11 16:56:34,19982,9.432735,0.18146954,-2.6759984
2018-09-11 16:56:34,20001,9.452238,0.20233856,-2.604732
2018-09-11 16:56:34,20022,9.459782,0.2121451,-2.5764112
2018-09-11 16:56:34,20041,9.464484,0.2105661,-2.5592177
2018-09-11 16:56:34,20061,9.468443,0.19526403,-2.5457485
2018-09-11 16:56:34,20081,9.468224,0.17850663,-2.5477996
2018-09-11 16:56:34,20102,9.471547,0.16980527,-2.536013
2018-09-11 16:56:34,20121,9.478997,0.17320423,-2.5077858
2018-09-11 16:56:34,20141,9.481108,0.1675815,-2.5001814
2018-09-11 16:56:34,20162,9.473733,0.15320109,-2.5288973
2018-09-11 16:56:34,20181,9.467521,0.13903733,-2.5528634
2018-09-11 16:56:34,20202,9.465316,0.12907156,-2.5615468
2018-09-11 16:56:34,20221,9.465595,0.120355405,-2.5609384
2018-09-11 16:56:34,20241,9.470544,0.10501531,-2.5432568
2018-09-11 16:56:34,20261,9.47313,0.09392949,-2.534044
2018-09-11 16:56:34,20281,9.476063,0.08861185,-2.523248
2018-09-11 16:56:34,20302,9.481133,0.087275036,-2.504171
2018-09-11 16:56:34,20321,9.482113,0.091234975,-2.500317
2018-09-11 16:56:34,20341,9.478495,0.09709129,-2.513781
2018-09-11 16:56:34,20362,9.483292,0.12021508,-2.4946187
2018-09-11 16:56:34,20381,9.491429,0.13424271,-2.4627512
2018-09-11 16:56:34,20401,9.496458,0.14564501,-2.4426327
2018-09-11 16:56:34,20421,9.49138,0.14999013,-2.462033
2018-09-11 16:56:34,20442,9.491053,0.15960602,-2.462688
2018-09-11 16:56:34,20461,9.498302,0.17488888,-2.4335246
2018-09-11 16:56:34,20481,9.502858,0.18470341,-2.4149466
2018-09-11 16:56:34,20501,9.503478,0.19222304,-2.4119189
2018-09-11 16:56:34,20522,9.5018215,0.19818096,-2.417953
2018-09-11 16:56:34,20541,9.498644,0.21186458,-2.4292493
2018-09-11 16:56:34,20561,9.49899,0.22769253,-2.4264657
2018-09-11 16:56:34,20582,9.498486,0.23917566,-2.427332
2018-09-11 16:56:34,20602,9.493769,0.24559726,-2.4450824
2018-09-11 16:56:34,20621,9.491901,0.25510162,-2.4513514
2018-09-11 16:56:34,20641,9.490308,0.2651886,-2.4564443
2018-09-11 16:56:35,20661,9.483965,0.26250222,-2.4811058
2018-09-11 16:56:35,20682,9.477324,0.25774053,-2.5068495
2018-09-11 16:56:35,20701,9.476022,0.25635812,-2.5119073
2018-09-11 16:56:35,20721,9.477194,0.25432858,-2.5076907
2018-09-11 16:56:35,20742,9.479612,0.24431986,-2.4995258
2018-09-11 16:56:35,20761,9.473232,0.22662655,-2.5252538
2018-09-11 16:56:35,20781,9.466339,0.23089837,-2.550586
2018-09-11 16:56:35,20801,9.472534,0.24174081,-2.5264688
2018-09-11 16:56:35,20822,9.472441,0.24804229,-2.526206
2018-09-11 16:56:35,20841,9.459218,0.24871469,-2.5752122
2018-09-11 16:56:35,20861,9.454582,0.257434,-2.5913298
2018-09-11 16:56:35,20881,9.457014,0.27887613,-2.5802097
2018-09-11 16:56:35,20902,9.45026,0.2900721,-2.6036162
2018-09-11 16:56:35,20921,9.4400215,0.29475036,-2.639983
2018-09-11 16:56:35,20941,9.434196,0.30904728,-2.6591015
2018-09-11 16:56:35,20961,9.439188,0.33314463,-2.638396
2018-09-11 16:56:35,20982,9.452029,0.35395032,-2.5892549
2018-09-11 16:56:35,21001,9.453674,0.3676085,-2.581337
2018-09-11 16:56:35,21021,9.446483,0.36338744,-2.6081226
2018-09-11 16:56:35,21041,9.44982,0.36710528,-2.5954819
2018-09-11 16:56:35,21062,9.4691515,0.38784847,-2.5209415
2018-09-11 16:56:35,21081,9.4869175,0.4042394,-2.450586
2018-09-11 16:56:35,21101,9.498551,0.39656362,-2.4063766
2018-09-11 16:56:35,21121,9.504553,0.36720738,-2.3872626
2018-09-11 16:56:35,21141,9.517897,0.33278224,-2.3386486
2018-09-11 16:56:35,21162,9.535351,0.30415797,-2.270456
2018-09-11 16:56:35,21181,9.54774,0.26802725,-2.222434
2018-09-11 16:56:35,21201,9.57022,0.22080557,-2.1289732
2018-09-11 16:56:35,21221,9.588242,0.17010024,-2.0511155
2018-09-11 16:56:35,21242,9.588043,0.09586782,-2.0568476
2018-09-11 16:56:35,21261,9.584157,0.027505742,-2.0769083
2018-09-11 16:56:35,21281,9.589676,-0.019687738,-2.0513675
2018-09-11 16:56:35,21302,9.594126,-0.05681596,-2.0297515
2018-09-11 16:56:35,21321,9.588043,-0.101243995,-2.0565898
2018-09-11 16:56:35,21341,9.576044,-0.144401,-2.1092446
2018-09-11 16:56:35,21361,9.570765,-0.17897166,-2.130454
2018-09-11 16:56:35,21381,9.567706,-0.21181323,-2.1411517
2018-09-11 16:56:35,21402,9.556985,-0.2385204,-2.1857564
2018-09-11 16:56:35,21421,9.543152,-0.24868226,-2.2442796
2018-09-11 16:56:35,21441,9.545198,-0.23649387,-2.23688
2018-09-11 16:56:35,21461,9.557321,-0.20477061,-2.1877098
2018-09-11 16:56:35,21481,9.563861,-0.1616382,-2.162601
2018-09-11 16:56:35,21502,9.558446,-0.114412606,-2.1893892
2018-09-11 16:56:35,21521,9.54593,-0.068932764,-2.2451892
2018-09-11 16:56:35,21541,9.546273,-0.018710084,-2.244706
2018-09-11 16:56:35,21561,9.564213,0.053554546,-2.1664152
2018-09-11 16:56:35,21582,9.576671,0.12630363,-2.107558
2018-09-11 16:56:35,21601,9.580083,0.18451414,-2.0876694
2018-09-11 16:56:35,21621,9.580712,0.21922833,-2.0814126
2018-09-11 16:56:35,21641,9.576673,0.24407886,-2.0971801
2018-09-11 16:56:36,21662,9.581183,0.28119478,-2.0717738
2018-09-11 16:56:36,21681,9.59039,0.3263499,-2.0219536
2018-09-11 16:56:36,21701,9.595633,0.3585857,-1.9913934
2018-09-11 16:56:36,21722,9.594191,0.36830443,-1.9965613
2018-09-11 16:56:36,21741,9.588571,0.3646314,-2.0240417
2018-09-11 16:56:36,21761,9.582633,0.3595932,-2.0528588
2018-09-11 16:56:36,21782,9.57662,0.3514728,-2.0821128
2018-09-11 16:56:36,21801,9.572752,0.34066617,-2.1016092
2018-09-11 16:56:36,21821,9.571927,0.32819548,-2.107341
2018-09-11 16:56:36,21841,9.569891,0.31339043,-2.1188145
2018-09-11 16:56:36,21861,9.565689,0.29336655,-2.1405425
2018-09-11 16:56:36,21881,9.563577,0.27132174,-2.1528533
2018-09-11 16:56:36,21901,9.5653305,0.253603,-2.1472125
2018-09-11 16:56:36,21922,9.5677805,0.24143203,-2.1376808
2018-09-11 16:56:36,21941,9.572397,0.2342293,-2.1177213
2018-09-11 16:56:36,21962,9.577643,0.22761777,-2.0945978
2018-09-11 16:56:36,21981,9.582016,0.22392082,-2.0749013
2018-09-11 16:56:36,22001,9.586355,0.2240878,-2.0547385
2018-09-11 16:56:36,22021,9.592593,0.22917394,-2.0248497
2018-09-11 16:56:36,22041,9.598411,0.23545295,-1.9963623
2018-09-11 16:56:36,22061,9.604859,0.24453753,-1.9639946
2018-09-11 16:56:36,22081,9.610465,0.25088617,-1.9355634
2018-09-11 16:56:36,22102,9.615197,0.25662985,-1.9111519
2018-09-11 16:56:36,22121,9.618082,0.2614561,-1.8959252
2018-09-11 16:56:36,22141,9.6207485,0.26995495,-1.8811457
2018-09-11 16:56:36,22161,9.620983,0.27467516,-1.8792613
2018-09-11 16:56:36,22182,9.62141,0.27453318,-1.8770937
2018-09-11 16:56:36,22201,9.620138,0.2706139,-1.8841691
2018-09-11 16:56:36,22221,9.618816,0.2688684,-1.8911575
2018-09-11 16:56:36,22241,9.620629,0.27476713,-1.8810586
2018-09-11 16:56:36,22262,9.623367,0.28273243,-1.86581
2018-09-11 16:56:36,22281,9.6223345,0.28591722,-1.8706474
2018-09-11 16:56:36,22301,9.618668,0.2831623,-1.8898231
2018-09-11 16:56:36,22322,9.6165,0.28012067,-1.9012787
2018-09-11 16:56:36,22341,9.616168,0.28175625,-1.9027101
2018-09-11 16:56:36,22361,9.615707,0.28362206,-1.9047614
2018-09-11 16:56:36,22381,9.614302,0.27914506,-1.9125042
2018-09-11 16:56:36,22401,9.616301,0.27328166,-1.9032829
2018-09-11 16:56:36,22422,9.619575,0.26685083,-1.8875867
2018-09-11 16:56:36,22441,9.624269,0.2672062,-1.8634473
2018-09-11 16:56:36,22461,9.6291685,0.2715451,-1.8373269
2018-09-11 16:56:36,22481,9.630418,0.27202636,-1.8306953
2018-09-11 16:56:36,22502,9.62994,0.27113685,-1.8333356
2018-09-11 16:56:36,22521,9.6331835,0.27671283,-1.8153784
2018-09-11 16:56:36,22541,9.636336,0.28392273,-1.7974384
2018-09-11 16:56:36,22562,9.635355,0.28607398,-1.8023574
2018-09-11 16:56:36,22581,9.635277,0.29147363,-1.8019048
2018-09-11 16:56:36,22601,9.63646,0.30222398,-1.7937897
2018-09-11 16:56:36,22621,9.635086,0.3096104,-1.7998998
2018-09-11 16:56:36,22642,9.631935,0.3144926,-1.815846
2018-09-11 16:56:37,22661,9.628815,0.31267345,-1.8326324
2018-09-11 16:56:37,22681,9.627664,0.30521798,-1.839922
2018-09-11 16:56:37,22701,9.629317,0.30263183,-1.8316803
2018-09-11 16:56:37,22721,9.632108,0.30290002,-1.8169036
2018-09-11 16:56:37,22742,9.632848,0.29922038,-1.81359
2018-09-11 16:56:37,22761,9.633992,0.2923186,-1.8086282
2018-09-11 16:56:37,22781,9.636333,0.28883293,-1.7966732
2018-09-11 16:56:37,22801,9.637414,0.2852827,-1.7914342
2018-09-11 16:56:37,22821,9.637916,0.28533942,-1.7887244
2018-09-11 16:56:37,22842,9.636418,0.2836822,-1.7970368
2018-09-11 16:56:37,22861,9.6331625,0.2770728,-1.8154322
2018-09-11 16:56:37,22881,9.630648,0.27305543,-1.8293328
2018-09-11 16:56:37,22901,9.628247,0.2721494,-1.8420557
2018-09-11 16:56:37,22922,9.625251,0.26947755,-1.8580449
2018-09-11 16:56:37,22941,9.624362,0.2690188,-1.862707
2018-09-11 16:56:37,22961,9.624157,0.26828825,-1.8638707
2018-09-11 16:56:37,22981,9.623135,0.26440558,-1.8696997
2018-09-11 16:56:37,23002,9.6203375,0.25594565,-1.8852026
2018-09-11 16:56:37,23021,9.620224,0.25023982,-1.8865513
2018-09-11 16:56:37,23041,9.624117,0.24352707,-1.8674735
2018-09-11 16:56:37,23062,9.63067,0.249258,-1.8326098
2018-09-11 16:56:37,23081,9.637414,0.26007628,-1.7952734
2018-09-11 16:56:37,23101,9.640009,0.26481083,-1.7805911
2018-09-11 16:56:37,23122,9.639458,0.26239306,-1.7839284
2018-09-11 16:56:37,23141,9.6395235,0.2646556,-1.7832344
2018-09-11 16:56:37,23161,9.640996,0.27423656,-1.7737998
2018-09-11 16:56:37,23182,9.641554,0.2847528,-1.7691065
2018-09-11 16:56:37,23201,9.64027,0.28763998,-1.7756273
2018-09-11 16:56:37,23222,9.635046,0.2803514,-1.8049062
2018-09-11 16:56:37,23241,9.628383,0.27204362,-1.8413634
2018-09-11 16:56:37,23261,9.62831,0.27852163,-1.840779
2018-09-11 16:56:37,23281,9.629375,0.28541607,-1.834137
2018-09-11 16:56:37,23302,9.624738,0.27615362,-1.859715
2018-09-11 16:56:37,23321,9.619827,0.2650077,-1.8865521
2018-09-11 16:56:37,23341,9.61977,0.2627182,-1.8871611
2018-09-11 16:56:37,23362,9.621381,0.26241833,-1.8789803
2018-09-11 16:56:37,23381,9.621008,0.2574539,-1.8815675
2018-09-11 16:56:37,23402,9.621984,0.25109687,-1.877434
2018-09-11 16:56:37,23421,9.627324,0.25662288,-1.8490944
2018-09-11 16:56:37,23441,9.6328945,0.26681927,-1.8183948
2018-09-11 16:56:37,23461,9.6335945,0.2702142,-1.8141751
2018-09-11 16:56:37,23482,9.633624,0.26825094,-1.8143119
2018-09-11 16:56:37,23501,9.636264,0.26995385,-1.7999817
2018-09-11 16:56:37,23522,9.639782,0.26702943,-1.7814883
2018-09-11 16:56:37,23541,9.6419935,0.26085454,-1.770401
2018-09-11 16:56:37,23561,9.6434765,0.25969514,-1.7624665
2018-09-11 16:56:37,23581,9.645073,0.26135996,-1.753468
2018-09-11 16:56:37,23601,9.647117,0.26563898,-1.741542
2018-09-11 16:56:37,23621,9.645887,0.26502746,-1.7484256
2018-09-11 16:56:37,23642,9.640563,0.25332174,-1.7792617
2018-09-11 16:56:38,23661,9.639144,0.24963169,-1.7874527
2018-09-11 16:56:38,23682,9.641247,0.25215653,-1.7757151
2018-09-11 16:56:38,23701,9.640118,0.24772668,-1.7824583
2018-09-11 16:56:38,23721,9.637507,0.24131392,-1.7973876
2018-09-11 16:56:38,23741,9.639586,0.24783988,-1.7853134
2018-09-11 16:56:38,23762,9.640076,0.2531894,-1.7819208
2018-09-11 16:56:38,23781,9.637723,0.24792413,-1.7953318
2018-09-11 16:56:38,23801,9.636295,0.239571,-1.8041013
2018-09-11 16:56:38,23822,9.640039,0.24616799,-1.7830938
2018-09-11 16:56:38,23841,9.643692,0.2511568,-1.7625295
2018-09-11 16:56:38,23861,9.643903,0.24294508,-1.7625238
2018-09-11 16:56:38,23882,9.643819,0.23532726,-1.7640207
2018-09-11 16:56:38,23901,9.651089,0.24402712,-1.7225952
2018-09-11 16:56:38,23921,9.6580305,0.25409955,-1.6817524
2018-09-11 16:56:38,23941,9.658026,0.24992971,-1.6824002
2018-09-11 16:56:38,23962,9.656719,0.24267976,-1.6909395
2018-09-11 16:56:38,23981,9.659893,0.24503441,-1.6723657
2018-09-11 16:56:38,24001,9.664754,0.25045872,-1.6432204
2018-09-11 16:56:38,24022,9.665426,0.24883285,-1.6395109
2018-09-11 16:56:38,24041,9.664854,0.24322063,-1.6437265
2018-09-11 16:56:38,24061,9.668107,0.24613306,-1.6240424
2018-09-11 16:56:38,24082,9.669566,0.25127596,-1.6145369
2018-09-11 16:56:38,24101,9.668532,0.25015327,-1.6208928
2018-09-11 16:56:38,24121,9.667379,0.24481702,-1.6285659
2018-09-11 16:56:38,24142,9.666572,0.2456833,-1.6332216
2018-09-11 16:56:38,24161,9.667373,0.24997291,-1.6278275
2018-09-11 16:56:38,24181,9.66534,0.25132713,-1.6396389
2018-09-11 16:56:38,24201,9.66422,0.25664356,-1.6454083
2018-09-11 16:56:38,24221,9.67265,0.2678833,-1.593253
2018-09-11 16:56:38,24241,9.674848,0.25452524,-1.5820547
2018-09-11 16:56:38,24262,9.6685095,0.21170464,-1.6264988
2018-09-11 16:56:38,24281,9.6713505,0.19569603,-1.6115425
2018-09-11 16:56:38,24302,9.677291,0.21775147,-1.5725862
2018-09-11 16:56:38,24321,9.683931,0.24124952,-1.5276343
2018-09-11 16:56:38,24342,9.688746,0.257018,-1.4941624
2018-09-11 16:56:38,24361,9.683659,0.24777925,-1.5283221
2018-09-11 16:56:38,24381,9.675898,0.22859307,-1.5796044
2018-09-11 16:56:38,24402,9.672059,0.2328041,-1.6023324
2018-09-11 16:56:38,24421,9.672668,0.23496746,-1.598337
2018-09-11 16:56:38,24441,9.672476,0.2320622,-1.599925
2018-09-11 16:56:38,24461,9.675369,0.2282852,-1.5828779
2018-09-11 16:56:38,24481,9.678143,0.23752879,-1.56445
2018-09-11 16:56:38,24501,9.676665,0.24587111,-1.5722861
2018-09-11 16:56:38,24521,9.680806,0.25983194,-1.5443014
2018-09-11 16:56:38,24541,9.687414,0.2800278,-1.4986619
2018-09-11 16:56:38,24562,9.686257,0.26865262,-1.5081855
2018-09-11 16:56:38,24581,9.684881,0.2643593,-1.5177534
2018-09-11 16:56:38,24601,9.685183,0.27718517,-1.5135276
2018-09-11 16:56:38,24621,9.685715,0.29423463,-1.5068996
2018-09-11 16:56:38,24641,9.687716,0.32196665,-1.4882524
2018-09-11 16:56:39,24662,9.685823,0.3266987,-1.499494
2018-09-11 16:56:39,24681,9.677381,0.31087142,-1.5562907
2018-09-11 16:56:39,24701,9.667854,0.28497675,-1.6191877
2018-09-11 16:56:39,24721,9.660519,0.2682328,-1.6651809
2018-09-11 16:56:39,24741,9.658423,0.26155275,-1.6783375
2018-09-11 16:56:39,24761,9.659474,0.2639309,-1.6719122
2018-09-11 16:56:39,24782,9.659166,0.264897,-1.6735407
2018-09-11 16:56:39,24801,9.656517,0.26013848,-1.6894959
2018-09-11 16:56:39,24821,9.655778,0.256843,-1.6942164
2018-09-11 16:56:39,24841,9.656877,0.24633908,-1.6895056
2018-09-11 16:56:39,24862,9.655913,0.22885722,-1.6974561
2018-09-11 16:56:39,24881,9.659193,0.2182112,-1.6801037
2018-09-11 16:56:39,24901,9.668134,0.2247543,-1.6269785
2018-09-11 16:56:39,24922,9.673934,0.22897416,-1.591527
2018-09-11 16:56:39,24941,9.674659,0.22269769,-1.5880075
2018-09-11 16:56:39,24961,9.678047,0.22054973,-1.5675249
2018-09-11 16:56:39,24981,9.684008,0.2275636,-1.5292517
2018-09-11 16:56:39,25002,9.686346,0.2359329,-1.5130873
2018-09-11 16:56:39,25021,9.686533,0.23859583,-1.5114765
2018-09-11 16:56:39,25041,9.687667,0.23668031,-1.5044869
2018-09-11 16:56:39,25062,9.688988,0.23767704,-1.4958018
2018-09-11 16:56:39,25081,9.689249,0.2376278,-1.4941169
2018-09-11 16:56:39,25101,9.686776,0.23051426,-1.5111654
2018-09-11 16:56:39,25121,9.686294,0.22529373,-1.515037
2018-09-11 16:56:39,25142,9.689866,0.2273779,-1.491703
2018-09-11 16:56:39,25161,9.69207,0.22637945,-1.4774668
2018-09-11 16:56:39,25181,9.691231,0.2248648,-1.4832016
2018-09-11 16:56:39,25202,9.691189,0.23015626,-1.482661
2018-09-11 16:56:39,25221,9.6928425,0.23604876,-1.4708765
2018-09-11 16:56:39,25241,9.69394,0.23953909,-1.4630568
2018-09-11 16:56:39,25261,9.696243,0.24210769,-1.447282
2018-09-11 16:56:39,25281,9.699167,0.24905546,-1.4263583
2018-09-11 16:56:39,25302,9.700666,0.25239575,-1.4155456
2018-09-11 16:56:39,25321,9.701385,0.24343717,-1.4121853
2018-09-11 16:56:39,25341,9.702226,0.22437859,-1.409556
2018-09-11 16:56:39,25361,9.707553,0.22593296,-1.3721344
2018-09-11 16:56:39,25381,9.713243,0.2281711,-1.3308861
2018-09-11 16:56:39,25402,9.711836,0.21292302,-1.3436121
2018-09-11 16:56:39,25421,9.712205,0.2056047,-1.342084
2018-09-11 16:56:39,25441,9.718879,0.20597681,-1.2928091
2018-09-11 16:56:39,25461,9.721126,0.20156905,-1.2765032
2018-09-11 16:56:39,25481,9.722084,0.18788189,-1.2712879
2018-09-11 16:56:39,25502,9.722651,0.17534532,-1.2687384
2018-09-11 16:56:39,25521,9.723223,0.1527503,-1.2672769
2018-09-11 16:56:39,25541,9.725057,0.12893121,-1.2558028
2018-09-11 16:56:39,25561,9.727882,0.112271465,-1.2353464
2018-09-11 16:56:39,25581,9.728869,0.09314943,-1.2291489
2018-09-11 16:56:39,25602,9.728024,0.0777716,-1.2368895
2018-09-11 16:56:39,25621,9.728927,0.06581092,-1.2304621
2018-09-11 16:56:39,25642,9.727123,0.058005568,-1.2450327
2018-09-11 16:56:40,25661,9.72434,0.050773177,-1.2668926
2018-09-11 16:56:40,25681,9.725629,0.055643845,-1.2567528
2018-09-11 16:56:40,25702,9.725053,0.05841221,-1.2610804
2018-09-11 16:56:40,25721,9.723148,0.057324603,-1.2757281
2018-09-11 16:56:40,25741,9.727175,0.07446952,-1.2437481
2018-09-11 16:56:40,25762,9.728062,0.08342696,-1.2362216
2018-09-11 16:56:40,25781,9.7249975,0.08954342,-1.2596779
2018-09-11 16:56:40,25801,9.721016,0.084767886,-1.2903649
2018-09-11 16:56:40,25821,9.7183485,0.08050395,-1.3105754
2018-09-11 16:56:40,25842,9.718783,0.07752024,-1.307528
2018-09-11 16:56:40,25861,9.719088,0.07225497,-1.3055688
2018-09-11 16:56:40,25881,9.720322,0.07964578,-1.295914
2018-09-11 16:56:40,25901,9.720664,0.07969037,-1.2933333
2018-09-11 16:56:40,25922,9.718355,0.06591098,-1.3113468
2018-09-11 16:56:40,25941,9.718446,0.050972443,-1.3113291
2018-09-11 16:56:40,25962,9.720186,0.04548135,-1.2985715
2018-09-11 16:56:40,25981,9.721558,0.04050617,-1.2884393
2018-09-11 16:56:40,26002,9.722215,0.031571124,-1.2837143
2018-09-11 16:56:40,26021,9.723472,0.031470302,-1.2741725
2018-09-11 16:56:40,26041,9.721678,0.015203898,-1.288076
2018-09-11 16:56:40,26062,9.719205,0.001233319,-1.3066943
2018-09-11 16:56:40,26081,9.720339,-0.004438172,-1.298216
2018-09-11 16:56:40,26101,9.721489,-0.0073576085,-1.2895662
2018-09-11 16:56:40,26121,9.716839,-0.01786481,-1.3240539
2018-09-11 16:56:40,26142,9.713677,-0.027800977,-1.3468791
2018-09-11 16:56:40,26161,9.711932,-0.034320835,-1.3592602
2018-09-11 16:56:40,26181,9.709146,-0.049601354,-1.3785597
2018-09-11 16:56:40,26201,9.710132,-0.04703054,-1.3716904
2018-09-11 16:56:40,26221,9.711686,-0.04456262,-1.360722
2018-09-11 16:56:40,26242,9.708757,-0.054403525,-1.3811064
2018-09-11 16:56:40,26261,9.705577,-0.0656591,-1.4028059
2018-09-11 16:56:40,26281,9.705535,-0.071668595,-1.4027972
2018-09-11 16:56:40,26302,9.708034,-0.067514025,-1.3856074
2018-09-11 16:56:40,26321,9.708923,-0.06882124,-1.3792945
2018-09-11 16:56:40,26341,9.711564,-0.06581164,-1.360725
2018-09-11 16:56:40,26362,9.712496,-0.06710078,-1.3539993
2018-09-11 16:56:40,26381,9.710502,-0.07749217,-1.3676748
2018-09-11 16:56:40,26401,9.710456,-0.087315135,-1.3674104
2018-09-11 16:56:40,26421,9.714326,-0.08144496,-1.3400085
2018-09-11 16:56:40,26441,9.715773,-0.07893398,-1.3296324
2018-09-11 16:56:40,26461,9.7154,-0.08108904,-1.3322253
2018-09-11 16:56:40,26481,9.716282,-0.08299832,-1.3256625
2018-09-11 16:56:40,26501,9.715748,-0.08786915,-1.3292487
2018-09-11 16:56:40,26521,9.714632,-0.09056504,-1.337209
2018-09-11 16:56:40,26541,9.715452,-0.08524828,-1.3315868
2018-09-11 16:56:40,26562,9.714835,-0.08558927,-1.3360533
2018-09-11 16:56:40,26581,9.710801,-0.096348345,-1.3643535
2018-09-11 16:56:40,26601,9.709111,-0.097389616,-1.376249
2018-09-11 16:56:40,26621,9.710097,-0.09406395,-1.3695043
2018-09-11 16:56:40,26642,9.706155,-0.101607695,-1.396649
2018-09-11 16:56:41,26661,9.7027235,-0.11404121,-1.419347
2018-09-11 16:56:41,26681,9.704966,-0.115138784,-1.4038476
2018-09-11 16:56:41,26701,9.707014,-0.11372988,-1.389725
2018-09-11 16:56:41,26722,9.706358,-0.115448,-1.3941634
2018-09-11 16:56:41,26741,9.706562,-0.11265945,-1.3929647
2018-09-11 16:56:41,26761,9.70688,-0.11079624,-1.3909023
2018-09-11 16:56:41,26781,9.705101,-0.11666958,-1.402773
2018-09-11 16:56:41,26802,9.707365,-0.119058594,-1.3868148
2018-09-11 16:56:41,26821,9.7127905,-0.1173315,-1.348448
2018-09-11 16:56:41,26841,9.713182,-0.12746629,-1.3447031
2018-09-11 16:56:41,26861,9.710852,-0.14183311,-1.3600097
2018-09-11 16:56:41,26882,9.7145405,-0.1480834,-1.3327295
2018-09-11 16:56:41,26901,9.7165985,-0.14857094,-1.3175886
2018-09-11 16:56:41,26921,9.717876,-0.15421887,-1.3074708
2018-09-11 16:56:41,26942,9.716095,-0.16309637,-1.3195806
2018-09-11 16:56:41,26961,9.712303,-0.17541622,-1.3456517
2018-09-11 16:56:41,26982,9.7102375,-0.18213026,-1.3595935
2018-09-11 16:56:41,27001,9.709634,-0.180744,-1.3640879
2018-09-11 16:56:41,27022,9.702863,-0.1903593,-1.4101764
2018-09-11 16:56:41,27041,9.697349,-0.19912209,-1.4464324
2018-09-11 16:56:41,27061,9.694065,-0.19818534,-1.4684051
2018-09-11 16:56:41,27081,9.690732,-0.19752087,-1.490327
2018-09-11 16:56:41,27102,9.683372,-0.20678535,-1.536212
2018-09-11 16:56:41,27121,9.678224,-0.21439421,-1.567294
2018-09-11 16:56:41,27141,9.679792,-0.2174492,-1.5571499
2018-09-11 16:56:41,27161,9.679954,-0.21714865,-1.5561877
2018-09-11 16:56:41,27182,9.673717,-0.22193575,-1.5938466
2018-09-11 16:56:41,27201,9.669506,-0.21923907,-1.6195564
2018-09-11 16:56:41,27221,9.673819,-0.20470713,-1.5955312
2018-09-11 16:56:41,27242,9.680161,-0.19678827,-1.5576055
2018-09-11 16:56:41,27261,9.68028,-0.19916052,-1.5565729
2018-09-11 16:56:41,27281,9.671472,-0.21816188,-1.6079265
2018-09-11 16:56:41,27301,9.663971,-0.24097185,-1.6492361
2018-09-11 16:56:41,27322,9.668086,-0.24385203,-1.6245087
2018-09-11 16:56:41,27341,9.672175,-0.24326417,-1.6000739
2018-09-11 16:56:41,27361,9.670809,-0.24376626,-1.6082374
2018-09-11 16:56:41,27381,9.669586,-0.24324028,-1.6156529
2018-09-11 16:56:41,27402,9.667337,-0.24571937,-1.6286796
2018-09-11 16:56:41,27421,9.663869,-0.25379938,-1.6479069
2018-09-11 16:56:41,27441,9.66447,-0.25927663,-1.6435282
2018-09-11 16:56:41,27462,9.671525,-0.25291085,-1.6025058
2018-09-11 16:56:41,27481,9.675164,-0.24559359,-1.5815382
2018-09-11 16:56:41,27501,9.668741,-0.24816315,-1.6199553
2018-09-11 16:56:41,27521,9.66302,-0.2552141,-1.6526641
2018-09-11 16:56:41,27542,9.664683,-0.25890234,-1.6423285
2018-09-11 16:56:41,27561,9.671555,-0.25738683,-1.6016135
2018-09-11 16:56:41,27582,9.674045,-0.25927052,-1.586203
2018-09-11 16:56:41,27601,9.673789,-0.2602324,-1.5875977
2018-09-11 16:56:41,27622,9.672377,-0.26405963,-1.5955552
2018-09-11 16:56:41,27641,9.667002,-0.2638613,-1.6278312
2018-09-11 16:56:42,27661,9.666671,-0.25647503,-1.6309797
2018-09-11 16:56:42,27682,9.668206,-0.25206104,-1.6225395
2018-09-11 16:56:42,27701,9.665035,-0.25418594,-1.6409944
2018-09-11 16:56:42,27721,9.664303,-0.25802386,-1.6447054
2018-09-11 16:56:42,27741,9.666657,-0.2577763,-1.6308539
2018-09-11 16:56:42,27762,9.665657,-0.2603884,-1.6363567
2018-09-11 16:56:42,27781,9.662028,-0.27238458,-1.655718
2018-09-11 16:56:42,27801,9.661561,-0.278363,-1.6574476
2018-09-11 16:56:42,27821,9.667682,-0.28558674,-1.6201128
2018-09-11 16:56:42,27841,9.666741,-0.28583914,-1.625672
2018-09-11 16:56:42,27862,9.652079,-0.28082076,-1.7114007
2018-09-11 16:56:42,27881,9.6445055,-0.27784872,-1.7540562
2018-09-11 16:56:42,27901,9.645572,-0.28012884,-1.7478184
2018-09-11 16:56:42,27921,9.643488,-0.27955604,-1.7593651
2018-09-11 16:56:42,27942,9.639727,-0.28430492,-1.7791129
2018-09-11 16:56:42,27961,9.641078,-0.3075769,-1.7678839
2018-09-11 16:56:42,27981,9.646036,-0.3689441,-1.7286597
2018-09-11 16:56:42,28001,9.655313,-0.43067512,-1.6612834
2018-09-11 16:56:42,28021,9.671544,-0.4572165,-1.5564654
2018-09-11 16:56:42,28041,9.688092,-0.4760551,-1.4438229
2018-09-11 16:56:42,28062,9.685096,-0.49332917,-1.4580575
2018-09-11 16:56:42,28081,9.684942,-0.44277653,-1.4752058
2018-09-11 16:56:42,28101,9.70097,-0.42236182,-1.3722858
2018-09-11 16:56:42,28121,9.694863,-0.4230962,-1.4145713
2018-09-11 16:56:42,28142,9.698628,-0.41133705,-1.3920456
2018-09-11 16:56:42,28161,9.712974,-0.3792806,-1.2979491
2018-09-11 16:56:42,28181,9.722268,-0.35085022,-1.234828
2018-09-11 16:56:42,28201,9.718546,-0.33006948,-1.2693697
2018-09-11 16:56:42,28222,9.717356,-0.29924834,-1.2860168
2018-09-11 16:56:42,28241,9.728016,-0.26029417,-1.2117511
2018-09-11 16:56:42,28261,9.733255,-0.24018276,-1.1732256
2018-09-11 16:56:42,28282,9.72962,-0.24424766,-1.2021765
2018-09-11 16:56:42,28301,9.737049,-0.21196976,-1.1468793
2018-09-11 16:56:42,28321,9.755275,-0.13495521,-0.9933702
2018-09-11 16:56:42,28341,9.761458,-0.06919224,-0.93784606
2018-09-11 16:56:42,28362,9.760233,-0.04098666,-0.9521415
2018-09-11 16:56:42,28381,9.759097,-0.023251494,-0.964297
2018-09-11 16:56:42,28401,9.754139,-0.015223965,-1.0133706
2018-09-11 16:56:42,28422,9.744018,-0.030965298,-1.1061373
2018-09-11 16:56:42,28441,9.734877,-0.051051255,-1.1831983
2018-09-11 16:56:42,28461,9.728495,-0.081855714,-1.2329202
2018-09-11 16:56:42,28482,9.731334,-0.105872035,-1.2084304
2018-09-11 16:56:42,28501,9.737423,-0.1326223,-1.1555886
2018-09-11 16:56:42,28521,9.735811,-0.16122736,-1.1654923
2018-09-11 16:56:42,28542,9.7291565,-0.173423,-1.2181228
2018-09-11 16:56:42,28561,9.733931,-0.15597194,-1.1817986
2018-09-11 16:56:42,28581,9.738982,-0.15243542,-1.139904
2018-09-11 16:56:42,28602,9.737597,-0.168375,-1.1494465
2018-09-11 16:56:42,28621,9.741217,-0.16556297,-1.1187793
2018-09-11 16:56:42,28641,9.752113,-0.11431959,-1.0264518
2018-09-11 16:56:43,28662,9.758317,-0.05060669,-0.97111934
2018-09-11 16:56:43,28681,9.752066,-0.017093562,-1.0331119
2018-09-11 16:56:43,28701,9.745948,-0.006688963,-1.0894145
2018-09-11 16:56:43,28721,9.747203,0.019009907,-1.0779896
2018-09-11 16:56:43,28742,9.744882,0.08404431,-1.0957227
2018-09-11 16:56:43,28761,9.740887,0.104462,-1.1289815
2018-09-11 16:56:43,28781,9.73055,0.10534233,-1.2147781
2018-09-11 16:56:43,28801,9.726973,0.13440473,-1.2403004
2018-09-11 16:56:43,28821,9.733647,0.16877247,-1.1823752
2018-09-11 16:56:43,28842,9.7444,0.18387148,-1.0877721
2018-09-11 16:56:43,28861,9.743678,0.15568067,-1.0985801
2018-09-11 16:56:43,28881,9.746677,0.13686697,-1.0742147
2018-09-11 16:56:43,28902,9.756125,0.11136403,-0.98792195
2018-09-11 16:56:43,28921,9.763478,0.08546396,-0.9151919
2018-09-11 16:56:43,28941,9.761639,0.03917507,-0.9376921
2018-09-11 16:56:43,28962,9.761813,-0.0063561583,-0.9366659
2018-09-11 16:56:43,28981,9.764097,-0.041742735,-0.9116282
2018-09-11 16:56:43,29001,9.768002,-0.07861482,-0.8662327
2018-09-11 16:56:43,29021,9.770565,-0.11445053,-0.8326767
2018-09-11 16:56:43,29042,9.768203,-0.16521439,-0.8516478
2018-09-11 16:56:43,29061,9.76465,-0.21962102,-0.87963825
2018-09-11 16:56:43,29081,9.761852,-0.24785672,-0.90287894
2018-09-11 16:56:43,29101,9.7564745,-0.27575225,-0.9516089
2018-09-11 16:56:43,29122,9.750288,-0.3000482,-1.0061009
2018-09-11 16:56:43,29141,9.749465,-0.29715014,-1.0148928
2018-09-11 16:56:43,29161,9.749308,-0.27766156,-1.021897
2018-09-11 16:56:43,29182,9.744305,-0.24470147,-1.0765934
2018-09-11 16:56:43,29201,9.735685,-0.2275976,-1.1554223
2018-09-11 16:56:43,29221,9.722598,-0.24040285,-1.2584397
2018-09-11 16:56:43,29241,9.706113,-0.23564118,-1.3806661
2018-09-11 16:56:43,29262,9.682034,-0.23261654,-1.5409433
2018-09-11 16:56:43,29281,9.666458,-0.22576407,-1.6367693
2018-09-11 16:56:43,29301,9.66218,-0.20419829,-1.6646245
2018-09-11 16:56:43,29322,9.653801,-0.15521686,-1.7176725
2018-09-11 16:56:43,29341,9.643444,-0.12442684,-1.7773308
2018-09-11 16:56:43,29362,9.636162,-0.11637612,-1.8169293
2018-09-11 16:56:43,29381,9.642049,-0.114658676,-1.7855343
2018-09-11 16:56:43,29401,9.6535845,-0.10854935,-1.7224708
2018-09-11 16:56:43,29421,9.666228,-0.073321305,-1.651982
2018-09-11 16:56:43,29442,9.674211,-0.036950693,-1.6058223
2018-09-11 16:56:43,29461,9.680755,-0.012622365,-1.5662731
2018-09-11 16:56:43,29481,9.686418,0.01650906,-1.5308259
2018-09-11 16:56:43,29501,9.687774,0.05729768,-1.5212303
2018-09-11 16:56:43,29522,9.688237,0.074996695,-1.5175015
2018-09-11 16:56:43,29541,9.68677,0.08699302,-1.5262041
2018-09-11 16:56:43,29561,9.681486,0.09587282,-1.5588522
2018-09-11 16:56:43,29581,9.668194,0.106593154,-1.6386145
2018-09-11 16:56:43,29601,9.6514435,0.13920918,-1.7322338
2018-09-11 16:56:43,29622,9.638952,0.16727607,-1.7980568
2018-09-11 16:56:43,29641,9.63284,0.17770752,-1.8295339
2018-09-11 16:56:44,29661,9.632183,0.17825791,-1.8329312
2018-09-11 16:56:44,29682,9.630689,0.1769356,-1.840907
2018-09-11 16:56:44,29701,9.626533,0.1559894,-1.8643855
2018-09-11 16:56:44,29721,9.622262,0.1287982,-1.8883531
2018-09-11 16:56:44,29741,9.622809,0.098803066,-1.8873692
2018-09-11 16:56:44,29762,9.62536,0.088681735,-1.8748294
2018-09-11 16:56:44,29781,9.629576,0.09326835,-1.8528253
2018-09-11 16:56:44,29801,9.634671,0.10629575,-1.8254298
2018-09-11 16:56:44,29821,9.639562,0.11790467,-1.7986989
2018-09-11 16:56:44,29841,9.64396,0.12047295,-1.7747979
2018-09-11 16:56:44,29861,9.649938,0.109171905,-1.7427484
2018-09-11 16:56:44,29882,9.655676,0.09544399,-1.7114873
2018-09-11 16:56:44,29901,9.659499,0.09047801,-1.6900548
2018-09-11 16:56:44,29921,9.658842,0.08728788,-1.693969
2018-09-11 16:56:44,29942,9.655193,0.0863525,-1.7146878
2018-09-11 16:56:44,29961,9.64995,0.08753337,-1.7438997
2018-09-11 16:56:44,29981,9.643218,0.09251423,-1.7805009
2018-09-11 16:56:44,30002,9.634134,0.09061832,-1.8291054
2018-09-11 16:56:44,30021,9.625969,0.09245812,-1.8715177
2018-09-11 16:56:44,30041,9.621816,0.09391045,-1.892677
2018-09-11 16:56:44,30062,9.618472,0.093051024,-1.909638
2018-09-11 16:56:44,30081,9.6139765,0.101290524,-1.9317322
2018-09-11 16:56:44,30101,9.608966,0.11031166,-1.9560145
2018-09-11 16:56:44,30122,9.603224,0.1162246,-1.9836787
2018-09-11 16:56:44,30141,9.597587,0.11936271,-2.0105898
2018-09-11 16:56:44,30161,9.591604,0.124799095,-2.0386107
2018-09-11 16:56:44,30181,9.587042,0.13521461,-2.0593033
2018-09-11 16:56:44,30202,9.584185,0.14633997,-2.071806
2018-09-11 16:56:44,30221,9.581605,0.15243022,-2.0832675
2018-09-11 16:56:44,30241,9.580159,0.15897079,-2.0894186
2018-09-11 16:56:44,30261,9.580198,0.17383787,-2.0880532
2018-09-11 16:56:44,30282,9.583355,0.19585057,-2.0715573
2018-09-11 16:56:44,30301,9.585877,0.20145579,-2.0593104
2018-09-11 16:56:44,30321,9.5873995,0.19808902,-2.0525365
2018-09-11 16:56:44,30341,9.589333,0.19432423,-2.0438495
2018-09-11 16:56:44,30361,9.59251,0.20194678,-2.0281394
2018-09-11 16:56:44,30382,9.595823,0.21261229,-2.011307
2018-09-11 16:56:44,30401,9.601298,0.22481218,-1.9836637
2018-09-11 16:56:44,30421,9.605886,0.23332824,-1.960325
2018-09-11 16:56:44,30441,9.615605,0.2501837,-1.9099578
2018-09-11 16:56:44,30462,9.625029,0.26734573,-1.8594986
2018-09-11 16:56:44,30481,9.633391,0.26928228,-1.8153936
2018-09-11 16:56:44,30501,9.64052,0.2564128,-1.7790488
2018-09-11 16:56:44,30521,9.64938,0.26683012,-1.728776
2018-09-11 16:56:44,30541,9.654881,0.2860703,-1.6946479
2018-09-11 16:56:44,30562,9.657317,0.28754127,-1.6804547
2018-09-11 16:56:44,30581,9.655865,0.28260213,-1.6896124
2018-09-11 16:56:44,30601,9.651452,0.29740536,-1.7121341
2018-09-11 16:56:44,30621,9.642698,0.3248135,-1.7559192
2018-09-11 16:56:44,30642,9.637442,0.32937625,-1.7837061
2018-09-11 16:56:45,30661,9.636054,0.31136382,-1.7944047
2018-09-11 16:56:45,30681,9.635744,0.28540367,-1.8003747
2018-09-11 16:56:45,30702,9.63688,0.2680401,-1.7969631
2018-09-11 16:56:45,30721,9.640212,0.27362055,-1.7781537
2018-09-11 16:56:45,30741,9.644428,0.30022606,-1.7507904
2018-09-11 16:56:45,30761,9.655013,0.32879698,-1.6861196
2018-09-11 16:56:45,30782,9.66325,0.36813858,-1.6298617
2018-09-11 16:56:45,30801,9.667077,0.43952,-1.5889708
2018-09-11 16:56:45,30821,9.659538,0.4996578,-1.6168011
2018-09-11 16:56:45,30842,9.6442,0.53843445,-1.6940653
2018-09-11 16:56:45,30861,9.629338,0.573095,-1.7657301
2018-09-11 16:56:45,30881,9.618221,0.60512257,-1.8149519
2018-09-11 16:56:45,30902,9.616856,0.56358,-1.8354441
2018-09-11 16:56:45,30921,9.635609,0.41193795,-1.7764428
2018-09-11 16:56:45,30941,9.638802,0.25896057,-1.7879695
2018-09-11 16:56:45,30962,9.628642,0.21021543,-1.8480984
2018-09-11 16:56:45,30981,9.605252,0.29889283,-1.954525
2018-09-11 16:56:45,31001,9.592376,0.43753186,-1.9913001
2018-09-11 16:56:45,31022,9.603103,0.5137526,-1.9201202
2018-09-11 16:56:45,31041,9.607039,0.59558827,-1.8762913
2018-09-11 16:56:45,31061,9.592291,0.6971219,-1.9163392
2018-09-11 16:56:45,31082,9.575516,0.7837848,-1.9661047
2018-09-11 16:56:45,31102,9.580607,0.796069,-1.936135
2018-09-11 16:56:45,31121,9.585815,0.8150182,-1.9021777
2018-09-11 16:56:45,31141,9.586275,0.83370394,-1.8917367
2018-09-11 16:56:45,31162,9.576616,0.8611403,-1.9280169
2018-09-11 16:56:45,31181,9.558876,0.89179486,-2.0007458
2018-09-11 16:56:45,31201,9.536856,0.96747714,-2.0694814
2018-09-11 16:56:45,31221,9.513406,1.0068456,-2.1567936
2018-09-11 16:56:45,31241,9.489548,1.0512296,-2.2391531
2018-09-11 16:56:45,31262,9.462063,1.1533966,-2.304218
2018-09-11 16:56:45,31281,9.443286,1.3419483,-2.2790165
2018-09-11 16:56:45,31301,9.435439,1.5766656,-2.15801
2018-09-11 16:56:45,31322,9.41732,1.7188758,-2.1283658
2018-09-11 16:56:45,31341,9.398407,1.7596735,-2.1780455
2018-09-11 16:56:45,31361,9.376664,1.8045237,-2.2343383
2018-09-11 16:56:45,31381,9.342024,1.830277,-2.3552258
2018-09-11 16:56:45,31402,9.293802,1.7941788,-2.564477
2018-09-11 16:56:45,31421,9.34342,1.7797282,-2.388192
2018-09-11 16:56:45,31441,9.335702,1.7975864,-2.4049442
2018-09-11 16:56:45,31461,9.343621,1.7987078,-2.3731368
2018-09-11 16:56:45,31481,9.358589,1.78795,-2.3217306
2018-09-11 16:56:45,31502,9.360396,1.7533103,-2.3407865
2018-09-11 16:56:45,31521,9.379284,1.7357602,-2.2774003
2018-09-11 16:56:45,31541,9.396256,1.7533753,-2.1923544
2018-09-11 16:56:45,31562,9.403608,1.7681158,-2.1485567
2018-09-11 16:56:45,31581,9.416013,1.7697581,-2.0921447
2018-09-11 16:56:45,31601,9.429882,1.7593416,-2.0377493
2018-09-11 16:56:45,31621,9.442862,1.7513069,-1.9838595
2018-09-11 16:56:45,31642,9.454091,1.7691047,-1.9133253
2018-09-11 16:56:46,31661,9.489011,1.7546095,-1.7465405
2018-09-11 16:56:46,31681,9.595472,1.5419337,-1.3113894
2018-09-11 16:56:46,31702,9.694718,1.2312645,-0.8165914
2018-09-11 16:56:46,31721,9.720309,1.0844657,-0.7140967
2018-09-11 16:56:46,31741,9.731911,1.0313443,-0.62978476
2018-09-11 16:56:46,31762,9.734998,1.0156652,-0.6071522
2018-09-11 16:56:46,31781,9.729611,1.0025535,-0.70706403
2018-09-11 16:56:46,31801,9.722518,1.0317168,-0.76064193
2018-09-11 16:56:46,31821,9.710371,1.0850441,-0.837709
2018-09-11 16:56:46,31842,9.687955,1.0882031,-1.0628844
2018-09-11 16:56:46,31861,9.688745,1.0483756,-1.0952296
2018-09-11 16:56:46,31881,9.692614,1.0047857,-1.1018351
2018-09-11 16:56:46,31902,9.687619,0.9612679,-1.1816944
2018-09-11 16:56:46,31921,9.680914,0.94543064,-1.2475809
2018-09-11 16:56:46,31941,9.66377,0.93319243,-1.3824255
2018-09-11 16:56:46,31961,9.644914,0.82441723,-1.5704646
2018-09-11 16:56:46,31981,9.621129,0.31924543,-1.8714533
2018-09-11 16:56:46,32001,9.58372,0.08799774,-2.0772448
2018-09-11 16:56:46,32021,9.564555,-0.076756276,-2.164204
2018-09-11 16:56:46,32041,9.546819,-0.68523484,-2.1352007
2018-09-11 16:56:46,32061,9.569132,-1.1068289,-1.8376687
2018-09-11 16:56:46,32081,9.561487,-1.4729034,-1.605905
2018-09-11 16:56:46,32102,9.520715,-1.8860105,-1.4033296
2018-09-11 16:56:46,32121,9.423256,-2.463983,-1.1408085
2018-09-11 16:56:46,32141,9.301394,-3.0264282,-0.7037025
2018-09-11 16:56:46,32162,9.177759,-3.4242022,-0.46256185
2018-09-11 16:56:46,32181,9.013685,-3.8586545,-0.18614745
2018-09-11 16:56:46,32201,8.804082,-4.3081703,0.3133615
2018-09-11 16:56:46,32222,8.641383,-4.5815105,0.711794
2018-09-11 16:56:46,32241,8.588062,-4.6369925,0.9559685
2018-09-11 16:56:46,32261,8.629294,-4.536472,1.0611676
2018-09-11 16:56:46,32281,8.72026,-4.350179,1.0969993
2018-09-11 16:56:46,32302,8.851314,-4.072087,1.114784
2018-09-11 16:56:46,32321,9.014235,-3.634077,1.3066963
2018-09-11 16:56:46,32341,9.173133,-3.043666,1.6613566
2018-09-11 16:56:46,32362,9.2729,-2.3440938,2.1653922
2018-09-11 16:56:46,32381,9.292385,-1.5420111,2.7284014
2018-09-11 16:56:46,32401,9.193792,-0.6674801,3.3464975
2018-09-11 16:56:46,32422,8.895811,0.25678083,4.1193447
2018-09-11 16:56:46,32441,8.258439,1.273402,5.132933
2018-09-11 16:56:46,32461,7.1989446,2.3592973,6.2273026
2018-09-11 16:56:46,32482,5.821556,3.4694295,7.0882254
2018-09-11 16:56:46,32501,4.6868367,4.401562,7.404741
2018-09-11 16:56:46,32521,3.8821268,5.1167974,7.4106584
2018-09-11 16:56:46,32542,3.4292662,5.515121,7.3480577
2018-09-11 16:56:46,32561,3.2500796,5.6389523,7.335502
2018-09-11 16:56:46,32582,2.986527,5.574252,7.4952483
2018-09-11 16:56:46,32601,2.5606253,5.374814,7.7926216
2018-09-11 16:56:46,32621,1.9429643,5.075507,8.162995
2018-09-11 16:56:46,32642,1.1261265,4.7555413,8.502179
2018-09-11 16:56:47,32662,0.8809023,4.584484,8.624205
2018-09-11 16:56:47,32681,0.7033307,4.4426403,8.714279
2018-09-11 16:56:47,32701,0.6580172,4.377984,8.750466
2018-09-11 16:56:47,32722,0.6376804,4.308589,8.786342
2018-09-11 16:56:47,32741,0.6086342,4.269,8.807701
2018-09-11 16:56:47,32762,0.56361854,4.2348657,8.827153
2018-09-11 16:56:47,32781,0.541351,4.2379475,8.827067
2018-09-11 16:56:47,32801,0.555281,4.2840834,8.803902
2018-09-11 16:56:47,32821,0.57235193,4.2963805,8.796813
2018-09-11 16:56:47,32842,0.5557898,4.2682014,8.81158
2018-09-11 16:56:47,32861,0.5365636,4.2403603,8.826201
2018-09-11 16:56:47,32881,0.53464293,4.221527,8.835341
2018-09-11 16:56:47,32901,0.54167074,4.2393446,8.826377
2018-09-11 16:56:47,32921,0.5397182,4.2980924,8.798039
2018-09-11 16:56:47,32942,0.5414577,4.4347205,8.729859
2018-09-11 16:56:47,32961,0.57102144,4.562798,8.661708
2018-09-11 16:56:47,32981,0.625956,4.5962725,8.640188
2018-09-11 16:56:47,33002,0.6615262,4.507734,8.6840725
2018-09-11 16:56:47,33021,0.6345254,4.342321,8.76995
2018-09-11 16:56:47,33042,0.61244076,4.2338576,8.824384
2018-09-11 16:56:47,33061,0.61244076,4.2338576,8.824384
2018-09-11 16:56:47,33081,0.61244076,4.2338576,8.824384
2018-09-11 16:56:47,33101,0.61244076,4.2338576,8.824384
2018-09-11 16:56:47,33122,0.61244076,4.2338576,8.824384
2018-09-11 16:56:47,33141,0.61244076,4.2338576,8.824384
2018-09-11 16:56:47,33161,0.61244076,4.2338576,8.824384
2018-09-11 16:56:47,33181,0.61244076,4.2338576,8.824384
2018-09-11 16:56:47,33202,0.61244076,4.2338576,8.824384
2018-09-11 16:56:47,33221,0.61244076,4.2338576,8.824384
2018-09-11 16:56:47,33241,0.61244076,4.2338576,8.824384
2018-09-11 16:56:47,33261,0.61244076,4.2338576,8.824384
2018-09-11 16:56:47,33307,0.61244076,4.2338576,8.824384
2018-09-11 16:56:47,33307,0.61244076,4.2338576,8.824384
2018-09-11 16:56:47,33322,0.61244076,4.2338576,8.824384
2018-09-11 16:56:47,33341,0.61244076,4.2338576,8.824384
2018-09-11 16:56:47,33361,0.61244076,4.2338576,8.824384
2018-09-11 16:56:47,33382,0.61244076,4.2338576,8.824384
2018-09-11 16:56:47,33401,0.61244076,4.2338576,8.824384
2018-09-11 16:56:47,33421,0.61244076,4.2338576,8.824384
2018-09-11 16:56:47,33442,0.61244076,4.2338576,8.824384
2018-09-11 16:56:47,33461,0.61244076,4.2338576,8.824384
2018-09-11 16:56:47,33481,0.61244076,4.2338576,8.824384
2018-09-11 16:56:47,33502,0.61244076,4.2338576,8.824384
2018-09-11 16:56:47,33521,0.61244076,4.2338576,8.824384
2018-09-11 16:56:47,33541,0.61244076,4.2338576,8.824384
2018-09-11 16:56:47,33562,0.61244076,4.2338576,8.824384
2018-09-11 16:56:47,33581,0.61244076,4.2338576,8.824384
2018-09-11 16:56:47,33601,0.61244076,4.2338576,8.824384
2018-09-11 16:56:47,33621,0.61244076,4.2338576,8.824384
2018-09-11 16:56:47,33641,0.61244076,4.2338576,8.824384
2018-09-11 16:56:48,33661,0.61244076,4.2338576,8.824384
2018-09-11 16:56:48,33682,0.61244076,4.2338576,8.824384
2018-09-11 16:56:48,33701,0.61244076,4.2338576,8.824384
2018-09-11 16:56:48,33721,0.61244076,4.2338576,8.824384
2018-09-11 16:56:48,33741,0.61244076,4.2338576,8.824384
2018-09-11 16:56:48,33762,0.61244076,4.2338576,8.824384
2018-09-11 16:56:48,33804,0.61244076,4.2338576,8.824384
2018-09-11 16:56:48,33804,0.61244076,4.2338576,8.824384
2018-09-11 16:56:48,33821,0.61244076,4.2338576,8.824384
2018-09-11 16:56:48,33841,0.61244076,4.2338576,8.824384
2018-09-11 16:56:48,33861,0.61244076,4.2338576,8.824384
2018-09-11 16:56:48,33882,0.61244076,4.2338576,8.824384
2018-09-11 16:56:48,33901,0.61244076,4.2338576,8.824384
2018-09-11 16:56:48,33921,0.61244076,4.2338576,8.824384
2018-09-11 16:56:48,33941,0.61244076,4.2338576,8.824384
2018-09-11 16:56:48,33962,0.61244076,4.2338576,8.824384
2018-09-11 16:56:48,33981,0.61244076,4.2338576,8.824384
2018-09-11 16:56:48,34001,0.61244076,4.2338576,8.824384
2018-09-11 16:56:48,34021,0.61244076,4.2338576,8.824384
2018-09-11 16:56:48,34042,0.61244076,4.2338576,8.824384
2018-09-11 16:56:48,34061,0.61244076,4.2338576,8.824384
2018-09-11 16:56:48,34081,0.61244076,4.2338576,8.824384
2018-09-11 16:56:48,34102,0.61244076,4.2338576,8.824384
2018-09-11 16:56:48,34121,0.61244076,4.2338576,8.824384
2018-09-11 16:56:48,34141,0.61244076,4.2338576,8.824384
2018-09-11 16:56:48,34161,0.61244076,4.2338576,8.824384
2018-09-11 16:56:48,34182,0.61244076,4.2338576,8.824384
2018-09-11 16:56:48,34201,0.61244076,4.2338576,8.824384
2018-09-11 16:56:48,34221,0.61244076,4.2338576,8.824384
2018-09-11 16:56:48,34241,0.61244076,4.2338576,8.824384
2018-09-11 16:56:48,34262,0.61244076,4.2338576,8.824384
2018-09-11 16:56:48,34281,0.61244076,4.2338576,8.824384
2018-09-11 16:56:48,34301,0.61244076,4.2338576,8.824384
2018-09-11 16:56:48,34321,0.61244076,4.2338576,8.824384
2018-09-11 16:56:48,34341,0.61244076,4.2338576,8.824384
2018-09-11 16:56:48,34362,0.61244076,4.2338576,8.824384
2018-09-11 16:56:48,34381,0.61244076,4.2338576,8.824384
2018-09-11 16:56:48,34401,0.61244076,4.2338576,8.824384
2018-09-11 16:56:48,34421,0.61244076,4.2338576,8.824384
2018-09-11 16:56:48,34442,0.61244076,4.2338576,8.824384
2018-09-11 16:56:48,34461,0.61244076,4.2338576,8.824384
2018-09-11 16:56:48,34481,0.61244076,4.2338576,8.824384
2018-09-11 16:56:48,34501,0.61244076,4.2338576,8.824384
2018-09-11 16:56:48,34522,0.61244076,4.2338576,8.824384
2018-09-11 16:56:48,34541,0.61244076,4.2338576,8.824384
2018-09-11 16:56:48,34561,0.61244076,4.2338576,8.824384
2018-09-11 16:56:48,34582,0.61244076,4.2338576,8.824384
2018-09-11 16:56:48,34601,0.61244076,4.2338576,8.824384
2018-09-11 16:56:48,34621,0.61244076,4.2338576,8.824384
2018-09-11 16:56:49,34658,0.61244076,4.2338576,8.824384
2018-09-11 16:56:49,34662,0.61244076,4.2338576,8.824384
2018-09-11 16:56:49,34681,0.61244076,4.2338576,8.824384
2018-09-11 16:56:49,34701,0.61244076,4.2338576,8.824384
2018-09-11 16:56:49,34722,0.61244076,4.2338576,8.824384
2018-09-11 16:56:49,34741,0.61244076,4.2338576,8.824384
2018-09-11 16:56:49,34761,0.61244076,4.2338576,8.824384
2018-09-11 16:56:49,34782,0.61244076,4.2338576,8.824384
2018-09-11 16:56:49,34801,0.61244076,4.2338576,8.824384
